severity,source_cell_id,similarity_score,detected
0.01,B0006,0.9999942779541016,False
0.02,B0006,0.9999827146530151,False
0.05,B0006,0.9997305274009705,False
0.1,B0006,0.9950966238975525,False
0.2,B0006,0.9796024560928345,True
0.01,B0006,0.9999960660934448,False
0.02,B0006,0.9999933242797852,False
0.05,B0006,0.9998313188552856,False
0.1,B0006,0.9980683326721191,False
0.2,B0006,0.9775955677032471,True
0.01,B0006,0.9999960660934448,False
0.02,B0006,0.9999940991401672,False
0.05,B0006,0.9997674822807312,False
0.1,B0006,0.997460663318634,False
0.2,B0006,0.9408789873123169,True
0.01,B0006,0.9999973773956299,False
0.02,B0006,0.9999949336051941,False
0.05,B0006,0.9998369216918945,False
0.1,B0006,0.9977032542228699,False
0.2,B0006,0.9724715948104858,True
0.01,B0006,0.9999904632568359,False
0.02,B0006,0.9999881386756897,False
0.05,B0006,0.9998747706413269,False
0.1,B0006,0.9944500923156738,False
0.2,B0006,0.9723237752914429,True
0.01,B0006,0.9999899864196777,False
0.02,B0006,0.9999919533729553,False
0.05,B0006,0.9998332262039185,False
0.1,B0006,0.9986597299575806,False
0.2,B0006,0.9694747924804688,True
0.01,B0006,0.9999936819076538,False
0.02,B0006,0.9999858736991882,False
0.05,B0006,0.9998108148574829,False
0.1,B0006,0.9966162443161011,False
0.2,B0006,0.8737507462501526,True
0.01,B0006,0.9999984502792358,False
0.02,B0006,0.9999954700469971,False
0.05,B0006,0.9997504949569702,False
0.1,B0006,0.9984827637672424,False
0.2,B0006,0.9573177099227905,True
0.01,B0006,0.9999924302101135,False
0.02,B0006,0.9999849796295166,False
0.05,B0006,0.9998061060905457,False
0.1,B0006,0.9969545602798462,False
0.2,B0006,0.9737086296081543,True
0.01,B0006,0.9999815821647644,False
0.02,B0006,0.9999727010726929,False
0.05,B0006,0.9997521638870239,False
0.1,B0006,0.9978474378585815,False
0.2,B0006,0.9367039203643799,True
0.01,B0006,0.9999581575393677,False
0.02,B0006,0.9999747276306152,False
0.05,B0006,0.9998527765274048,False
0.1,B0006,0.9968905448913574,False
0.2,B0006,0.9389441013336182,True
0.01,B0006,0.9999971985816956,False
0.02,B0006,0.9999957084655762,False
0.05,B0006,0.9997844696044922,False
0.1,B0006,0.9956330060958862,False
0.2,B0006,0.9593812227249146,True
0.01,B0006,0.9999958872795105,False
0.02,B0006,0.9999903440475464,False
0.05,B0006,0.999778151512146,False
0.1,B0006,0.9963026642799377,False
0.2,B0006,0.973804235458374,True
0.01,B0006,0.9999851584434509,False
0.02,B0006,0.9999889135360718,False
0.05,B0006,0.9998003244400024,False
0.1,B0006,0.9963845610618591,False
0.2,B0006,0.9456273317337036,True
0.01,B0006,0.999952495098114,False
0.02,B0006,0.9999648332595825,False
0.05,B0006,0.9998248219490051,False
0.1,B0006,0.9953972101211548,False
0.2,B0006,0.9730554819107056,True
0.01,B0006,0.9998993873596191,False
0.02,B0006,0.9998903870582581,False
0.05,B0006,0.9998667240142822,False
0.1,B0006,0.9958152174949646,False
0.2,B0006,0.9361890554428101,True
0.01,B0006,0.9999352097511292,False
0.02,B0006,0.9999148845672607,False
0.05,B0006,0.9997763633728027,False
0.1,B0006,0.997626006603241,False
0.2,B0006,0.9226098656654358,True
0.01,B0006,0.9999361634254456,False
0.02,B0006,0.999923825263977,False
0.05,B0006,0.9997460842132568,False
0.1,B0006,0.9960477352142334,False
0.2,B0006,0.9426862001419067,True
0.01,B0006,0.9999437928199768,False
0.02,B0006,0.9999569058418274,False
0.05,B0006,0.9997512698173523,False
0.1,B0006,0.9977654218673706,False
0.2,B0006,0.8548723459243774,True
0.01,B0006,0.9997901320457458,False
0.02,B0006,0.9997656941413879,False
0.05,B0006,0.9994007349014282,False
0.1,B0006,0.9981402158737183,False
0.2,B0006,0.9769735336303711,True
0.01,B0006,0.9999593496322632,False
0.02,B0006,0.9999471306800842,False
0.05,B0006,0.9998027086257935,False
0.1,B0006,0.9981023073196411,False
0.2,B0006,0.9692144393920898,True
0.01,B0006,0.9998023509979248,False
0.02,B0006,0.9997960925102234,False
0.05,B0006,0.9996885061264038,False
0.1,B0006,0.9973962306976318,False
0.2,B0006,0.9488157033920288,True
0.01,B0006,0.9995970726013184,False
0.02,B0006,0.9996399879455566,False
0.05,B0006,0.9994083642959595,False
0.1,B0006,0.9982982277870178,False
0.2,B0006,0.9666576385498047,True
0.01,B0006,0.9995560646057129,False
0.02,B0006,0.9995554685592651,False
0.05,B0006,0.9993347525596619,False
0.1,B0006,0.995152473449707,False
0.2,B0006,0.9680204391479492,True
0.01,B0006,0.9994440078735352,False
0.02,B0006,0.9993761777877808,False
0.05,B0006,0.9993578195571899,False
0.1,B0006,0.997306227684021,False
0.2,B0006,0.8250173926353455,True
0.01,B0006,0.9993908405303955,False
0.02,B0006,0.9994642734527588,False
0.05,B0006,0.9992423057556152,False
0.1,B0006,0.9965766072273254,False
0.2,B0006,0.7699236869812012,True
0.01,B0006,0.9993337988853455,False
0.02,B0006,0.9992735385894775,False
0.05,B0006,0.9995769262313843,False
0.1,B0006,0.9993728995323181,False
0.2,B0006,0.9269145727157593,True
0.01,B0006,0.9993588924407959,False
0.02,B0006,0.9993716478347778,False
0.05,B0006,0.9990139603614807,False
0.1,B0006,0.9992294311523438,False
0.2,B0006,0.9729540944099426,True
0.01,B0006,0.9994173645973206,False
0.02,B0006,0.9993911981582642,False
0.05,B0006,0.9991837739944458,False
0.1,B0006,0.9979121685028076,False
0.2,B0006,0.9518954157829285,True
0.01,B0006,0.9994187355041504,False
0.02,B0006,0.9994513988494873,False
0.05,B0006,0.9990804195404053,False
0.1,B0006,0.9963759779930115,False
0.2,B0006,0.9491969347000122,True
0.01,B0006,0.999413013458252,False
0.02,B0006,0.999466061592102,False
0.05,B0006,0.9992193579673767,False
0.1,B0006,0.9978758692741394,False
0.2,B0006,0.9710930585861206,True
0.01,B0006,0.999645471572876,False
0.02,B0006,0.9995861649513245,False
0.05,B0006,0.9996063113212585,False
0.1,B0006,0.9962696433067322,False
0.2,B0006,0.9275143146514893,True
0.01,B0006,0.9995076656341553,False
0.02,B0006,0.9994598031044006,False
0.05,B0006,0.9994372129440308,False
0.1,B0006,0.9968621134757996,False
0.2,B0006,0.9762902855873108,True
0.01,B0006,0.9991609454154968,False
0.02,B0006,0.9991803765296936,False
0.05,B0006,0.9991244673728943,False
0.1,B0006,0.9958906769752502,False
0.2,B0006,0.9788268804550171,True
0.01,B0006,0.9990436434745789,False
0.02,B0006,0.9990332722663879,False
0.05,B0006,0.9986616373062134,False
0.1,B0006,0.9980481863021851,False
0.2,B0006,0.8826161026954651,True
0.01,B0006,0.9995460510253906,False
0.02,B0006,0.999535322189331,False
0.05,B0006,0.9993523359298706,False
0.1,B0006,0.9990707635879517,False
0.2,B0006,0.9688999056816101,True
0.01,B0006,0.9992917776107788,False
0.02,B0006,0.9992988109588623,False
0.05,B0006,0.9993216395378113,False
0.1,B0006,0.9959450960159302,False
0.2,B0006,0.9602110385894775,True
0.01,B0006,0.9991391897201538,False
0.02,B0006,0.9991647005081177,False
0.05,B0006,0.9988787770271301,False
0.1,B0006,0.9973964095115662,False
0.2,B0006,0.9749459028244019,True
0.01,B0006,0.9989264607429504,False
0.02,B0006,0.9990158081054688,False
0.05,B0006,0.9987884759902954,False
0.1,B0006,0.9975849390029907,False
0.2,B0006,0.82413250207901,True
0.01,B0006,0.9991556406021118,False
0.02,B0006,0.9992795586585999,False
0.05,B0006,0.9992082715034485,False
0.1,B0006,0.994263768196106,False
0.2,B0006,0.8586457967758179,True
0.01,B0006,0.9993852376937866,False
0.02,B0006,0.9992976784706116,False
0.05,B0006,0.9991558194160461,False
0.1,B0006,0.9939203858375549,False
0.2,B0006,0.9145777821540833,True
0.01,B0006,0.9993089437484741,False
0.02,B0006,0.9992499351501465,False
0.05,B0006,0.9991031885147095,False
0.1,B0006,0.9966227412223816,False
0.2,B0006,0.941650927066803,True
0.01,B0006,0.9994077086448669,False
0.02,B0006,0.9994744658470154,False
0.05,B0006,0.9987401962280273,False
0.1,B0006,0.9974842071533203,False
0.2,B0006,0.9661852717399597,True
0.01,B0006,0.9994511008262634,False
0.02,B0006,0.9994444847106934,False
0.05,B0006,0.9989848732948303,False
0.1,B0006,0.9990837574005127,False
0.2,B0006,0.9657451510429382,True
0.01,B0006,0.9989853501319885,False
0.02,B0006,0.9990406036376953,False
0.05,B0006,0.9990849494934082,False
0.1,B0006,0.9967839121818542,False
0.2,B0006,0.9774813055992126,True
0.01,B0006,0.9987781643867493,False
0.02,B0006,0.9987598061561584,False
0.05,B0006,0.9978864789009094,False
0.1,B0006,0.9922751784324646,False
0.2,B0006,0.9789109826087952,True
0.01,B0006,0.9986844062805176,False
0.02,B0006,0.9985361099243164,False
0.05,B0006,0.998360276222229,False
0.1,B0006,0.99843430519104,False
0.2,B0006,0.9584386348724365,True
0.01,B0006,0.999020516872406,False
0.02,B0006,0.9989752769470215,False
0.05,B0006,0.9991470575332642,False
0.1,B0006,0.9962316751480103,False
0.2,B0006,0.8862926959991455,True
0.01,B0006,0.9996660947799683,False
0.02,B0006,0.9996786713600159,False
0.05,B0006,0.9992989897727966,False
0.1,B0006,0.9980881214141846,False
0.2,B0006,0.954978883266449,True
0.01,B0006,0.9997748136520386,False
0.02,B0006,0.9997674226760864,False
0.05,B0006,0.9995813369750977,False
0.1,B0006,0.9985174536705017,False
0.2,B0006,0.7943228483200073,True
0.01,B0006,0.999576210975647,False
0.02,B0006,0.9994888305664062,False
0.05,B0006,0.9996768236160278,False
0.1,B0006,0.9987998008728027,False
0.2,B0006,0.8739095330238342,True
0.01,B0006,0.9993370771408081,False
0.02,B0006,0.9993855953216553,False
0.05,B0006,0.9985637664794922,False
0.1,B0006,0.9931731224060059,False
0.2,B0006,0.7981430888175964,True
0.01,B0006,0.9990473389625549,False
0.02,B0006,0.999013364315033,False
0.05,B0006,0.9983512759208679,False
0.1,B0006,0.9964762926101685,False
0.2,B0006,0.7537317872047424,True
0.01,B0006,0.998853325843811,False
0.02,B0006,0.998833179473877,False
0.05,B0006,0.9975714087486267,False
0.1,B0006,0.9883034825325012,False
0.2,B0006,0.8887810707092285,True
0.01,B0006,0.9983035326004028,False
0.02,B0006,0.998268723487854,False
0.05,B0006,0.9979077577590942,False
0.1,B0006,0.9900014400482178,False
0.2,B0006,0.7772459387779236,True
0.01,B0006,0.9981810450553894,False
0.02,B0006,0.9981117248535156,False
0.05,B0006,0.997626781463623,False
0.1,B0006,0.9966827630996704,False
0.2,B0006,0.9643652439117432,True
0.01,B0006,0.99791419506073,False
0.02,B0006,0.9977399110794067,False
0.05,B0006,0.9983987808227539,False
0.1,B0006,0.9959316253662109,False
0.2,B0006,0.9294691681861877,True
0.01,B0006,0.9971904754638672,False
0.02,B0006,0.9974075555801392,False
0.05,B0006,0.9971359968185425,False
0.1,B0006,0.9977672100067139,False
0.2,B0006,0.9842384457588196,False
0.01,B0006,0.9969691038131714,False
0.02,B0006,0.9969634413719177,False
0.05,B0006,0.9951186180114746,False
0.1,B0006,0.9905388355255127,False
0.2,B0006,0.9662996530532837,True
0.01,B0006,0.9962520599365234,False
0.02,B0006,0.9961017370223999,False
0.05,B0006,0.9961987733840942,False
0.1,B0006,0.9923323392868042,False
0.2,B0006,0.6933530569076538,True
0.01,B0006,0.995788037776947,False
0.02,B0006,0.995842695236206,False
0.05,B0006,0.9948580265045166,False
0.1,B0006,0.9932185411453247,False
0.2,B0006,0.7364720106124878,True
0.01,B0006,0.9953325390815735,False
0.02,B0006,0.9953930377960205,False
0.05,B0006,0.9942728281021118,False
0.1,B0006,0.9849926233291626,False
0.2,B0006,0.9069697260856628,True
0.01,B0006,0.9949344992637634,False
0.02,B0006,0.9945547580718994,False
0.05,B0006,0.994134783744812,False
0.1,B0006,0.9989786148071289,False
0.2,B0006,0.9611895084381104,True
0.01,B0006,0.9954291582107544,False
0.02,B0006,0.9953112006187439,False
0.05,B0006,0.9943735003471375,False
0.1,B0006,0.9931111335754395,False
0.2,B0006,0.9315657615661621,True
0.01,B0006,0.9948718547821045,False
0.02,B0006,0.9947726726531982,False
0.05,B0006,0.9950313568115234,False
0.1,B0006,0.9839246869087219,False
0.2,B0006,0.9023323059082031,True
0.01,B0006,0.994159460067749,False
0.02,B0006,0.9940627813339233,False
0.05,B0006,0.9939337968826294,False
0.1,B0006,0.9901347160339355,False
0.2,B0006,0.9508707523345947,True
0.01,B0006,0.9942173361778259,False
0.02,B0006,0.9938994646072388,False
0.05,B0006,0.9914512634277344,False
0.1,B0006,0.9910703897476196,False
0.2,B0006,0.9048762917518616,True
0.01,B0006,0.9937677383422852,False
0.02,B0006,0.9936841726303101,False
0.05,B0006,0.9941571950912476,False
0.1,B0006,0.9916425347328186,False
0.2,B0006,0.9528285264968872,True
0.01,B0006,0.9925781488418579,False
0.02,B0006,0.9928549528121948,False
0.05,B0006,0.9942305088043213,False
0.1,B0006,0.9791996479034424,True
0.2,B0006,0.9104349613189697,True
0.01,B0006,0.9921624064445496,False
0.02,B0006,0.9920415282249451,False
0.05,B0006,0.9907947778701782,False
0.1,B0006,0.9831359386444092,False
0.2,B0006,0.941912055015564,True
0.01,B0006,0.9926393032073975,False
0.02,B0006,0.9924174547195435,False
0.05,B0006,0.9919737577438354,False
0.1,B0006,0.9821183681488037,False
0.2,B0006,0.5928797721862793,True
0.01,B0006,0.9919952154159546,False
0.02,B0006,0.9923452734947205,False
0.05,B0006,0.9879294633865356,False
0.1,B0006,0.9778598546981812,True
0.2,B0006,0.9161797761917114,True
0.01,B0006,0.9914135336875916,False
0.02,B0006,0.9906144142150879,False
0.05,B0006,0.9910825490951538,False
0.1,B0006,0.9749724268913269,True
0.2,B0006,0.7206971645355225,True
0.01,B0006,0.9910454750061035,False
0.02,B0006,0.9911493062973022,False
0.05,B0006,0.9907274842262268,False
0.1,B0006,0.9888490438461304,False
0.2,B0006,0.9231885671615601,True
0.01,B0006,0.9908115863800049,False
0.02,B0006,0.9907259941101074,False
0.05,B0006,0.9894254207611084,False
0.1,B0006,0.9899733662605286,False
0.2,B0006,0.613542914390564,True
0.01,B0006,0.9904794096946716,False
0.02,B0006,0.9903049468994141,False
0.05,B0006,0.9925825595855713,False
0.1,B0006,0.9838967323303223,False
0.2,B0006,0.8530088663101196,True
0.01,B0006,0.9897289872169495,False
0.02,B0006,0.9894065856933594,False
0.05,B0006,0.9894698858261108,False
0.1,B0006,0.9606837034225464,True
0.2,B0006,0.9374883770942688,True
0.01,B0006,0.9921655058860779,False
0.02,B0006,0.9917407035827637,False
0.05,B0006,0.9908892512321472,False
0.1,B0006,0.985386073589325,False
0.2,B0006,0.9568978548049927,True
0.01,B0006,0.9915941953659058,False
0.02,B0006,0.9909833669662476,False
0.05,B0006,0.9915148019790649,False
0.1,B0006,0.9692288637161255,True
0.2,B0006,0.9570023417472839,True
0.01,B0006,0.9902538657188416,False
0.02,B0006,0.9898737668991089,False
0.05,B0006,0.9908095598220825,False
0.1,B0006,0.9833109378814697,False
0.2,B0006,0.9500526189804077,True
0.01,B0006,0.9889920353889465,False
0.02,B0006,0.9891018867492676,False
0.05,B0006,0.9900147318840027,False
0.1,B0006,0.9771231412887573,True
0.2,B0006,0.9537501335144043,True
0.01,B0006,0.9877539873123169,False
0.02,B0006,0.9874730706214905,False
0.05,B0006,0.9862916469573975,False
0.1,B0006,0.9563808441162109,True
0.2,B0006,0.9439858198165894,True
0.01,B0006,0.9868191480636597,False
0.02,B0006,0.986903190612793,False
0.05,B0006,0.9887453317642212,False
0.1,B0006,0.9686190485954285,True
0.2,B0006,0.9535748362541199,True
0.01,B0006,0.9864893555641174,False
0.02,B0006,0.9867130517959595,False
0.05,B0006,0.9833282828330994,False
0.1,B0006,0.962836742401123,True
0.2,B0006,0.7074557542800903,True
0.01,B0006,0.9866397380828857,False
0.02,B0006,0.9872134923934937,False
0.05,B0006,0.981554388999939,False
0.1,B0006,0.968726634979248,True
0.2,B0006,0.6904947757720947,True
0.01,B0006,0.9873718023300171,False
0.02,B0006,0.9874531030654907,False
0.05,B0006,0.9859188795089722,False
0.1,B0006,0.9877559542655945,False
0.2,B0006,0.7114592790603638,True
0.01,B0006,0.9862858653068542,False
0.02,B0006,0.9865725040435791,False
0.05,B0006,0.9828087091445923,False
0.1,B0006,0.9911143779754639,False
0.2,B0006,0.9464936256408691,True
0.01,B0006,0.9850675463676453,False
0.02,B0006,0.9848545789718628,False
0.05,B0006,0.9787022471427917,True
0.1,B0006,0.9655095934867859,True
0.2,B0006,0.9197134971618652,True
0.01,B0006,0.9847063422203064,False
0.02,B0006,0.9841765761375427,False
0.05,B0006,0.9846854209899902,False
0.1,B0006,0.9803495407104492,True
0.2,B0006,0.9627324938774109,True
0.01,B0006,0.9937775731086731,False
0.02,B0006,0.9937103986740112,False
0.05,B0006,0.9925264716148376,False
0.1,B0006,0.9669750928878784,True
0.2,B0006,0.7014215588569641,True
0.01,B0006,0.9940495491027832,False
0.02,B0006,0.9936997294425964,False
0.05,B0006,0.9954040050506592,False
0.1,B0006,0.9912275671958923,False
0.2,B0006,0.9645814299583435,True
0.01,B0006,0.9916872978210449,False
0.02,B0006,0.9921251535415649,False
0.05,B0006,0.9911738038063049,False
0.1,B0006,0.9683011174201965,True
0.2,B0006,0.7339811325073242,True
0.01,B0006,0.9907727837562561,False
0.02,B0006,0.9908474087715149,False
0.05,B0006,0.9909185171127319,False
0.1,B0006,0.9918149709701538,False
0.2,B0006,0.938820481300354,True
0.01,B0006,0.9906619191169739,False
0.02,B0006,0.9909521341323853,False
0.05,B0006,0.9914336204528809,False
0.1,B0006,0.983768105506897,False
0.2,B0006,0.889603853225708,True
0.01,B0006,0.9893625974655151,False
0.02,B0006,0.9890260100364685,False
0.05,B0006,0.9898163676261902,False
0.1,B0006,0.9919975996017456,False
0.2,B0006,0.6857616901397705,True
0.01,B0006,0.9889934062957764,False
0.02,B0006,0.9887655973434448,False
0.05,B0006,0.9896018505096436,False
0.1,B0006,0.9584915041923523,True
0.2,B0006,0.9727287292480469,True
0.01,B0006,0.9883464574813843,False
0.02,B0006,0.987764298915863,False
0.05,B0006,0.9880920648574829,False
0.1,B0006,0.9736081957817078,True
0.2,B0006,0.876365602016449,True
0.01,B0006,0.986663281917572,False
0.02,B0006,0.9862804412841797,False
0.05,B0006,0.9886558651924133,False
0.1,B0006,0.9635390043258667,True
0.2,B0006,0.9450228214263916,True
0.01,B0006,0.9865087270736694,False
0.02,B0006,0.9860864877700806,False
0.05,B0006,0.9867971539497375,False
0.1,B0006,0.9798280000686646,True
0.2,B0006,0.9620559811592102,True
0.01,B0006,0.9858924746513367,False
0.02,B0006,0.9860042929649353,False
0.05,B0006,0.9818735122680664,False
0.1,B0006,0.9708110094070435,True
0.2,B0006,0.9208542108535767,True
0.01,B0006,0.9855377674102783,False
0.02,B0006,0.9853098392486572,False
0.05,B0006,0.9845296144485474,False
0.1,B0006,0.9726251363754272,True
0.2,B0006,0.9249023199081421,True
0.01,B0006,0.9854381680488586,False
0.02,B0006,0.985180675983429,False
0.05,B0006,0.9845041632652283,False
0.1,B0006,0.9731093645095825,True
0.2,B0006,0.9254564046859741,True
0.01,B0006,0.9839755296707153,False
0.02,B0006,0.9840431213378906,False
0.05,B0006,0.9820693731307983,False
0.1,B0006,0.9795454740524292,True
0.2,B0006,0.9192736148834229,True
0.01,B0006,0.9858351945877075,False
0.02,B0006,0.9860687255859375,False
0.05,B0006,0.9863520860671997,False
0.1,B0006,0.9850943088531494,False
0.2,B0006,0.7624379396438599,True
0.01,B0006,0.9840941429138184,False
0.02,B0006,0.9836498498916626,False
0.05,B0006,0.9833580851554871,False
0.1,B0006,0.9795305728912354,True
0.2,B0006,0.9617778062820435,True
0.01,B0006,0.9833237528800964,False
0.02,B0006,0.9832916259765625,False
0.05,B0006,0.9765049815177917,True
0.1,B0006,0.9750462770462036,True
0.2,B0006,0.5232100486755371,True
0.01,B0006,0.9845585227012634,False
0.02,B0006,0.9848864078521729,False
0.05,B0006,0.9816508889198303,False
0.1,B0006,0.9714455604553223,True
0.2,B0006,0.9285885691642761,True
0.01,B0006,0.9823788404464722,False
0.02,B0006,0.9825000762939453,False
0.05,B0006,0.9823496341705322,False
0.1,B0006,0.9767991304397583,True
0.2,B0006,0.9343596696853638,True
0.01,B0006,0.9814314842224121,False
0.02,B0006,0.9810335636138916,False
0.05,B0006,0.9788451194763184,True
0.1,B0006,0.9815785884857178,False
0.2,B0006,0.9491252899169922,True
0.01,B0006,0.9803754091262817,True
0.02,B0006,0.9802148342132568,True
0.05,B0006,0.9779815673828125,True
0.1,B0006,0.9612236618995667,True
0.2,B0006,0.9229309558868408,True
0.01,B0006,0.9808332920074463,True
0.02,B0006,0.9817030429840088,False
0.05,B0006,0.9734535813331604,True
0.1,B0006,0.9741069674491882,True
0.2,B0006,0.7914494276046753,True
0.01,B0006,0.9812237024307251,False
0.02,B0006,0.9805068969726562,True
0.05,B0006,0.9795739650726318,True
0.1,B0006,0.9890143871307373,False
0.2,B0006,0.9558086395263672,True
0.01,B0006,0.9784504771232605,True
0.02,B0006,0.9787647724151611,True
0.05,B0006,0.9764447212219238,True
0.1,B0006,0.9544957876205444,True
0.2,B0006,0.6341346502304077,True
0.01,B0006,0.977564811706543,True
0.02,B0006,0.9771450161933899,True
0.05,B0006,0.9820141792297363,False
0.1,B0006,0.9513874053955078,True
0.2,B0006,0.7686359882354736,True
0.01,B0006,0.9780516624450684,True
0.02,B0006,0.9783186912536621,True
0.05,B0006,0.979638934135437,True
0.1,B0006,0.9374588131904602,True
0.2,B0006,0.6355636119842529,True
0.01,B0006,0.9780968427658081,True
0.02,B0006,0.9784908890724182,True
0.05,B0006,0.9738993644714355,True
0.1,B0006,0.9713014364242554,True
0.2,B0006,0.9274536371231079,True
0.01,B0006,0.9788823127746582,True
0.02,B0006,0.9788218140602112,True
0.05,B0006,0.9725048542022705,True
0.1,B0006,0.9689968228340149,True
0.2,B0006,0.9406270384788513,True
0.01,B0006,0.9781247973442078,True
0.02,B0006,0.9790205955505371,True
0.05,B0006,0.9754735231399536,True
0.1,B0006,0.9742292165756226,True
0.2,B0006,0.9535313844680786,True
0.01,B0006,0.9758049845695496,True
0.02,B0006,0.9751129150390625,True
0.05,B0006,0.9675470590591431,True
0.1,B0006,0.9723597764968872,True
0.2,B0006,0.6560685038566589,True
0.01,B0006,0.9802300930023193,True
0.02,B0006,0.9802200794219971,True
0.05,B0006,0.9807371497154236,True
0.1,B0006,0.9809288382530212,True
0.2,B0006,0.8893631100654602,True
0.01,B0006,0.9814344048500061,False
0.02,B0006,0.9816117882728577,False
0.05,B0006,0.9859456419944763,False
0.1,B0006,0.9746168255805969,True
0.2,B0006,0.9218610525131226,True
0.01,B0006,0.9801002740859985,True
0.02,B0006,0.9798637628555298,True
0.05,B0006,0.9780498743057251,True
0.1,B0006,0.9532362818717957,True
0.2,B0006,0.5290497541427612,True
0.01,B0006,0.9808650612831116,True
0.02,B0006,0.9802499413490295,True
0.05,B0006,0.9796456694602966,True
0.1,B0006,0.940081000328064,True
0.2,B0006,0.8671165704727173,True
0.01,B0006,0.9803932905197144,True
0.02,B0006,0.9803640842437744,True
0.05,B0006,0.9847691655158997,False
0.1,B0006,0.9694288969039917,True
0.2,B0006,0.7862790822982788,True
0.01,B0006,0.9793647527694702,True
0.02,B0006,0.9796148538589478,True
0.05,B0006,0.9757272005081177,True
0.1,B0006,0.9527442455291748,True
0.2,B0006,0.6453046798706055,True
0.01,B0006,0.9792894124984741,True
0.02,B0006,0.9800155758857727,True
0.05,B0006,0.9727732539176941,True
0.1,B0006,0.9412232637405396,True
0.2,B0006,0.9448970556259155,True
0.01,B0006,0.9788337349891663,True
0.02,B0006,0.9786582589149475,True
0.05,B0006,0.9744418263435364,True
0.1,B0006,0.9652602672576904,True
0.2,B0006,0.8850170373916626,True
0.01,B0006,0.9783549308776855,True
0.02,B0006,0.9783790111541748,True
0.05,B0006,0.9774044752120972,True
0.1,B0006,0.9888564944267273,False
0.2,B0006,0.5413478016853333,True
0.01,B0006,0.9780398607254028,True
0.02,B0006,0.9777736663818359,True
0.05,B0006,0.9717482328414917,True
0.1,B0006,0.9559412598609924,True
0.2,B0006,0.963544487953186,True
0.01,B0006,0.9776358008384705,True
0.02,B0006,0.9778323173522949,True
0.05,B0006,0.9780635237693787,True
0.1,B0006,0.9448725581169128,True
0.2,B0006,0.9108468294143677,True
0.01,B0006,0.9771526455879211,True
0.02,B0006,0.9769093990325928,True
0.05,B0006,0.9790798425674438,True
0.1,B0006,0.9296969175338745,True
0.2,B0006,0.8828630447387695,True
0.01,B0006,0.9777214527130127,True
0.02,B0006,0.9772767424583435,True
0.05,B0006,0.9768335223197937,True
0.1,B0006,0.9427267909049988,True
0.2,B0006,0.9475268721580505,True
0.01,B0006,0.9762805700302124,True
0.02,B0006,0.9753538966178894,True
0.05,B0006,0.9782434105873108,True
0.1,B0006,0.9678533673286438,True
0.2,B0006,0.9522803425788879,True
0.01,B0006,0.9801269769668579,True
0.02,B0006,0.9802896976470947,True
0.05,B0006,0.9805947542190552,True
0.1,B0006,0.9787275791168213,True
0.2,B0006,0.8121752738952637,True
0.01,B0006,0.9793270230293274,True
0.02,B0006,0.9783174991607666,True
0.05,B0006,0.9718923568725586,True
0.1,B0006,0.9522478580474854,True
0.2,B0006,0.9052232503890991,True
0.01,B0006,0.9787061810493469,True
0.02,B0006,0.9789326786994934,True
0.05,B0006,0.9749233722686768,True
0.1,B0006,0.9603657126426697,True
0.2,B0006,0.6498770713806152,True
0.01,B0006,0.9783545732498169,True
0.02,B0006,0.9789204597473145,True
0.05,B0006,0.9778770804405212,True
0.1,B0006,0.9757373332977295,True
0.2,B0006,0.9876124858856201,False
0.01,B0006,0.9763692617416382,True
0.02,B0006,0.9761404991149902,True
0.05,B0006,0.9819540977478027,False
0.1,B0006,0.9372745156288147,True
0.2,B0006,0.9616042375564575,True
0.01,B0006,0.9754766821861267,True
0.02,B0006,0.9758864641189575,True
0.05,B0006,0.9754465818405151,True
0.1,B0006,0.9828073382377625,False
0.2,B0006,0.9393724203109741,True
0.01,B0006,0.9761432409286499,True
0.02,B0006,0.9760852456092834,True
0.05,B0006,0.9762088060379028,True
0.1,B0006,0.9682376384735107,True
0.2,B0006,0.8158831596374512,True
0.01,B0006,0.9769096374511719,True
0.02,B0006,0.97768634557724,True
0.05,B0006,0.9773479700088501,True
0.1,B0006,0.9709857702255249,True
0.2,B0006,0.9023200273513794,True
0.01,B0006,0.9758194088935852,True
0.02,B0006,0.9765710234642029,True
0.05,B0006,0.9730255007743835,True
0.1,B0006,0.9509429931640625,True
0.2,B0006,0.8373450040817261,True
0.01,B0006,0.974587619304657,True
0.02,B0006,0.974800705909729,True
0.05,B0006,0.9720680713653564,True
0.1,B0006,0.940815806388855,True
0.2,B0006,0.5174647569656372,True
0.01,B0006,0.9743760228157043,True
0.02,B0006,0.9733502864837646,True
0.05,B0006,0.9823428392410278,False
0.1,B0006,0.9682693481445312,True
0.2,B0006,0.8330047726631165,True
0.01,B0006,0.9743368029594421,True
0.02,B0006,0.974765419960022,True
0.05,B0006,0.9700939655303955,True
0.1,B0006,0.9593796730041504,True
0.2,B0006,0.909713625907898,True
0.01,B0006,0.9752194881439209,True
0.02,B0006,0.975861668586731,True
0.05,B0006,0.969718873500824,True
0.1,B0006,0.9584652185440063,True
0.2,B0006,0.71973717212677,True
0.01,B0006,0.9748730063438416,True
0.02,B0006,0.9759967923164368,True
0.05,B0006,0.9795833826065063,True
0.1,B0006,0.967349648475647,True
0.2,B0006,0.7343992590904236,True
0.01,B0006,0.9728720784187317,True
0.02,B0006,0.9724670052528381,True
0.05,B0006,0.9676507711410522,True
0.1,B0006,0.9596881866455078,True
0.2,B0006,0.8887807130813599,True
0.01,B0006,0.97300785779953,True
0.02,B0006,0.9738649725914001,True
0.05,B0006,0.9648703932762146,True
0.1,B0006,0.9621742963790894,True
0.2,B0006,0.47198736667633057,True
0.01,B0006,0.973520040512085,True
0.02,B0006,0.9730362296104431,True
0.05,B0006,0.9725874066352844,True
0.1,B0006,0.968902587890625,True
0.2,B0006,0.9263450503349304,True
0.01,B0006,0.9751188158988953,True
0.02,B0006,0.9752628207206726,True
0.05,B0006,0.9766482710838318,True
0.1,B0006,0.9622817039489746,True
0.2,B0006,0.7607498168945312,True
0.01,B0006,0.9712629318237305,True
0.02,B0006,0.970646321773529,True
0.05,B0006,0.972639799118042,True
0.1,B0006,0.955405592918396,True
0.2,B0006,0.6712819933891296,True
0.01,B0006,0.9704405069351196,True
0.02,B0006,0.9710766673088074,True
0.05,B0006,0.974906325340271,True
0.1,B0006,0.9446227550506592,True
0.2,B0006,0.8986694812774658,True
0.01,B0006,0.9680964946746826,True
0.02,B0006,0.9685420989990234,True
0.05,B0006,0.9642999768257141,True
0.1,B0006,0.9886332750320435,False
0.2,B0006,0.8838801383972168,True
0.01,B0006,0.9675192832946777,True
0.02,B0006,0.9671246409416199,True
0.05,B0006,0.9663345813751221,True
0.1,B0006,0.9614911079406738,True
0.2,B0006,0.904579758644104,True
0.01,B0006,0.9658892750740051,True
0.02,B0006,0.9647563099861145,True
0.05,B0006,0.9640870094299316,True
0.1,B0006,0.9590703845024109,True
0.2,B0006,0.5496426820755005,True
0.01,B0006,0.9650854468345642,True
0.02,B0006,0.9651758074760437,True
0.05,B0006,0.9649825096130371,True
0.1,B0006,0.9440532326698303,True
0.2,B0006,0.9792255163192749,True
0.01,B0006,0.9646211862564087,True
0.02,B0006,0.9649948477745056,True
0.05,B0006,0.9529361128807068,True
0.1,B0006,0.9545636177062988,True
0.2,B0006,0.8681037425994873,True
0.01,B0006,0.9643570780754089,True
0.02,B0006,0.9632991552352905,True
0.05,B0006,0.9637622833251953,True
0.1,B0006,0.9206711053848267,True
0.2,B0006,0.849604070186615,True
0.01,B0006,0.9618771076202393,True
0.02,B0006,0.9617635607719421,True
0.05,B0006,0.9624419808387756,True
0.1,B0006,0.9613059759140015,True
0.2,B0006,0.872590959072113,True
0.01,B0006,0.9616050720214844,True
0.02,B0006,0.9610758423805237,True
0.05,B0006,0.963302731513977,True
0.1,B0006,0.8971904516220093,True
0.2,B0006,0.9807441234588623,True
0.01,B0006,0.9609208703041077,True
0.02,B0006,0.9591587781906128,True
0.05,B0006,0.9494436979293823,True
0.1,B0006,0.9723818302154541,True
0.2,B0006,0.8652669191360474,True
0.01,B0006,0.9594406485557556,True
0.02,B0006,0.9589345455169678,True
0.05,B0006,0.9533618092536926,True
0.1,B0006,0.9708681106567383,True
0.2,B0006,0.9139947891235352,True
0.01,B0006,0.9565374851226807,True
0.02,B0006,0.9578847885131836,True
0.05,B0006,0.9530842304229736,True
0.1,B0006,0.9471809267997742,True
0.2,B0006,0.7497618794441223,True
0.01,B0006,0.9576515555381775,True
0.02,B0006,0.958048403263092,True
0.05,B0006,0.959321916103363,True
0.1,B0006,0.9441747665405273,True
0.2,B0006,0.9226656556129456,True
0.01,B0006,0.9559938907623291,True
0.02,B0006,0.9549235701560974,True
0.05,B0006,0.962744414806366,True
0.1,B0006,0.924455463886261,True
0.2,B0006,0.7815881371498108,True
0.01,B0006,0.9604358673095703,True
0.02,B0006,0.9590837955474854,True
0.05,B0006,0.9561238884925842,True
0.1,B0006,0.9301522970199585,True
0.2,B0006,0.7329110503196716,True
0.01,B0006,0.9600914716720581,True
0.02,B0006,0.9591959714889526,True
0.05,B0006,0.9624120593070984,True
0.1,B0006,0.933618426322937,True
0.2,B0006,0.8815553188323975,True
0.01,B0007,0.9999642968177795,False
0.02,B0007,0.9999571442604065,False
0.05,B0007,0.9997803568840027,False
0.1,B0007,0.99702388048172,False
0.2,B0007,0.9485241770744324,True
0.01,B0007,0.9999587535858154,False
0.02,B0007,0.9999680519104004,False
0.05,B0007,0.9996528029441833,False
0.1,B0007,0.9964123368263245,False
0.2,B0007,0.9442936182022095,True
0.01,B0007,0.9999945163726807,False
0.02,B0007,0.9999856948852539,False
0.05,B0007,0.9995582699775696,False
0.1,B0007,0.9974939823150635,False
0.2,B0007,0.9576708078384399,True
0.01,B0007,0.999976634979248,False
0.02,B0007,0.9999666810035706,False
0.05,B0007,0.9997677803039551,False
0.1,B0007,0.9911631345748901,False
0.2,B0007,0.946568489074707,True
0.01,B0007,0.9999684691429138,False
0.02,B0007,0.9999697208404541,False
0.05,B0007,0.9998224377632141,False
0.1,B0007,0.9977091550827026,False
0.2,B0007,0.872204065322876,True
0.01,B0007,0.9999890327453613,False
0.02,B0007,0.9999774694442749,False
0.05,B0007,0.9997577667236328,False
0.1,B0007,0.9956848621368408,False
0.2,B0007,0.9655779600143433,True
0.01,B0007,0.9999847412109375,False
0.02,B0007,0.9999816417694092,False
0.05,B0007,0.9997760057449341,False
0.1,B0007,0.9956346750259399,False
0.2,B0007,0.9626915454864502,True
0.01,B0007,0.9997337460517883,False
0.02,B0007,0.9997115135192871,False
0.05,B0007,0.9993028044700623,False
0.1,B0007,0.9977604150772095,False
0.2,B0007,0.9668632745742798,True
0.01,B0007,0.9996383190155029,False
0.02,B0007,0.9996578693389893,False
0.05,B0007,0.9994775652885437,False
0.1,B0007,0.9988647699356079,False
0.2,B0007,0.9318065643310547,True
0.01,B0007,0.9996308088302612,False
0.02,B0007,0.9996592402458191,False
0.05,B0007,0.9993922710418701,False
0.1,B0007,0.9974972605705261,False
0.2,B0007,0.9380426406860352,True
0.01,B0007,0.9994575381278992,False
0.02,B0007,0.9995282888412476,False
0.05,B0007,0.99908846616745,False
0.1,B0007,0.9952848553657532,False
0.2,B0007,0.9612411260604858,True
0.01,B0007,0.9995318651199341,False
0.02,B0007,0.9995840191841125,False
0.05,B0007,0.9995521306991577,False
0.1,B0007,0.997542142868042,False
0.2,B0007,0.944419801235199,True
0.01,B0007,0.9994543194770813,False
0.02,B0007,0.999502956867218,False
0.05,B0007,0.9993650913238525,False
0.1,B0007,0.9954530000686646,False
0.2,B0007,0.9457656145095825,True
0.01,B0007,0.9994029402732849,False
0.02,B0007,0.9994363784790039,False
0.05,B0007,0.9993852376937866,False
0.1,B0007,0.9962062835693359,False
0.2,B0007,0.8952071070671082,True
0.01,B0007,0.9992651343345642,False
0.02,B0007,0.9991594552993774,False
0.05,B0007,0.999737024307251,False
0.1,B0007,0.9971455335617065,False
0.2,B0007,0.961899995803833,True
0.01,B0007,0.9990878701210022,False
0.02,B0007,0.9990864992141724,False
0.05,B0007,0.9989995956420898,False
0.1,B0007,0.9963617920875549,False
0.2,B0007,0.9574445486068726,True
0.01,B0007,0.998677134513855,False
0.02,B0007,0.9987096786499023,False
0.05,B0007,0.9989827871322632,False
0.1,B0007,0.9947459101676941,False
0.2,B0007,0.6361910104751587,True
0.01,B0007,0.998727560043335,False
0.02,B0007,0.9987766146659851,False
0.05,B0007,0.9989175796508789,False
0.1,B0007,0.9978150725364685,False
0.2,B0007,0.9479771256446838,True
0.01,B0007,0.9987397789955139,False
0.02,B0007,0.9988031387329102,False
0.05,B0007,0.998873233795166,False
0.1,B0007,0.9978976249694824,False
0.2,B0007,0.95497065782547,True
0.01,B0007,0.9997034668922424,False
0.02,B0007,0.9996981620788574,False
0.05,B0007,0.9995970129966736,False
0.1,B0007,0.9961868524551392,False
0.2,B0007,0.9464994668960571,True
0.01,B0007,0.9996073842048645,False
0.02,B0007,0.9996012449264526,False
0.05,B0007,0.9995995759963989,False
0.1,B0007,0.9980556964874268,False
0.2,B0007,0.8996988534927368,True
0.01,B0007,0.9994404315948486,False
0.02,B0007,0.9993873238563538,False
0.05,B0007,0.9989656209945679,False
0.1,B0007,0.9952131509780884,False
0.2,B0007,0.9678375720977783,True
0.01,B0007,0.9991302490234375,False
0.02,B0007,0.9992174506187439,False
0.05,B0007,0.9994120597839355,False
0.1,B0007,0.9970272779464722,False
0.2,B0007,0.9530400633811951,True
0.01,B0007,0.9990737438201904,False
0.02,B0007,0.9990240931510925,False
0.05,B0007,0.9992531538009644,False
0.1,B0007,0.9958986043930054,False
0.2,B0007,0.9007141590118408,True
0.01,B0007,0.9983309507369995,False
0.02,B0007,0.9983763694763184,False
0.05,B0007,0.9989921450614929,False
0.1,B0007,0.9959967136383057,False
0.2,B0007,0.9459364414215088,True
0.01,B0007,0.9981966018676758,False
0.02,B0007,0.9982377290725708,False
0.05,B0007,0.9971499443054199,False
0.1,B0007,0.99076247215271,False
0.2,B0007,0.9457212686538696,True
0.01,B0007,0.9981101155281067,False
0.02,B0007,0.9981671571731567,False
0.05,B0007,0.9982125759124756,False
0.1,B0007,0.9972195625305176,False
0.2,B0007,0.9688568711280823,True
0.01,B0007,0.9980182647705078,False
0.02,B0007,0.9980237483978271,False
0.05,B0007,0.998163640499115,False
0.1,B0007,0.9971456527709961,False
0.2,B0007,0.9608737230300903,True
0.01,B0007,0.9980572462081909,False
0.02,B0007,0.9981759190559387,False
0.05,B0007,0.9974422454833984,False
0.1,B0007,0.9947274923324585,False
0.2,B0007,0.9636684060096741,True
0.01,B0007,0.9980942606925964,False
0.02,B0007,0.9981503486633301,False
0.05,B0007,0.9983365535736084,False
0.1,B0007,0.9960031509399414,False
0.2,B0007,0.7866082191467285,True
0.01,B0007,0.9987285137176514,False
0.02,B0007,0.9986673593521118,False
0.05,B0007,0.9993153810501099,False
0.1,B0007,0.9971992373466492,False
0.2,B0007,0.967204213142395,True
0.01,B0007,0.9985445737838745,False
0.02,B0007,0.9984390139579773,False
0.05,B0007,0.9983763694763184,False
0.1,B0007,0.9955826997756958,False
0.2,B0007,0.9670157432556152,True
0.01,B0007,0.9982707500457764,False
0.02,B0007,0.9982390999794006,False
0.05,B0007,0.9983363151550293,False
0.1,B0007,0.9960118532180786,False
0.2,B0007,0.9739122986793518,True
0.01,B0007,0.9976641535758972,False
0.02,B0007,0.9978548884391785,False
0.05,B0007,0.9973592758178711,False
0.1,B0007,0.9955096244812012,False
0.2,B0007,0.9412040710449219,True
0.01,B0007,0.9975024461746216,False
0.02,B0007,0.9975602626800537,False
0.05,B0007,0.9984675645828247,False
0.1,B0007,0.9969034194946289,False
0.2,B0007,0.9645318984985352,True
0.01,B0007,0.9983660578727722,False
0.02,B0007,0.9982815980911255,False
0.05,B0007,0.9987863302230835,False
0.1,B0007,0.9974408149719238,False
0.2,B0007,0.9712978005409241,True
0.01,B0007,0.997970461845398,False
0.02,B0007,0.9978331327438354,False
0.05,B0007,0.9982302188873291,False
0.1,B0007,0.9972055554389954,False
0.2,B0007,0.9370245933532715,True
0.01,B0007,0.9976650476455688,False
0.02,B0007,0.9977496266365051,False
0.05,B0007,0.997295618057251,False
0.1,B0007,0.9961360692977905,False
0.2,B0007,0.9389828443527222,True
0.01,B0007,0.9974107146263123,False
0.02,B0007,0.9973496198654175,False
0.05,B0007,0.9973609447479248,False
0.1,B0007,0.9970439672470093,False
0.2,B0007,0.9536508917808533,True
0.01,B0007,0.997806966304779,False
0.02,B0007,0.9977049231529236,False
0.05,B0007,0.9978444576263428,False
0.1,B0007,0.996776819229126,False
0.2,B0007,0.8847653269767761,True
0.01,B0007,0.9984618425369263,False
0.02,B0007,0.9985475540161133,False
0.05,B0007,0.9984481334686279,False
0.1,B0007,0.9958452582359314,False
0.2,B0007,0.9551228284835815,True
0.01,B0007,0.9986793994903564,False
0.02,B0007,0.9986962080001831,False
0.05,B0007,0.9992271065711975,False
0.1,B0007,0.9971465468406677,False
0.2,B0007,0.8965487480163574,True
0.01,B0007,0.998380184173584,False
0.02,B0007,0.9983959794044495,False
0.05,B0007,0.9983717799186707,False
0.1,B0007,0.9974567890167236,False
0.2,B0007,0.9616532325744629,True
0.01,B0007,0.9978193044662476,False
0.02,B0007,0.9977539777755737,False
0.05,B0007,0.9986441135406494,False
0.1,B0007,0.9958184957504272,False
0.2,B0007,0.9217071533203125,True
0.01,B0007,0.9973540306091309,False
0.02,B0007,0.9973475337028503,False
0.05,B0007,0.9981297254562378,False
0.1,B0007,0.9963818788528442,False
0.2,B0007,0.9594911336898804,True
0.01,B0007,0.9972844123840332,False
0.02,B0007,0.9974344968795776,False
0.05,B0007,0.997188925743103,False
0.1,B0007,0.996828556060791,False
0.2,B0007,0.9455081224441528,True
0.01,B0007,0.9973123669624329,False
0.02,B0007,0.9973372220993042,False
0.05,B0007,0.9968124628067017,False
0.1,B0007,0.9968752264976501,False
0.2,B0007,0.9378840923309326,True
0.01,B0007,0.9989848136901855,False
0.02,B0007,0.999031662940979,False
0.05,B0007,0.998307466506958,False
0.1,B0007,0.9931899309158325,False
0.2,B0007,0.7892278432846069,True
0.01,B0007,0.9992460012435913,False
0.02,B0007,0.9992169737815857,False
0.05,B0007,0.9990003108978271,False
0.1,B0007,0.9966893792152405,False
0.2,B0007,0.9664610624313354,True
0.01,B0007,0.9989912509918213,False
0.02,B0007,0.9989917874336243,False
0.05,B0007,0.9987964034080505,False
0.1,B0007,0.9983542561531067,False
0.2,B0007,0.9609763622283936,True
0.01,B0007,0.9987125396728516,False
0.02,B0007,0.998769998550415,False
0.05,B0007,0.998482346534729,False
0.1,B0007,0.9980841279029846,False
0.2,B0007,0.9588207006454468,True
0.01,B0007,0.9987356066703796,False
0.02,B0007,0.9987015724182129,False
0.05,B0007,0.9992944598197937,False
0.1,B0007,0.9950895309448242,False
0.2,B0007,0.9547399878501892,True
0.01,B0007,0.9988603591918945,False
0.02,B0007,0.9987572431564331,False
0.05,B0007,0.9983818531036377,False
0.1,B0007,0.9974735975265503,False
0.2,B0007,0.9699023962020874,True
0.01,B0007,0.9992528557777405,False
0.02,B0007,0.9992354512214661,False
0.05,B0007,0.9991880655288696,False
0.1,B0007,0.9958961009979248,False
0.2,B0007,0.969207763671875,True
0.01,B0007,0.999114453792572,False
0.02,B0007,0.9990648627281189,False
0.05,B0007,0.9984186291694641,False
0.1,B0007,0.9963027834892273,False
0.2,B0007,0.9151507616043091,True
0.01,B0007,0.9990845322608948,False
0.02,B0007,0.999072790145874,False
0.05,B0007,0.9988291263580322,False
0.1,B0007,0.9971937537193298,False
0.2,B0007,0.9470487236976624,True
0.01,B0007,0.9990115165710449,False
0.02,B0007,0.9990348815917969,False
0.05,B0007,0.9991960525512695,False
0.1,B0007,0.9958723187446594,False
0.2,B0007,0.7935731410980225,True
0.01,B0007,0.9992007613182068,False
0.02,B0007,0.9992287755012512,False
0.05,B0007,0.9992125034332275,False
0.1,B0007,0.9978074431419373,False
0.2,B0007,0.9765985608100891,True
0.01,B0007,0.9994043707847595,False
0.02,B0007,0.9994757175445557,False
0.05,B0007,0.9994368553161621,False
0.1,B0007,0.9982697367668152,False
0.2,B0007,0.8940259218215942,True
0.01,B0007,0.9993492364883423,False
0.02,B0007,0.9992904663085938,False
0.05,B0007,0.9991441965103149,False
0.1,B0007,0.9947472810745239,False
0.2,B0007,0.9043574333190918,True
0.01,B0007,0.9992904663085938,False
0.02,B0007,0.999356746673584,False
0.05,B0007,0.9987357258796692,False
0.1,B0007,0.9977236390113831,False
0.2,B0007,0.9612852334976196,True
0.01,B0007,0.9991732835769653,False
0.02,B0007,0.999146580696106,False
0.05,B0007,0.9987691044807434,False
0.1,B0007,0.9956915378570557,False
0.2,B0007,0.9367261528968811,True
0.01,B0007,0.9994135499000549,False
0.02,B0007,0.9994199275970459,False
0.05,B0007,0.9994168281555176,False
0.1,B0007,0.9966340065002441,False
0.2,B0007,0.9589184522628784,True
0.01,B0007,0.9993714094161987,False
0.02,B0007,0.9993046522140503,False
0.05,B0007,0.999210774898529,False
0.1,B0007,0.9972257018089294,False
0.2,B0007,0.812077522277832,True
0.01,B0007,0.9995357990264893,False
0.02,B0007,0.9995405673980713,False
0.05,B0007,0.999559223651886,False
0.1,B0007,0.9986088275909424,False
0.2,B0007,0.8708070516586304,True
0.01,B0007,0.9995293021202087,False
0.02,B0007,0.9995627403259277,False
0.05,B0007,0.9995412230491638,False
0.1,B0007,0.9981738328933716,False
0.2,B0007,0.9751782417297363,True
0.01,B0007,0.9994792938232422,False
0.02,B0007,0.9994668960571289,False
0.05,B0007,0.999245285987854,False
0.1,B0007,0.9963470697402954,False
0.2,B0007,0.979682207107544,True
0.01,B0007,0.9994829893112183,False
0.02,B0007,0.999477207660675,False
0.05,B0007,0.999343991279602,False
0.1,B0007,0.9968305230140686,False
0.2,B0007,0.9700309038162231,True
0.01,B0007,0.9995572566986084,False
0.02,B0007,0.9996060729026794,False
0.05,B0007,0.9990925788879395,False
0.1,B0007,0.9973853230476379,False
0.2,B0007,0.9711302518844604,True
0.01,B0007,0.9995933771133423,False
0.02,B0007,0.9995571970939636,False
0.05,B0007,0.9994382262229919,False
0.1,B0007,0.9968627691268921,False
0.2,B0007,0.9650117754936218,True
0.01,B0007,0.9995778799057007,False
0.02,B0007,0.999579668045044,False
0.05,B0007,0.9993471503257751,False
0.1,B0007,0.9964008331298828,False
0.2,B0007,0.9673739075660706,True
0.01,B0007,0.9995976686477661,False
0.02,B0007,0.9996239542961121,False
0.05,B0007,0.9992518424987793,False
0.1,B0007,0.9955313801765442,False
0.2,B0007,0.766667902469635,True
0.01,B0007,0.9996103644371033,False
0.02,B0007,0.9996305704116821,False
0.05,B0007,0.9996453523635864,False
0.1,B0007,0.9958233833312988,False
0.2,B0007,0.9409195184707642,True
0.01,B0007,0.99961256980896,False
0.02,B0007,0.9996382594108582,False
0.05,B0007,0.999610185623169,False
0.1,B0007,0.9983187913894653,False
0.2,B0007,0.9539607763290405,True
0.01,B0007,0.9995790123939514,False
0.02,B0007,0.9995485544204712,False
0.05,B0007,0.9996042847633362,False
0.1,B0007,0.9984844923019409,False
0.2,B0007,0.9668428897857666,True
0.01,B0007,0.9996713399887085,False
0.02,B0007,0.9996242523193359,False
0.05,B0007,0.9995280504226685,False
0.1,B0007,0.9971669912338257,False
0.2,B0007,0.9238083362579346,True
0.01,B0007,0.9995936155319214,False
0.02,B0007,0.9995347261428833,False
0.05,B0007,0.9994957447052002,False
0.1,B0007,0.997227132320404,False
0.2,B0007,0.8909032344818115,True
0.01,B0007,0.9997245073318481,False
0.02,B0007,0.9997144937515259,False
0.05,B0007,0.9996631741523743,False
0.1,B0007,0.9984142184257507,False
0.2,B0007,0.9668313264846802,True
0.01,B0007,0.9995386600494385,False
0.02,B0007,0.999505341053009,False
0.05,B0007,0.9995714426040649,False
0.1,B0007,0.9962071776390076,False
0.2,B0007,0.9570850729942322,True
0.01,B0007,0.9993909001350403,False
0.02,B0007,0.9993836283683777,False
0.05,B0007,0.9991100430488586,False
0.1,B0007,0.9958347082138062,False
0.2,B0007,0.9663634896278381,True
0.01,B0007,0.9995549321174622,False
0.02,B0007,0.9994969367980957,False
0.05,B0007,0.9993883371353149,False
0.1,B0007,0.9955674409866333,False
0.2,B0007,0.9360096454620361,True
0.01,B0007,0.9998027682304382,False
0.02,B0007,0.9997687339782715,False
0.05,B0007,0.9996585845947266,False
0.1,B0007,0.9989599585533142,False
0.2,B0007,0.9640185832977295,True
0.01,B0007,0.999877393245697,False
0.02,B0007,0.9998770356178284,False
0.05,B0007,0.9994417428970337,False
0.1,B0007,0.9949109554290771,False
0.2,B0007,0.9346458911895752,True
0.01,B0007,0.9998812675476074,False
0.02,B0007,0.9998981356620789,False
0.05,B0007,0.9994734525680542,False
0.1,B0007,0.9983841776847839,False
0.2,B0007,0.7018954753875732,True
0.01,B0007,0.9997424483299255,False
0.02,B0007,0.9997411966323853,False
0.05,B0007,0.9996678829193115,False
0.1,B0007,0.9962695837020874,False
0.2,B0007,0.8708875179290771,True
0.01,B0007,0.9996145367622375,False
0.02,B0007,0.9995949268341064,False
0.05,B0007,0.99918133020401,False
0.1,B0007,0.994927167892456,False
0.2,B0007,0.9639028310775757,True
0.01,B0007,0.9998052716255188,False
0.02,B0007,0.9998239278793335,False
0.05,B0007,0.9993132948875427,False
0.1,B0007,0.9962232708930969,False
0.2,B0007,0.858635425567627,True
0.01,B0007,0.9998910427093506,False
0.02,B0007,0.9998974800109863,False
0.05,B0007,0.9994714260101318,False
0.1,B0007,0.9985159635543823,False
0.2,B0007,0.9651540517807007,True
0.01,B0007,0.9998521208763123,False
0.02,B0007,0.9998646974563599,False
0.05,B0007,0.9997726082801819,False
0.1,B0007,0.9962036609649658,False
0.2,B0007,0.9504653215408325,True
0.01,B0007,0.9996374845504761,False
0.02,B0007,0.9996281862258911,False
0.05,B0007,0.9995404481887817,False
0.1,B0007,0.9971323013305664,False
0.2,B0007,0.9671120643615723,True
0.01,B0007,0.9997799396514893,False
0.02,B0007,0.9997724294662476,False
0.05,B0007,0.9995541572570801,False
0.1,B0007,0.9940627813339233,False
0.2,B0007,0.9532443284988403,True
0.01,B0007,0.9997891187667847,False
0.02,B0007,0.9997660517692566,False
0.05,B0007,0.9992823004722595,False
0.1,B0007,0.9932668805122375,False
0.2,B0007,0.9179325103759766,True
0.01,B0007,0.9998626112937927,False
0.02,B0007,0.9998733997344971,False
0.05,B0007,0.9995263814926147,False
0.1,B0007,0.9959515929222107,False
0.2,B0007,0.9601138234138489,True
0.01,B0007,0.9998533129692078,False
0.02,B0007,0.9998734593391418,False
0.05,B0007,0.9998388290405273,False
0.1,B0007,0.9981155395507812,False
0.2,B0007,0.8035246133804321,True
0.01,B0007,0.9998237490653992,False
0.02,B0007,0.9998250007629395,False
0.05,B0007,0.9994940757751465,False
0.1,B0007,0.9964339733123779,False
0.2,B0007,0.8553535342216492,True
0.01,B0007,0.9998359680175781,False
0.02,B0007,0.9998565912246704,False
0.05,B0007,0.9994019269943237,False
0.1,B0007,0.9953146576881409,False
0.2,B0007,0.6646828651428223,True
0.01,B0007,0.9998763799667358,False
0.02,B0007,0.9999029040336609,False
0.05,B0007,0.9994447827339172,False
0.1,B0007,0.9943537712097168,False
0.2,B0007,0.9584110975265503,True
0.01,B0007,0.9998741149902344,False
0.02,B0007,0.9998968839645386,False
0.05,B0007,0.9992549419403076,False
0.1,B0007,0.9969590902328491,False
0.2,B0007,0.9718302488327026,True
0.01,B0007,0.9998655319213867,False
0.02,B0007,0.9999085664749146,False
0.05,B0007,0.9993544816970825,False
0.1,B0007,0.9963293671607971,False
0.2,B0007,0.9683890342712402,True
0.01,B0007,0.9998927116394043,False
0.02,B0007,0.9998769164085388,False
0.05,B0007,0.9998638033866882,False
0.1,B0007,0.9990179538726807,False
0.2,B0007,0.8599675893783569,True
0.01,B0007,0.9998752474784851,False
0.02,B0007,0.9998533725738525,False
0.05,B0007,0.9995682239532471,False
0.1,B0007,0.9986200332641602,False
0.2,B0007,0.9660957455635071,True
0.01,B0007,0.9998652338981628,False
0.02,B0007,0.9998008012771606,False
0.05,B0007,0.999168336391449,False
0.1,B0007,0.9962040185928345,False
0.2,B0007,0.8115160465240479,True
0.01,B0007,0.9998564720153809,False
0.02,B0007,0.9998865723609924,False
0.05,B0007,0.9995264410972595,False
0.1,B0007,0.9973900318145752,False
0.2,B0007,0.9653778672218323,True
0.01,B0007,0.999718189239502,False
0.02,B0007,0.9997470378875732,False
0.05,B0007,0.9995816349983215,False
0.1,B0007,0.9979256391525269,False
0.2,B0007,0.9297387599945068,True
0.01,B0007,0.9997599720954895,False
0.02,B0007,0.9997521638870239,False
0.05,B0007,0.9993391036987305,False
0.1,B0007,0.9983335733413696,False
0.2,B0007,0.9077587127685547,True
0.01,B0007,0.9998235702514648,False
0.02,B0007,0.999833345413208,False
0.05,B0007,0.9995578527450562,False
0.1,B0007,0.9967730045318604,False
0.2,B0007,0.9663020372390747,True
0.01,B0007,0.9998247623443604,False
0.02,B0007,0.9998323917388916,False
0.05,B0007,0.9996109008789062,False
0.1,B0007,0.9958938956260681,False
0.2,B0007,0.9624378681182861,True
0.01,B0007,0.9998259544372559,False
0.02,B0007,0.9998030066490173,False
0.05,B0007,0.9992020130157471,False
0.1,B0007,0.9984461665153503,False
0.2,B0007,0.905238151550293,True
0.01,B0007,0.9997807145118713,False
0.02,B0007,0.9997366666793823,False
0.05,B0007,0.9992983341217041,False
0.1,B0007,0.9966155290603638,False
0.2,B0007,0.9643866419792175,True
0.01,B0007,0.9996994733810425,False
0.02,B0007,0.999575674533844,False
0.05,B0007,0.9997547268867493,False
0.1,B0007,0.9902041554450989,False
0.2,B0007,0.9762837886810303,True
0.01,B0007,0.9997887015342712,False
0.02,B0007,0.9996792674064636,False
0.05,B0007,0.9994429349899292,False
0.1,B0007,0.9985973834991455,False
0.2,B0007,0.7905886769294739,True
0.01,B0007,0.9997917413711548,False
0.02,B0007,0.9997222423553467,False
0.05,B0007,0.9998769760131836,False
0.1,B0007,0.9918272495269775,False
0.2,B0007,0.9582235813140869,True
0.01,B0007,0.9997298717498779,False
0.02,B0007,0.9996377229690552,False
0.05,B0007,0.9995618462562561,False
0.1,B0007,0.998724102973938,False
0.2,B0007,0.9382553100585938,True
0.01,B0007,0.9995716214179993,False
0.02,B0007,0.9995550513267517,False
0.05,B0007,0.9990655779838562,False
0.1,B0007,0.9985867142677307,False
0.2,B0007,0.7628204822540283,True
0.01,B0007,0.9996532201766968,False
0.02,B0007,0.9995583295822144,False
0.05,B0007,0.9984542727470398,False
0.1,B0007,0.9953814744949341,False
0.2,B0007,0.90697181224823,True
0.01,B0007,0.9997318983078003,False
0.02,B0007,0.9996790289878845,False
0.05,B0007,0.9994502067565918,False
0.1,B0007,0.9906121492385864,False
0.2,B0007,0.946829080581665,True
0.01,B0007,0.9997372627258301,False
0.02,B0007,0.9997265934944153,False
0.05,B0007,0.9991413354873657,False
0.1,B0007,0.9946484565734863,False
0.2,B0007,0.9240458011627197,True
0.01,B0007,0.9996980428695679,False
0.02,B0007,0.9995958805084229,False
0.05,B0007,0.9993590712547302,False
0.1,B0007,0.9971309900283813,False
0.2,B0007,0.9559882283210754,True
0.01,B0007,0.9994322061538696,False
0.02,B0007,0.9994692802429199,False
0.05,B0007,0.9991898536682129,False
0.1,B0007,0.9960852265357971,False
0.2,B0007,0.9589260816574097,True
0.01,B0007,0.9997243881225586,False
0.02,B0007,0.9997104406356812,False
0.05,B0007,0.9990911483764648,False
0.1,B0007,0.9897526502609253,False
0.2,B0007,0.7592741250991821,True
0.01,B0007,0.9996973872184753,False
0.02,B0007,0.9996604919433594,False
0.05,B0007,0.9992673993110657,False
0.1,B0007,0.9945253729820251,False
0.2,B0007,0.8914159536361694,True
0.01,B0007,0.9997839331626892,False
0.02,B0007,0.9997345209121704,False
0.05,B0007,0.9993993043899536,False
0.1,B0007,0.995783269405365,False
0.2,B0007,0.9387067556381226,True
0.01,B0007,0.9998172521591187,False
0.02,B0007,0.9997410774230957,False
0.05,B0007,0.999116063117981,False
0.1,B0007,0.9954410195350647,False
0.2,B0007,0.7184568047523499,True
0.01,B0007,0.9997999668121338,False
0.02,B0007,0.999811053276062,False
0.05,B0007,0.9998176693916321,False
0.1,B0007,0.9951343536376953,False
0.2,B0007,0.7733634114265442,True
0.01,B0007,0.9997397661209106,False
0.02,B0007,0.9997987747192383,False
0.05,B0007,0.9990800619125366,False
0.1,B0007,0.9982424974441528,False
0.2,B0007,0.9572694897651672,True
0.01,B0007,0.9997584819793701,False
0.02,B0007,0.9997856616973877,False
0.05,B0007,0.9990679025650024,False
0.1,B0007,0.998504638671875,False
0.2,B0007,0.8779397010803223,True
0.01,B0007,0.9997301697731018,False
0.02,B0007,0.9997670650482178,False
0.05,B0007,0.999180018901825,False
0.1,B0007,0.9966540336608887,False
0.2,B0007,0.9577375650405884,True
0.01,B0007,0.9996718168258667,False
0.02,B0007,0.9996490478515625,False
0.05,B0007,0.9994263648986816,False
0.1,B0007,0.9956157803535461,False
0.2,B0007,0.7184770703315735,True
0.01,B0007,0.9996630549430847,False
0.02,B0007,0.9996994733810425,False
0.05,B0007,0.9993807077407837,False
0.1,B0007,0.9875611066818237,False
0.2,B0007,0.9048407077789307,True
0.01,B0007,0.9996506571769714,False
0.02,B0007,0.9995697736740112,False
0.05,B0007,0.9996590614318848,False
0.1,B0007,0.9956783056259155,False
0.2,B0007,0.9352343678474426,True
0.01,B0007,0.999628484249115,False
0.02,B0007,0.9997206926345825,False
0.05,B0007,0.9988183379173279,False
0.1,B0007,0.9936527013778687,False
0.2,B0007,0.922039806842804,True
0.01,B0007,0.999586284160614,False
0.02,B0007,0.9995546340942383,False
0.05,B0007,0.9994003772735596,False
0.1,B0007,0.9991094470024109,False
0.2,B0007,0.9652061462402344,True
0.01,B0007,0.9996957778930664,False
0.02,B0007,0.9996438026428223,False
0.05,B0007,0.9991397261619568,False
0.1,B0007,0.9935199022293091,False
0.2,B0007,0.7989762425422668,True
0.01,B0007,0.999718189239502,False
0.02,B0007,0.9997377991676331,False
0.05,B0007,0.9993715286254883,False
0.1,B0007,0.9956860542297363,False
0.2,B0007,0.9607080221176147,True
0.01,B0007,0.9996570944786072,False
0.02,B0007,0.9995849132537842,False
0.05,B0007,0.9994875192642212,False
0.1,B0007,0.9937945604324341,False
0.2,B0007,0.9645782113075256,True
0.01,B0007,0.999586820602417,False
0.02,B0007,0.9996764063835144,False
0.05,B0007,0.9988816976547241,False
0.1,B0007,0.996670663356781,False
0.2,B0007,0.9768059253692627,True
0.01,B0007,0.9995465278625488,False
0.02,B0007,0.9995759725570679,False
0.05,B0007,0.9995432496070862,False
0.1,B0007,0.9954354763031006,False
0.2,B0007,0.9586730003356934,True
0.01,B0007,0.9995947480201721,False
0.02,B0007,0.9995766878128052,False
0.05,B0007,0.9997743368148804,False
0.1,B0007,0.9949895143508911,False
0.2,B0007,0.9485927224159241,True
0.01,B0007,0.9994973540306091,False
0.02,B0007,0.9994704127311707,False
0.05,B0007,0.9985953569412231,False
0.1,B0007,0.997324526309967,False
0.2,B0007,0.7761456966400146,True
0.01,B0007,0.9995454549789429,False
0.02,B0007,0.9995526075363159,False
0.05,B0007,0.9988236427307129,False
0.1,B0007,0.9952816963195801,False
0.2,B0007,0.9318673610687256,True
0.01,B0007,0.9995021820068359,False
0.02,B0007,0.9995446801185608,False
0.05,B0007,0.9993001818656921,False
0.1,B0007,0.9936433434486389,False
0.2,B0007,0.6722085475921631,True
0.01,B0007,0.9994226694107056,False
0.02,B0007,0.9993710517883301,False
0.05,B0007,0.9989161491394043,False
0.1,B0007,0.993375837802887,False
0.2,B0007,0.9066689014434814,True
0.01,B0007,0.9994100332260132,False
0.02,B0007,0.999423086643219,False
0.05,B0007,0.9994136095046997,False
0.1,B0007,0.9904546737670898,False
0.2,B0007,0.9532359838485718,True
0.01,B0007,0.9994153380393982,False
0.02,B0007,0.9993798732757568,False
0.05,B0007,0.9987616539001465,False
0.1,B0007,0.9947381019592285,False
0.2,B0007,0.9706560969352722,True
0.01,B0007,0.9993348121643066,False
0.02,B0007,0.9992809295654297,False
0.05,B0007,0.9990905523300171,False
0.1,B0007,0.9926754832267761,False
0.2,B0007,0.9654030203819275,True
0.01,B0007,0.9992788434028625,False
0.02,B0007,0.9993202686309814,False
0.05,B0007,0.9983614683151245,False
0.1,B0007,0.9934534430503845,False
0.2,B0007,0.9537206888198853,True
0.01,B0007,0.9990776777267456,False
0.02,B0007,0.998955249786377,False
0.05,B0007,0.998430609703064,False
0.1,B0007,0.9880954027175903,False
0.2,B0007,0.9513230323791504,True
0.01,B0007,0.9991065859794617,False
0.02,B0007,0.9992205500602722,False
0.05,B0007,0.9989516735076904,False
0.1,B0007,0.9969128966331482,False
0.2,B0007,0.6586061120033264,True
0.01,B0007,0.9992767572402954,False
0.02,B0007,0.9991981983184814,False
0.05,B0007,0.9986066818237305,False
0.1,B0007,0.9943819642066956,False
0.2,B0007,0.7809163331985474,True
0.01,B0007,0.9992092847824097,False
0.02,B0007,0.9990350008010864,False
0.05,B0007,0.9979056119918823,False
0.1,B0007,0.9926292896270752,False
0.2,B0007,0.8493075370788574,True
0.01,B0007,0.9996047019958496,False
0.02,B0007,0.9995962977409363,False
0.05,B0007,0.9986587762832642,False
0.1,B0007,0.9958449602127075,False
0.2,B0007,0.9648144245147705,True
0.01,B0007,0.9994655251502991,False
0.02,B0007,0.9994561672210693,False
0.05,B0007,0.99937504529953,False
0.1,B0007,0.9943525791168213,False
0.2,B0007,0.952471137046814,True
0.01,B0007,0.9994418621063232,False
0.02,B0007,0.9994760751724243,False
0.05,B0007,0.9994826316833496,False
0.1,B0007,0.9979314208030701,False
0.2,B0007,0.9115246534347534,True
0.01,B0007,0.9991793632507324,False
0.02,B0007,0.9992387294769287,False
0.05,B0007,0.9989081025123596,False
0.1,B0007,0.9952292442321777,False
0.2,B0007,0.9696334004402161,True
0.01,B0007,0.999160885810852,False
0.02,B0007,0.9992080330848694,False
0.05,B0007,0.9992833137512207,False
0.1,B0007,0.9916856288909912,False
0.2,B0007,0.9623005390167236,True
0.01,B0007,0.9989782571792603,False
0.02,B0007,0.9991852045059204,False
0.05,B0007,0.9984433650970459,False
0.1,B0007,0.9932670593261719,False
0.2,B0007,0.7399511337280273,True
0.01,B0007,0.9991319179534912,False
0.02,B0007,0.9991322159767151,False
0.05,B0007,0.999257504940033,False
0.1,B0007,0.9959051609039307,False
0.2,B0007,0.9803513884544373,True
0.01,B0007,0.9990279078483582,False
0.02,B0007,0.9989883899688721,False
0.05,B0007,0.9978387355804443,False
0.1,B0007,0.9954100251197815,False
0.2,B0007,0.6982945799827576,True
0.01,B0007,0.9989314079284668,False
0.02,B0007,0.9989327788352966,False
0.05,B0007,0.9975634813308716,False
0.1,B0007,0.9798281192779541,True
0.2,B0007,0.6431602239608765,True
0.01,B0007,0.9989566802978516,False
0.02,B0007,0.9989962577819824,False
0.05,B0007,0.9990209937095642,False
0.1,B0007,0.9979102611541748,False
0.2,B0007,0.8359737992286682,True
0.01,B0007,0.9989349842071533,False
0.02,B0007,0.9988725185394287,False
0.05,B0007,0.9981714487075806,False
0.1,B0007,0.9935429692268372,False
0.2,B0007,0.9516154527664185,True
0.01,B0007,0.9988869428634644,False
0.02,B0007,0.9989486932754517,False
0.05,B0007,0.9981186985969543,False
0.1,B0007,0.9913062453269958,False
0.2,B0007,0.8484616279602051,True
0.01,B0007,0.9987344741821289,False
0.02,B0007,0.9989054203033447,False
0.05,B0007,0.9970850944519043,False
0.1,B0007,0.9968840479850769,False
0.2,B0007,0.9369910359382629,True
0.01,B0007,0.9988393783569336,False
0.02,B0007,0.9988440275192261,False
0.05,B0007,0.9968875646591187,False
0.1,B0007,0.9978412389755249,False
0.2,B0007,0.9275612235069275,True
0.01,B0007,0.9987475872039795,False
0.02,B0007,0.998971164226532,False
0.05,B0007,0.9981847405433655,False
0.1,B0007,0.9815772771835327,False
0.2,B0007,0.9111450910568237,True
0.01,B0007,0.9986345767974854,False
0.02,B0007,0.9986590147018433,False
0.05,B0007,0.9980121850967407,False
0.1,B0007,0.9952090978622437,False
0.2,B0007,0.9434145092964172,True
0.01,B0007,0.9992303848266602,False
0.02,B0007,0.9992163777351379,False
0.05,B0007,0.9980766177177429,False
0.1,B0007,0.9966968894004822,False
0.2,B0007,0.9715471863746643,True
0.01,B0007,0.9994014501571655,False
0.02,B0007,0.999366044998169,False
0.05,B0007,0.9995264410972595,False
0.1,B0007,0.9965755343437195,False
0.2,B0007,0.9732389450073242,True
0.01,B0025,0.9979339241981506,False
0.02,B0025,0.997860848903656,False
0.05,B0025,0.9944653511047363,False
0.1,B0025,0.9677094221115112,True
0.2,B0025,0.7784011363983154,True
0.01,B0025,0.9983764886856079,False
0.02,B0025,0.9983335733413696,False
0.05,B0025,0.9976150989532471,False
0.1,B0025,0.9708968997001648,True
0.2,B0025,0.9006398916244507,True
0.01,B0025,0.9989135265350342,False
0.02,B0025,0.9990475177764893,False
0.05,B0025,0.997681736946106,False
0.1,B0025,0.9924424886703491,False
0.2,B0025,0.8396601676940918,True
0.01,B0025,0.9983546733856201,False
0.02,B0025,0.9983941316604614,False
0.05,B0025,0.9972493648529053,False
0.1,B0025,0.9658939838409424,True
0.2,B0025,0.8042697906494141,True
0.01,B0025,0.9972691535949707,False
0.02,B0025,0.9969022870063782,False
0.05,B0025,0.9962632656097412,False
0.1,B0025,0.9642089605331421,True
0.2,B0025,0.8955175876617432,True
0.01,B0025,0.9922282695770264,False
0.02,B0025,0.9916770458221436,False
0.05,B0025,0.9870495200157166,False
0.1,B0025,0.9873143434524536,False
0.2,B0025,0.8506651520729065,True
0.01,B0025,0.9919453263282776,False
0.02,B0025,0.9924322366714478,False
0.05,B0025,0.9922885894775391,False
0.1,B0025,0.9886665344238281,False
0.2,B0025,0.8493506908416748,True
0.01,B0025,0.9921799898147583,False
0.02,B0025,0.9907703995704651,False
0.05,B0025,0.994300127029419,False
0.1,B0025,0.956028938293457,True
0.2,B0025,0.8357492089271545,True
0.01,B0025,0.9879788160324097,False
0.02,B0025,0.9877575635910034,False
0.05,B0025,0.9909672141075134,False
0.1,B0025,0.9781464338302612,True
0.2,B0025,0.9177274107933044,True
0.01,B0025,0.9872192144393921,False
0.02,B0025,0.9872835874557495,False
0.05,B0025,0.9899541139602661,False
0.1,B0025,0.9591569900512695,True
0.2,B0025,0.8298365473747253,True
0.01,B0025,0.9846972227096558,False
0.02,B0025,0.9866350293159485,False
0.05,B0025,0.9842185974121094,False
0.1,B0025,0.9736901521682739,True
0.2,B0025,0.8409392833709717,True
0.01,B0025,0.9772814512252808,True
0.02,B0025,0.975747287273407,True
0.05,B0025,0.980362057685852,True
0.1,B0025,0.9440747499465942,True
0.2,B0025,0.8679858446121216,True
0.01,B0025,0.9641135931015015,True
0.02,B0025,0.9649029970169067,True
0.05,B0025,0.9618360996246338,True
0.1,B0025,0.977432370185852,True
0.2,B0025,0.7576331496238708,True
0.01,B0025,0.9220900535583496,True
0.02,B0025,0.9262096881866455,True
0.05,B0025,0.9396705031394958,True
0.1,B0025,0.8578752875328064,True
0.2,B0025,0.6929895877838135,True
0.01,B0025,0.9700825214385986,True
0.02,B0025,0.9697877168655396,True
0.05,B0025,0.970999002456665,True
0.1,B0025,0.9679986834526062,True
0.2,B0025,0.8883563876152039,True
0.01,B0025,0.9750571250915527,True
0.02,B0025,0.9754600524902344,True
0.05,B0025,0.9738397598266602,True
0.1,B0025,0.95644611120224,True
0.2,B0025,0.8619289398193359,True
0.01,B0025,0.9937407374382019,False
0.02,B0025,0.9936343431472778,False
0.05,B0025,0.9873745441436768,False
0.1,B0025,0.9352158904075623,True
0.2,B0025,0.8720671534538269,True
0.01,B0025,0.9938096404075623,False
0.02,B0025,0.9937108755111694,False
0.05,B0025,0.9868528842926025,False
0.1,B0025,0.9861850142478943,False
0.2,B0025,0.824873685836792,True
0.01,B0025,0.9900097250938416,False
0.02,B0025,0.9901834726333618,False
0.05,B0025,0.9863841533660889,False
0.1,B0025,0.9883716106414795,False
0.2,B0025,0.9266099333763123,True
0.01,B0025,0.9926841259002686,False
0.02,B0025,0.9928158521652222,False
0.05,B0025,0.9924179315567017,False
0.1,B0025,0.986137330532074,False
0.2,B0025,0.8511061668395996,True
0.01,B0025,0.9917633533477783,False
0.02,B0025,0.991364598274231,False
0.05,B0025,0.9931278228759766,False
0.1,B0025,0.987998902797699,False
0.2,B0025,0.8315185308456421,True
0.01,B0025,0.9904785752296448,False
0.02,B0025,0.9908663034439087,False
0.05,B0025,0.9894713163375854,False
0.1,B0025,0.9858071804046631,False
0.2,B0025,0.8019071221351624,True
0.01,B0025,0.9884951710700989,False
0.02,B0025,0.9889656901359558,False
0.05,B0025,0.9909365773200989,False
0.1,B0025,0.9831523895263672,False
0.2,B0025,0.7781468629837036,True
0.01,B0025,0.9942233562469482,False
0.02,B0025,0.9929191470146179,False
0.05,B0025,0.9884551763534546,False
0.1,B0025,0.9873683452606201,False
0.2,B0025,0.9551409482955933,True
0.01,B0025,0.9970611333847046,False
0.02,B0025,0.9967523813247681,False
0.05,B0025,0.9959957599639893,False
0.1,B0025,0.9898027181625366,False
0.2,B0025,0.8624862432479858,True
0.01,B0025,0.9986847639083862,False
0.02,B0025,0.9987357258796692,False
0.05,B0025,0.9914219975471497,False
0.1,B0025,0.9847300052642822,False
0.2,B0025,0.8418377637863159,True
0.01,B0025,0.9980877637863159,False
0.02,B0025,0.9979464411735535,False
0.05,B0025,0.9973539113998413,False
0.1,B0025,0.9329972267150879,True
0.2,B0025,0.88084876537323,True
0.01,B0025,0.9964810013771057,False
0.02,B0025,0.9968228936195374,False
0.05,B0025,0.9972973465919495,False
0.1,B0025,0.9451888799667358,True
0.2,B0025,0.8686186075210571,True
0.01,B0029,0.9988689422607422,False
0.02,B0029,0.9986695647239685,False
0.05,B0029,0.9975012540817261,False
0.1,B0029,0.9938454627990723,False
0.2,B0029,0.9249253273010254,True
0.01,B0029,0.9999430179595947,False
0.02,B0029,0.9999215602874756,False
0.05,B0029,0.9992038011550903,False
0.1,B0029,0.9931828379631042,False
0.2,B0029,0.8090843558311462,True
0.01,B0029,0.999920129776001,False
0.02,B0029,0.999941885471344,False
0.05,B0029,0.9992842078208923,False
0.1,B0029,0.9954939484596252,False
0.2,B0029,0.9271196126937866,True
0.01,B0029,0.9999130964279175,False
0.02,B0029,0.9999057650566101,False
0.05,B0029,0.9996252059936523,False
0.1,B0029,0.993983268737793,False
0.2,B0029,0.8638230562210083,True
0.01,B0029,0.9999293684959412,False
0.02,B0029,0.9998800754547119,False
0.05,B0029,0.9991625547409058,False
0.1,B0029,0.992453932762146,False
0.2,B0029,0.9445371031761169,True
0.01,B0029,0.999825119972229,False
0.02,B0029,0.999812662601471,False
0.05,B0029,0.9992526173591614,False
0.1,B0029,0.9912232160568237,False
0.2,B0029,0.7874932289123535,True
0.01,B0029,0.9999470114707947,False
0.02,B0029,0.9999298453330994,False
0.05,B0029,0.9993263483047485,False
0.1,B0029,0.9868669509887695,False
0.2,B0029,0.9281436204910278,True
0.01,B0029,0.9999534487724304,False
0.02,B0029,0.9999539852142334,False
0.05,B0029,0.9991265535354614,False
0.1,B0029,0.996563196182251,False
0.2,B0029,0.9046987891197205,True
0.01,B0029,0.9999587535858154,False
0.02,B0029,0.999929666519165,False
0.05,B0029,0.9991952180862427,False
0.1,B0029,0.9953379034996033,False
0.2,B0029,0.9079208970069885,True
0.01,B0029,0.9999459981918335,False
0.02,B0029,0.9998958110809326,False
0.05,B0029,0.999678373336792,False
0.1,B0029,0.9940101504325867,False
0.2,B0029,0.9436619281768799,True
0.01,B0029,0.9998127818107605,False
0.02,B0029,0.999789834022522,False
0.05,B0029,0.9994419813156128,False
0.1,B0029,0.991249144077301,False
0.2,B0029,0.9495291113853455,True
0.01,B0029,0.9999516606330872,False
0.02,B0029,0.9999266266822815,False
0.05,B0029,0.9992164373397827,False
0.1,B0029,0.9910464286804199,False
0.2,B0029,0.9021230936050415,True
0.01,B0029,0.999949038028717,False
0.02,B0029,0.9999133944511414,False
0.05,B0029,0.9988970756530762,False
0.1,B0029,0.9868179559707642,False
0.2,B0029,0.9089667797088623,True
0.01,B0029,0.9999584555625916,False
0.02,B0029,0.9999406337738037,False
0.05,B0029,0.9992462396621704,False
0.1,B0029,0.9917297959327698,False
0.2,B0029,0.8049933910369873,True
0.01,B0029,0.9999614357948303,False
0.02,B0029,0.9999633431434631,False
0.05,B0029,0.9993115663528442,False
0.1,B0029,0.9887382984161377,False
0.2,B0029,0.9017021656036377,True
0.01,B0029,0.9998272061347961,False
0.02,B0029,0.9998136162757874,False
0.05,B0029,0.9987419843673706,False
0.1,B0029,0.9920660257339478,False
0.2,B0029,0.8141783475875854,True
0.01,B0029,0.9999475479125977,False
0.02,B0029,0.9999212026596069,False
0.05,B0029,0.9995264410972595,False
0.1,B0029,0.9915446639060974,False
0.2,B0029,0.869907796382904,True
0.01,B0029,0.999933660030365,False
0.02,B0029,0.9999243021011353,False
0.05,B0029,0.9995608329772949,False
0.1,B0029,0.9942814111709595,False
0.2,B0029,0.9357613921165466,True
0.01,B0029,0.9999430179595947,False
0.02,B0029,0.9999094009399414,False
0.05,B0029,0.9991166591644287,False
0.1,B0029,0.9891833066940308,False
0.2,B0029,0.9145463705062866,True
0.01,B0029,0.9999362230300903,False
0.02,B0029,0.9999399185180664,False
0.05,B0029,0.9990695118904114,False
0.1,B0029,0.9897873997688293,False
0.2,B0029,0.9143766164779663,True
0.01,B0029,0.9999663829803467,False
0.02,B0029,0.9999526143074036,False
0.05,B0029,0.99941086769104,False
0.1,B0029,0.9911254644393921,False
0.2,B0029,0.8070359826087952,True
0.01,B0029,0.9998452067375183,False
0.02,B0029,0.999904990196228,False
0.05,B0029,0.9985256791114807,False
0.1,B0029,0.9903968572616577,False
0.2,B0029,0.8991219997406006,True
0.01,B0029,0.9999097585678101,False
0.02,B0029,0.9998571872711182,False
0.05,B0029,0.9991230964660645,False
0.1,B0029,0.987657904624939,False
0.2,B0029,0.908324122428894,True
0.01,B0029,0.9998383522033691,False
0.02,B0029,0.9998867511749268,False
0.05,B0029,0.9990895986557007,False
0.1,B0029,0.9892395734786987,False
0.2,B0029,0.7927427291870117,True
0.01,B0029,0.9998326301574707,False
0.02,B0029,0.9998598098754883,False
0.05,B0029,0.9989346265792847,False
0.1,B0029,0.9950484037399292,False
0.2,B0029,0.9161375761032104,True
0.01,B0029,0.9998669624328613,False
0.02,B0029,0.9998490214347839,False
0.05,B0029,0.9993811845779419,False
0.1,B0029,0.9918988943099976,False
0.2,B0029,0.9246305823326111,True
0.01,B0029,0.9998300075531006,False
0.02,B0029,0.999847412109375,False
0.05,B0029,0.9992842078208923,False
0.1,B0029,0.9892302751541138,False
0.2,B0029,0.8196484446525574,True
0.01,B0029,0.999838650226593,False
0.02,B0029,0.9997859001159668,False
0.05,B0029,0.9988906383514404,False
0.1,B0029,0.9926577210426331,False
0.2,B0029,0.8187243938446045,True
0.01,B0029,0.9998617768287659,False
0.02,B0029,0.9998574256896973,False
0.05,B0029,0.9987574219703674,False
0.1,B0029,0.9926985502243042,False
0.2,B0029,0.8428970575332642,True
0.01,B0029,0.9998586177825928,False
0.02,B0029,0.9998853802680969,False
0.05,B0029,0.9985443949699402,False
0.1,B0029,0.9906680583953857,False
0.2,B0029,0.9567341208457947,True
0.01,B0029,0.9998436570167542,False
0.02,B0029,0.9997744560241699,False
0.05,B0029,0.9988647103309631,False
0.1,B0029,0.9957595467567444,False
0.2,B0029,0.9115430116653442,True
0.01,B0029,0.9996339082717896,False
0.02,B0029,0.9996103644371033,False
0.05,B0029,0.9984575510025024,False
0.1,B0029,0.9943662881851196,False
0.2,B0029,0.9173047542572021,True
0.01,B0029,0.9995894432067871,False
0.02,B0029,0.9995065927505493,False
0.05,B0029,0.9987783432006836,False
0.1,B0029,0.9889328479766846,False
0.2,B0029,0.7926639318466187,True
0.01,B0029,0.9995900988578796,False
0.02,B0029,0.9996185302734375,False
0.05,B0029,0.9989030361175537,False
0.1,B0029,0.9930582046508789,False
0.2,B0029,0.924956202507019,True
0.01,B0029,0.9995843172073364,False
0.02,B0029,0.9994631409645081,False
0.05,B0029,0.9989888668060303,False
0.1,B0029,0.9931893348693848,False
0.2,B0029,0.9392478466033936,True
0.01,B0029,0.9995765089988708,False
0.02,B0029,0.9995373487472534,False
0.05,B0029,0.9983288049697876,False
0.1,B0029,0.9947383999824524,False
0.2,B0029,0.8235431909561157,True
0.01,B0029,0.9992622137069702,False
0.02,B0029,0.9991656541824341,False
0.05,B0029,0.9988608360290527,False
0.1,B0029,0.9908465147018433,False
0.2,B0029,0.8282763957977295,True
0.01,B0029,0.9996037483215332,False
0.02,B0029,0.9995118379592896,False
0.05,B0029,0.9986269474029541,False
0.1,B0029,0.9902400970458984,False
0.2,B0029,0.9137498140335083,True
0.01,B0029,0.9995437860488892,False
0.02,B0029,0.999476432800293,False
0.05,B0029,0.9989001750946045,False
0.1,B0029,0.988889753818512,False
0.2,B0029,0.9246178865432739,True
0.01,B0029,0.9995121955871582,False
0.02,B0029,0.9994543790817261,False
0.05,B0029,0.9987452030181885,False
0.1,B0029,0.9919427037239075,False
0.2,B0029,0.9010934829711914,True
0.01,B0034,0.9952897429466248,False
0.02,B0034,0.9951654672622681,False
0.05,B0034,0.9939077496528625,False
0.1,B0034,0.9910067319869995,False
0.2,B0034,0.9059072732925415,True
0.01,B0034,0.9996461868286133,False
0.02,B0034,0.9996682405471802,False
0.05,B0034,0.9922816753387451,False
0.1,B0034,0.9876100420951843,False
0.2,B0034,0.9304948449134827,True
0.01,B0034,0.9996721744537354,False
0.02,B0034,0.999710202217102,False
0.05,B0034,0.9986194968223572,False
0.1,B0034,0.9868196249008179,False
0.2,B0034,0.9020261764526367,True
0.01,B0034,0.9995154142379761,False
0.02,B0034,0.9995425939559937,False
0.05,B0034,0.999069333076477,False
0.1,B0034,0.9871227741241455,False
0.2,B0034,0.9220114946365356,True
0.01,B0034,0.9992188215255737,False
0.02,B0034,0.9991108179092407,False
0.05,B0034,0.9974671602249146,False
0.1,B0034,0.9347859621047974,True
0.2,B0034,0.8388214707374573,True
0.01,B0034,0.9974926710128784,False
0.02,B0034,0.997783362865448,False
0.05,B0034,0.990229606628418,False
0.1,B0034,0.9702548980712891,True
0.2,B0034,0.8579484224319458,True
0.01,B0034,0.9974462389945984,False
0.02,B0034,0.9960851073265076,False
0.05,B0034,0.9930428266525269,False
0.1,B0034,0.9901096820831299,False
0.2,B0034,0.8135957717895508,True
0.01,B0034,0.9977744221687317,False
0.02,B0034,0.9977642297744751,False
0.05,B0034,0.9918799996376038,False
0.1,B0034,0.9912209510803223,False
0.2,B0034,0.7877786159515381,True
0.01,B0034,0.9973578453063965,False
0.02,B0034,0.9974761009216309,False
0.05,B0034,0.995141863822937,False
0.1,B0034,0.9882721900939941,False
0.2,B0034,0.7801542282104492,True
0.01,B0034,0.9971010684967041,False
0.02,B0034,0.9975111484527588,False
0.05,B0034,0.9969618320465088,False
0.1,B0034,0.9713908433914185,True
0.2,B0034,0.8097182512283325,True
0.01,B0034,0.9969179034233093,False
0.02,B0034,0.9971004724502563,False
0.05,B0034,0.9847277998924255,False
0.1,B0034,0.9728913903236389,True
0.2,B0034,0.8415584564208984,True
0.01,B0034,0.9971152544021606,False
0.02,B0034,0.9971153736114502,False
0.05,B0034,0.991772472858429,False
0.1,B0034,0.978346049785614,True
0.2,B0034,0.836907148361206,True
0.01,B0034,0.9965357184410095,False
0.02,B0034,0.9974673390388489,False
0.05,B0034,0.994709849357605,False
0.1,B0034,0.967300534248352,True
0.2,B0034,0.9159846305847168,True
0.01,B0034,0.9964735507965088,False
0.02,B0034,0.9972975254058838,False
0.05,B0034,0.9968236684799194,False
0.1,B0034,0.99456387758255,False
0.2,B0034,0.8832778930664062,True
0.01,B0034,0.9959656000137329,False
0.02,B0034,0.9962292909622192,False
0.05,B0034,0.9956696033477783,False
0.1,B0034,0.9852858781814575,False
0.2,B0034,0.8550745844841003,True
0.01,B0034,0.9964560270309448,False
0.02,B0034,0.9962329864501953,False
0.05,B0034,0.9966155886650085,False
0.1,B0034,0.930778980255127,True
0.2,B0034,0.9199587106704712,True
0.01,B0034,0.9972512722015381,False
0.02,B0034,0.9973803758621216,False
0.05,B0034,0.9960421323776245,False
0.1,B0034,0.9778692722320557,True
0.2,B0034,0.7229112386703491,True
0.01,B0034,0.9967118501663208,False
0.02,B0034,0.9966482520103455,False
0.05,B0034,0.994498610496521,False
0.1,B0034,0.9792989492416382,True
0.2,B0034,0.8094174861907959,True
0.01,B0034,0.9966182112693787,False
0.02,B0034,0.9971956610679626,False
0.05,B0034,0.9967144727706909,False
0.1,B0034,0.9439457058906555,True
0.2,B0034,0.9217821359634399,True
0.01,B0034,0.9959337711334229,False
0.02,B0034,0.9962211847305298,False
0.05,B0034,0.9874323606491089,False
0.1,B0034,0.9604631662368774,True
0.2,B0034,0.8756226301193237,True
0.01,B0034,0.9952821135520935,False
0.02,B0034,0.9943381547927856,False
0.05,B0034,0.9947865009307861,False
0.1,B0034,0.9814682006835938,False
0.2,B0034,0.766470730304718,True
0.01,B0034,0.9980562925338745,False
0.02,B0034,0.9978034496307373,False
0.05,B0034,0.998634934425354,False
0.1,B0034,0.9576700925827026,True
0.2,B0034,0.8792722225189209,True
0.01,B0034,0.9982994794845581,False
0.02,B0034,0.998414158821106,False
0.05,B0034,0.9972346425056458,False
0.1,B0034,0.9422365427017212,True
0.2,B0034,0.8035155534744263,True
0.01,B0034,0.997623085975647,False
0.02,B0034,0.997841477394104,False
0.05,B0034,0.9969344139099121,False
0.1,B0034,0.9853553175926208,False
0.2,B0034,0.8662076592445374,True
0.01,B0034,0.9969459772109985,False
0.02,B0034,0.9970374703407288,False
0.05,B0034,0.9903721809387207,False
0.1,B0034,0.9842214584350586,False
0.2,B0034,0.8474113345146179,True
0.01,B0034,0.9970700740814209,False
0.02,B0034,0.9969779849052429,False
0.05,B0034,0.9959454536437988,False
0.1,B0034,0.9206825494766235,True
0.2,B0034,0.8871265053749084,True
0.01,B0034,0.9971426129341125,False
0.02,B0034,0.9970953464508057,False
0.05,B0034,0.9962705373764038,False
0.1,B0034,0.9858959317207336,False
0.2,B0034,0.7034662365913391,True
0.01,B0034,0.9970069527626038,False
0.02,B0034,0.9972851276397705,False
0.05,B0034,0.9967992305755615,False
0.1,B0034,0.9878285527229309,False
0.2,B0034,0.8293991088867188,True
0.01,B0034,0.9971301555633545,False
0.02,B0034,0.9965485334396362,False
0.05,B0034,0.9969245791435242,False
0.1,B0034,0.9902896881103516,False
0.2,B0034,0.9113481044769287,True
0.01,B0034,0.9963076114654541,False
0.02,B0034,0.9961230754852295,False
0.05,B0034,0.994238018989563,False
0.1,B0034,0.9907758831977844,False
0.2,B0034,0.8293790817260742,True
0.01,B0034,0.9962348341941833,False
0.02,B0034,0.9963999390602112,False
0.05,B0034,0.9973249435424805,False
0.1,B0034,0.9889646172523499,False
0.2,B0034,0.6779534816741943,True
0.01,B0034,0.9961965680122375,False
0.02,B0034,0.9962400197982788,False
0.05,B0034,0.9864839315414429,False
0.1,B0034,0.9616144299507141,True
0.2,B0034,0.8801099061965942,True
0.01,B0034,0.9963578581809998,False
0.02,B0034,0.9964994192123413,False
0.05,B0034,0.995826244354248,False
0.1,B0034,0.9483782649040222,True
0.2,B0034,0.8861186504364014,True
0.01,B0034,0.9962334632873535,False
0.02,B0034,0.9963225722312927,False
0.05,B0034,0.9904887676239014,False
0.1,B0034,0.982012152671814,False
0.2,B0034,0.7360049486160278,True
0.01,B0034,0.9959590435028076,False
0.02,B0034,0.9949318170547485,False
0.05,B0034,0.9970101118087769,False
0.1,B0034,0.9894474744796753,False
0.2,B0034,0.9099326133728027,True
0.01,B0034,0.9960372447967529,False
0.02,B0034,0.9958933591842651,False
0.05,B0034,0.9924653768539429,False
0.1,B0034,0.9458454847335815,True
0.2,B0034,0.9261227250099182,True
0.01,B0034,0.9961000680923462,False
0.02,B0034,0.9958477020263672,False
0.05,B0034,0.9949257373809814,False
0.1,B0034,0.9567232728004456,True
0.2,B0034,0.9047434329986572,True
0.01,B0034,0.9956551790237427,False
0.02,B0034,0.9948919415473938,False
0.05,B0034,0.9903682470321655,False
0.1,B0034,0.9815278053283691,False
0.2,B0034,0.8501502275466919,True
0.01,B0034,0.9942595958709717,False
0.02,B0034,0.9941791296005249,False
0.05,B0034,0.9922253489494324,False
0.1,B0034,0.9842417240142822,False
0.2,B0034,0.776236891746521,True
0.01,B0034,0.995671272277832,False
0.02,B0034,0.9956766366958618,False
0.05,B0034,0.995175838470459,False
0.1,B0034,0.9433854818344116,True
0.2,B0034,0.7934215068817139,True
0.01,B0034,0.9958411455154419,False
0.02,B0034,0.9958474636077881,False
0.05,B0034,0.9951066374778748,False
0.1,B0034,0.9662012457847595,True
0.2,B0034,0.7227568626403809,True
0.01,B0034,0.9960575103759766,False
0.02,B0034,0.996181070804596,False
0.05,B0034,0.9952324628829956,False
0.1,B0034,0.9707225561141968,True
0.2,B0034,0.8485831022262573,True
0.01,B0034,0.9968230724334717,False
0.02,B0034,0.997153103351593,False
0.05,B0034,0.9957423210144043,False
0.1,B0034,0.9385813474655151,True
0.2,B0034,0.8894224166870117,True
0.01,B0034,0.9947941303253174,False
0.02,B0034,0.9945969581604004,False
0.05,B0034,0.9933838844299316,False
0.1,B0034,0.9792425632476807,True
0.2,B0034,0.9266670942306519,True
0.01,B0034,0.995775043964386,False
0.02,B0034,0.996201753616333,False
0.05,B0034,0.9941335916519165,False
0.1,B0034,0.9975557327270508,False
0.2,B0034,0.7816840410232544,True
0.01,B0034,0.9845461845397949,False
0.02,B0034,0.9826325178146362,False
0.05,B0034,0.9657955765724182,True
0.1,B0034,0.9310404062271118,True
0.2,B0034,0.8207814693450928,True
0.01,B0034,0.9971222877502441,False
0.02,B0034,0.9967146515846252,False
0.05,B0034,0.9973610043525696,False
0.1,B0034,0.9182578325271606,True
0.2,B0034,0.9161790609359741,True
0.01,B0034,0.9981292486190796,False
0.02,B0034,0.9981664419174194,False
0.05,B0034,0.9935426115989685,False
0.1,B0034,0.9894378185272217,False
0.2,B0034,0.9191474914550781,True
0.01,B0034,0.9976584911346436,False
0.02,B0034,0.9975921511650085,False
0.05,B0034,0.9941544532775879,False
0.1,B0034,0.982741117477417,False
0.2,B0034,0.9046913385391235,True
0.01,B0034,0.9965881109237671,False
0.02,B0034,0.9966669082641602,False
0.05,B0034,0.9968466758728027,False
0.1,B0034,0.9919895529747009,False
0.2,B0034,0.8671177625656128,True
0.01,B0034,0.9943539500236511,False
0.02,B0034,0.9938142895698547,False
0.05,B0034,0.9957205057144165,False
0.1,B0034,0.9605860114097595,True
0.2,B0034,0.846207857131958,True
0.01,B0034,0.9947164058685303,False
0.02,B0034,0.9933947324752808,False
0.05,B0034,0.9938700199127197,False
0.1,B0034,0.9527221918106079,True
0.2,B0034,0.8345780372619629,True
0.01,B0034,0.9958862662315369,False
0.02,B0034,0.9964525103569031,False
0.05,B0034,0.9947378635406494,False
0.1,B0034,0.9936769008636475,False
0.2,B0034,0.7816439867019653,True
0.01,B0034,0.9959126710891724,False
0.02,B0034,0.9955241680145264,False
0.05,B0034,0.9944189190864563,False
0.1,B0034,0.9856735467910767,False
0.2,B0034,0.7265448570251465,True
0.01,B0034,0.9955029487609863,False
0.02,B0034,0.9958775043487549,False
0.05,B0034,0.9908837080001831,False
0.1,B0034,0.9500791430473328,True
0.2,B0034,0.8046188354492188,True
0.01,B0034,0.9951432347297668,False
0.02,B0034,0.9954704642295837,False
0.05,B0034,0.997033953666687,False
0.1,B0034,0.9769430160522461,True
0.2,B0034,0.8621426224708557,True
0.01,B0034,0.9918161630630493,False
0.02,B0034,0.9907107353210449,False
0.05,B0034,0.9899698495864868,False
0.1,B0034,0.9883743524551392,False
0.2,B0034,0.7750512957572937,True
0.01,B0034,0.9931817054748535,False
0.02,B0034,0.9926691651344299,False
0.05,B0034,0.9937547445297241,False
0.1,B0034,0.9832190275192261,False
0.2,B0034,0.7826663851737976,True
0.01,B0034,0.9957174062728882,False
0.02,B0034,0.9949215650558472,False
0.05,B0034,0.9945105314254761,False
0.1,B0034,0.9384618401527405,True
0.2,B0034,0.8633171319961548,True
0.01,B0034,0.9958537817001343,False
0.02,B0034,0.9958222508430481,False
0.05,B0034,0.9928939342498779,False
0.1,B0034,0.9852649569511414,False
0.2,B0034,0.8510198593139648,True
0.01,B0034,0.9953383803367615,False
0.02,B0034,0.9952467083930969,False
0.05,B0034,0.9944841265678406,False
0.1,B0034,0.9668598771095276,True
0.2,B0034,0.8873668313026428,True
0.01,B0034,0.9930646419525146,False
0.02,B0034,0.9932246208190918,False
0.05,B0034,0.990174412727356,False
0.1,B0034,0.9797278642654419,True
0.2,B0034,0.9303212761878967,True
0.01,B0034,0.9900196194648743,False
0.02,B0034,0.9891480207443237,False
0.05,B0034,0.9806337356567383,True
0.1,B0034,0.9812740087509155,False
0.2,B0034,0.7797570824623108,True
0.01,B0034,0.9926037788391113,False
0.02,B0034,0.9929962158203125,False
0.05,B0034,0.9920254945755005,False
0.1,B0034,0.9931850433349609,False
0.2,B0034,0.745150625705719,True
0.01,B0034,0.9951297044754028,False
0.02,B0034,0.995337724685669,False
0.05,B0034,0.9935711622238159,False
0.1,B0034,0.9735888242721558,True
0.2,B0034,0.6718899607658386,True
0.01,B0034,0.9947047233581543,False
0.02,B0034,0.9946789741516113,False
0.05,B0034,0.9914970993995667,False
0.1,B0034,0.9599651098251343,True
0.2,B0034,0.8983492255210876,True
0.01,B0034,0.996924877166748,False
0.02,B0034,0.9962347149848938,False
0.05,B0034,0.9977643489837646,False
0.1,B0034,0.9850102663040161,False
0.2,B0034,0.9141680598258972,True
0.01,B0034,0.9935017824172974,False
0.02,B0034,0.9939157366752625,False
0.05,B0034,0.9848657846450806,False
0.1,B0034,0.9779962301254272,True
0.2,B0034,0.9146968126296997,True
0.01,B0034,0.9960691928863525,False
0.02,B0034,0.9954668283462524,False
0.05,B0034,0.998360276222229,False
0.1,B0034,0.9961111545562744,False
0.2,B0034,0.8061884045600891,True
0.01,B0034,0.9967876076698303,False
0.02,B0034,0.9966655969619751,False
0.05,B0034,0.9950988292694092,False
0.1,B0034,0.9205101132392883,True
0.2,B0034,0.9203579425811768,True
0.01,B0034,0.9960123300552368,False
0.02,B0034,0.9960694313049316,False
0.05,B0034,0.9942564964294434,False
0.1,B0034,0.976513147354126,True
0.2,B0034,0.8893991112709045,True
0.01,B0034,0.9959638118743896,False
0.02,B0034,0.9965001940727234,False
0.05,B0034,0.9947287440299988,False
0.1,B0034,0.9249979257583618,True
0.2,B0034,0.7785537242889404,True
0.01,B0034,0.9947038292884827,False
0.02,B0034,0.9946680665016174,False
0.05,B0034,0.9940292835235596,False
0.1,B0034,0.977509617805481,True
0.2,B0034,0.8834359645843506,True
0.01,B0034,0.9918939471244812,False
0.02,B0034,0.991930365562439,False
0.05,B0034,0.9930828809738159,False
0.1,B0034,0.9853479266166687,False
0.2,B0034,0.9348809719085693,True
0.01,B0034,0.9946169853210449,False
0.02,B0034,0.994288444519043,False
0.05,B0034,0.9936949014663696,False
0.1,B0034,0.9921447038650513,False
0.2,B0034,0.9405359029769897,True
0.01,B0034,0.9956690073013306,False
0.02,B0034,0.9954911470413208,False
0.05,B0034,0.9930578470230103,False
0.1,B0034,0.9837213754653931,False
0.2,B0034,0.7273375988006592,True
0.01,B0034,0.9951149225234985,False
0.02,B0034,0.9948443174362183,False
0.05,B0034,0.9964624643325806,False
0.1,B0034,0.9666868448257446,True
0.2,B0034,0.9427188634872437,True
0.01,B0034,0.9950223565101624,False
0.02,B0034,0.9945866465568542,False
0.05,B0034,0.9944637417793274,False
0.1,B0034,0.9810543060302734,False
0.2,B0034,0.9345923066139221,True
0.01,B0034,0.9950530529022217,False
0.02,B0034,0.9946635365486145,False
0.05,B0034,0.9884160161018372,False
0.1,B0034,0.9943612813949585,False
0.2,B0034,0.9335152506828308,True
0.01,B0034,0.9950442314147949,False
0.02,B0034,0.9950891733169556,False
0.05,B0034,0.9911586046218872,False
0.1,B0034,0.9769793748855591,True
0.2,B0034,0.8424766659736633,True
0.01,B0034,0.9948753118515015,False
0.02,B0034,0.9947044849395752,False
0.05,B0034,0.9930968880653381,False
0.1,B0034,0.9757519364356995,True
0.2,B0034,0.7493640780448914,True
0.01,B0034,0.99488365650177,False
0.02,B0034,0.9950628876686096,False
0.05,B0034,0.9945364594459534,False
0.1,B0034,0.9728647470474243,True
0.2,B0034,0.9082797169685364,True
0.01,B0034,0.995079517364502,False
0.02,B0034,0.9947668313980103,False
0.05,B0034,0.9911943674087524,False
0.1,B0034,0.9812326431274414,False
0.2,B0034,0.8761277198791504,True
0.01,B0034,0.994930624961853,False
0.02,B0034,0.9957468509674072,False
0.05,B0034,0.993368923664093,False
0.1,B0034,0.9773688912391663,True
0.2,B0034,0.9220139384269714,True
0.01,B0034,0.9950344562530518,False
0.02,B0034,0.9950520396232605,False
0.05,B0034,0.9943662881851196,False
0.1,B0034,0.9225718379020691,True
0.2,B0034,0.7804379463195801,True
0.01,B0034,0.9950426816940308,False
0.02,B0034,0.9951694011688232,False
0.05,B0034,0.991274356842041,False
0.1,B0034,0.9943482875823975,False
0.2,B0034,0.9003488421440125,True
0.01,B0034,0.99506014585495,False
0.02,B0034,0.995265007019043,False
0.05,B0034,0.9919441938400269,False
0.1,B0034,0.9783519506454468,True
0.2,B0034,0.7488139867782593,True
0.01,B0034,0.9950000047683716,False
0.02,B0034,0.995154857635498,False
0.05,B0034,0.9911186695098877,False
0.1,B0034,0.9736744165420532,True
0.2,B0034,0.7748386859893799,True
0.01,B0034,0.9948388934135437,False
0.02,B0034,0.99521803855896,False
0.05,B0034,0.994333028793335,False
0.1,B0034,0.9265279173851013,True
0.2,B0034,0.9301404356956482,True
0.01,B0034,0.9942194819450378,False
0.02,B0034,0.9942482709884644,False
0.05,B0034,0.9892861247062683,False
0.1,B0034,0.9774240255355835,True
0.2,B0034,0.8203538656234741,True
0.01,B0034,0.9936460256576538,False
0.02,B0034,0.993476152420044,False
0.05,B0034,0.9888491630554199,False
0.1,B0034,0.9816756248474121,False
0.2,B0034,0.8207535147666931,True
0.01,B0034,0.99277663230896,False
0.02,B0034,0.9923282861709595,False
0.05,B0034,0.9949512481689453,False
0.1,B0034,0.9798730611801147,True
0.2,B0034,0.7703182697296143,True
0.01,B0034,0.9946032762527466,False
0.02,B0034,0.9946969747543335,False
0.05,B0034,0.9914175271987915,False
0.1,B0034,0.9832779169082642,False
0.2,B0034,0.7757338285446167,True
0.01,B0034,0.9950082302093506,False
0.02,B0034,0.9956652522087097,False
0.05,B0034,0.9927068948745728,False
0.1,B0034,0.990863025188446,False
0.2,B0034,0.845018208026886,True
0.01,B0034,0.9949047565460205,False
0.02,B0034,0.9946962594985962,False
0.05,B0034,0.9943020939826965,False
0.1,B0034,0.9409449696540833,True
0.2,B0034,0.9193755388259888,True
0.01,B0034,0.994310736656189,False
0.02,B0034,0.9944533705711365,False
0.05,B0034,0.9857505559921265,False
0.1,B0034,0.9728907942771912,True
0.2,B0034,0.8201589584350586,True
0.01,B0034,0.9940184950828552,False
0.02,B0034,0.9945855140686035,False
0.05,B0034,0.9964191913604736,False
0.1,B0034,0.9731606841087341,True
0.2,B0034,0.9205149412155151,True
0.01,B0034,0.9939457774162292,False
0.02,B0034,0.994310736656189,False
0.05,B0034,0.992404580116272,False
0.1,B0034,0.9316885471343994,True
0.2,B0034,0.864604651927948,True
0.01,B0034,0.9945532083511353,False
0.02,B0034,0.9947613477706909,False
0.05,B0034,0.9904384016990662,False
0.1,B0034,0.9596781730651855,True
0.2,B0034,0.7177554965019226,True
0.01,B0034,0.9948911666870117,False
0.02,B0034,0.9952110052108765,False
0.05,B0034,0.9928385019302368,False
0.1,B0034,0.9787688851356506,True
0.2,B0034,0.8873976469039917,True
0.01,B0034,0.9947719573974609,False
0.02,B0034,0.9944714903831482,False
0.05,B0034,0.9951007962226868,False
0.1,B0034,0.9402905702590942,True
0.2,B0034,0.8294024467468262,True
0.01,B0034,0.993263304233551,False
0.02,B0034,0.9934519529342651,False
0.05,B0034,0.9877284169197083,False
0.1,B0034,0.983708381652832,False
0.2,B0034,0.8645960092544556,True
0.01,B0034,0.9917987585067749,False
0.02,B0034,0.9918941259384155,False
0.05,B0034,0.9875589609146118,False
0.1,B0034,0.9638797044754028,True
0.2,B0034,0.9403660297393799,True
0.01,B0034,0.9940398931503296,False
0.02,B0034,0.9938286542892456,False
0.05,B0034,0.9903157949447632,False
0.1,B0034,0.9746392369270325,True
0.2,B0034,0.8944761753082275,True
0.01,B0034,0.9948147535324097,False
0.02,B0034,0.9946775436401367,False
0.05,B0034,0.9962624311447144,False
0.1,B0034,0.9624396562576294,True
0.2,B0034,0.811079740524292,True
0.01,B0034,0.9948337078094482,False
0.02,B0034,0.9945663213729858,False
0.05,B0034,0.991428017616272,False
0.1,B0034,0.9845826625823975,False
0.2,B0034,0.6858814358711243,True
0.01,B0034,0.9947322010993958,False
0.02,B0034,0.9947443008422852,False
0.05,B0034,0.9927908182144165,False
0.1,B0034,0.9326180219650269,True
0.2,B0034,0.8804805278778076,True
0.01,B0034,0.9915400147438049,False
0.02,B0034,0.9913414716720581,False
0.05,B0034,0.9938559532165527,False
0.1,B0034,0.9920437335968018,False
0.2,B0034,0.9366706609725952,True
0.01,B0034,0.990027666091919,False
0.02,B0034,0.9896092414855957,False
0.05,B0034,0.9882040619850159,False
0.1,B0034,0.9547614455223083,True
0.2,B0034,0.9456310272216797,True
0.01,B0034,0.993232786655426,False
0.02,B0034,0.9940358996391296,False
0.05,B0034,0.9926320314407349,False
0.1,B0034,0.9928516149520874,False
0.2,B0034,0.8661695718765259,True
0.01,B0034,0.9946545362472534,False
0.02,B0034,0.9944592714309692,False
0.05,B0034,0.9864751696586609,False
0.1,B0034,0.9748154878616333,True
0.2,B0034,0.783490002155304,True
0.01,B0034,0.9952151775360107,False
0.02,B0034,0.9952679872512817,False
0.05,B0034,0.9966981410980225,False
0.1,B0034,0.9765582084655762,True
0.2,B0034,0.8418483734130859,True
0.01,B0034,0.9939746856689453,False
0.02,B0034,0.9937375783920288,False
0.05,B0034,0.989659309387207,False
0.1,B0034,0.9554373621940613,True
0.2,B0034,0.8504388332366943,True
0.01,B0034,0.9826375842094421,False
0.02,B0034,0.9819485545158386,False
0.05,B0034,0.9802905917167664,True
0.1,B0034,0.9562231302261353,True
0.2,B0034,0.8016105890274048,True
0.01,B0034,0.9934025406837463,False
0.02,B0034,0.9928264617919922,False
0.05,B0034,0.9928165674209595,False
0.1,B0034,0.9900444746017456,False
0.2,B0034,0.8540856838226318,True
0.01,B0034,0.9946392774581909,False
0.02,B0034,0.9943534135818481,False
0.05,B0034,0.9923354983329773,False
0.1,B0034,0.9760231375694275,True
0.2,B0034,0.9253715872764587,True
0.01,B0034,0.9944187998771667,False
0.02,B0034,0.9941233396530151,False
0.05,B0034,0.9875638484954834,False
0.1,B0034,0.9754972457885742,True
0.2,B0034,0.7452137470245361,True
0.01,B0034,0.9947154521942139,False
0.02,B0034,0.9944003224372864,False
0.05,B0034,0.9952707290649414,False
0.1,B0034,0.9779507517814636,True
0.2,B0034,0.7219706773757935,True
0.01,B0034,0.9942517876625061,False
0.02,B0034,0.9948176145553589,False
0.05,B0034,0.9912142753601074,False
0.1,B0034,0.97479647397995,True
0.2,B0034,0.936915397644043,True
0.01,B0034,0.9950741529464722,False
0.02,B0034,0.9944372177124023,False
0.05,B0034,0.9936953186988831,False
0.1,B0034,0.9832590818405151,False
0.2,B0034,0.7847079038619995,True
0.01,B0034,0.9948850870132446,False
0.02,B0034,0.9948623180389404,False
0.05,B0034,0.987680196762085,False
0.1,B0034,0.9827893972396851,False
0.2,B0034,0.6761775016784668,True
0.01,B0034,0.99531090259552,False
0.02,B0034,0.9954051375389099,False
0.05,B0034,0.9934831857681274,False
0.1,B0034,0.9861977696418762,False
0.2,B0034,0.6783425211906433,True
0.01,B0034,0.9948603510856628,False
0.02,B0034,0.9947862029075623,False
0.05,B0034,0.9930164813995361,False
0.1,B0034,0.9793376922607422,True
0.2,B0034,0.8141357898712158,True
0.01,B0034,0.9949280023574829,False
0.02,B0034,0.9953854084014893,False
0.05,B0034,0.9872370958328247,False
0.1,B0034,0.9513028264045715,True
0.2,B0034,0.7665264010429382,True
0.01,B0034,0.9946165084838867,False
0.02,B0034,0.9943200349807739,False
0.05,B0034,0.9965105056762695,False
0.1,B0034,0.9800041317939758,True
0.2,B0034,0.688826322555542,True
0.01,B0034,0.9949860572814941,False
0.02,B0034,0.9948920011520386,False
0.05,B0034,0.9894410371780396,False
0.1,B0034,0.9666462540626526,True
0.2,B0034,0.9018089771270752,True
0.01,B0034,0.9951401948928833,False
0.02,B0034,0.9942526817321777,False
0.05,B0034,0.9925645589828491,False
0.1,B0034,0.9464385509490967,True
0.2,B0034,0.7812644243240356,True
0.01,B0034,0.9946258664131165,False
0.02,B0034,0.9948371648788452,False
0.05,B0034,0.9893671274185181,False
0.1,B0034,0.9923800230026245,False
0.2,B0034,0.8909209966659546,True
0.01,B0034,0.9949725866317749,False
0.02,B0034,0.9944719076156616,False
0.05,B0034,0.9943687915802002,False
0.1,B0034,0.9962109923362732,False
0.2,B0034,0.7277363538742065,True
0.01,B0034,0.9920427203178406,False
0.02,B0034,0.9917237162590027,False
0.05,B0034,0.988830029964447,False
0.1,B0034,0.9435229301452637,True
0.2,B0034,0.9146770238876343,True
0.01,B0034,0.9887580275535583,False
0.02,B0034,0.9882077574729919,False
0.05,B0034,0.9804224371910095,True
0.1,B0034,0.9323592782020569,True
0.2,B0034,0.7740111947059631,True
0.01,B0034,0.9914923310279846,False
0.02,B0034,0.9914405345916748,False
0.05,B0034,0.9888588786125183,False
0.1,B0034,0.9660656452178955,True
0.2,B0034,0.77360999584198,True
0.01,B0034,0.9935401082038879,False
0.02,B0034,0.9938938617706299,False
0.05,B0034,0.9965224266052246,False
0.1,B0034,0.9264388084411621,True
0.2,B0034,0.9217848777770996,True
0.01,B0034,0.9942667484283447,False
0.02,B0034,0.9941799640655518,False
0.05,B0034,0.9916253685951233,False
0.1,B0034,0.9315476417541504,True
0.2,B0034,0.936683714389801,True
0.01,B0034,0.9941255450248718,False
0.02,B0034,0.9940612316131592,False
0.05,B0034,0.994619607925415,False
0.1,B0034,0.987296462059021,False
0.2,B0034,0.825469970703125,True
0.01,B0034,0.9897118210792542,False
0.02,B0034,0.9891541600227356,False
0.05,B0034,0.9875280857086182,False
0.1,B0034,0.9851409196853638,False
0.2,B0034,0.9204749464988708,True
0.01,B0034,0.9934738278388977,False
0.02,B0034,0.9930343627929688,False
0.05,B0034,0.9911448955535889,False
0.1,B0034,0.9500320553779602,True
0.2,B0034,0.7788699865341187,True
0.01,B0034,0.9941703081130981,False
0.02,B0034,0.9941209554672241,False
0.05,B0034,0.9940812587738037,False
0.1,B0034,0.9914519190788269,False
0.2,B0034,0.7908031940460205,True
0.01,B0034,0.9945573806762695,False
0.02,B0034,0.9947491884231567,False
0.05,B0034,0.9887875914573669,False
0.1,B0034,0.9746425151824951,True
0.2,B0034,0.8442589044570923,True
0.01,B0034,0.9951625466346741,False
0.02,B0034,0.9947620034217834,False
0.05,B0034,0.9930692911148071,False
0.1,B0034,0.9694874286651611,True
0.2,B0034,0.9248561859130859,True
0.01,B0034,0.9937038421630859,False
0.02,B0034,0.9938867092132568,False
0.05,B0034,0.9966970086097717,False
0.1,B0034,0.9817274808883667,False
0.2,B0034,0.7848202586174011,True
0.01,B0034,0.9914257526397705,False
0.02,B0034,0.9908934235572815,False
0.05,B0034,0.9907402396202087,False
0.1,B0034,0.9734711647033691,True
0.2,B0034,0.715171217918396,True
0.01,B0034,0.994471549987793,False
0.02,B0034,0.9939545392990112,False
0.05,B0034,0.9910361766815186,False
0.1,B0034,0.9907467365264893,False
0.2,B0034,0.907117486000061,True
0.01,B0034,0.9948467016220093,False
0.02,B0034,0.9946695566177368,False
0.05,B0034,0.9925146102905273,False
0.1,B0034,0.963245153427124,True
0.2,B0034,0.8811776041984558,True
0.01,B0034,0.9950752854347229,False
0.02,B0034,0.9955892562866211,False
0.05,B0034,0.9926426410675049,False
0.1,B0034,0.9830937385559082,False
0.2,B0034,0.9035351276397705,True
0.01,B0034,0.994533121585846,False
0.02,B0034,0.9935552477836609,False
0.05,B0034,0.9876701831817627,False
0.1,B0034,0.9664958715438843,True
0.2,B0034,0.736149787902832,True
0.01,B0034,0.9933652877807617,False
0.02,B0034,0.9934948682785034,False
0.05,B0034,0.9933257102966309,False
0.1,B0034,0.9240738153457642,True
0.2,B0034,0.7662942409515381,True
0.01,B0034,0.9860714077949524,False
0.02,B0034,0.985946774482727,False
0.05,B0034,0.9947924613952637,False
0.1,B0034,0.9870530366897583,False
0.2,B0034,0.7481675148010254,True
0.01,B0034,0.9914538860321045,False
0.02,B0034,0.9908401966094971,False
0.05,B0034,0.9901976585388184,False
0.1,B0034,0.979560911655426,True
0.2,B0034,0.8769153952598572,True
0.01,B0034,0.9935681819915771,False
0.02,B0034,0.993789553642273,False
0.05,B0034,0.9924064874649048,False
0.1,B0034,0.9727098345756531,True
0.2,B0034,0.8911668062210083,True
0.01,B0034,0.99423748254776,False
0.02,B0034,0.9943767189979553,False
0.05,B0034,0.9945563077926636,False
0.1,B0034,0.9792681932449341,True
0.2,B0034,0.9030395746231079,True
0.01,B0034,0.9942851662635803,False
0.02,B0034,0.9941641092300415,False
0.05,B0034,0.9936241507530212,False
0.1,B0034,0.9946868419647217,False
0.2,B0034,0.8760403394699097,True
0.01,B0034,0.9945360422134399,False
0.02,B0034,0.9937637448310852,False
0.05,B0034,0.9892551898956299,False
0.1,B0034,0.9921313524246216,False
0.2,B0034,0.8823965191841125,True
0.01,B0034,0.994324266910553,False
0.02,B0034,0.9943861961364746,False
0.05,B0034,0.993743360042572,False
0.1,B0034,0.9836645126342773,False
0.2,B0034,0.753104567527771,True
0.01,B0034,0.9946815967559814,False
0.02,B0034,0.9947357177734375,False
0.05,B0034,0.9893310070037842,False
0.1,B0034,0.9672626256942749,True
0.2,B0034,0.8167247176170349,True
0.01,B0034,0.9921982288360596,False
0.02,B0034,0.9934941530227661,False
0.05,B0034,0.9945430159568787,False
0.1,B0034,0.9784733057022095,True
0.2,B0034,0.9020867347717285,True
0.01,B0034,0.9908045530319214,False
0.02,B0034,0.9902075529098511,False
0.05,B0034,0.9775189757347107,True
0.1,B0034,0.9717589616775513,True
0.2,B0034,0.7555581331253052,True
0.01,B0034,0.9937249422073364,False
0.02,B0034,0.9936460256576538,False
0.05,B0034,0.9931808710098267,False
0.1,B0034,0.9879823923110962,False
0.2,B0034,0.7410896420478821,True
0.01,B0034,0.9948989152908325,False
0.02,B0034,0.9952141046524048,False
0.05,B0034,0.9902392625808716,False
0.1,B0034,0.9576407670974731,True
0.2,B0034,0.8750342130661011,True
0.01,B0034,0.9950801134109497,False
0.02,B0034,0.9951531887054443,False
0.05,B0034,0.9942283630371094,False
0.1,B0034,0.9970439672470093,False
0.2,B0034,0.8030821084976196,True
0.01,B0034,0.9933760166168213,False
0.02,B0034,0.9932424426078796,False
0.05,B0034,0.9913344383239746,False
0.1,B0034,0.9887323975563049,False
0.2,B0034,0.8911174535751343,True
0.01,B0034,0.9892969131469727,False
0.02,B0034,0.9899584054946899,False
0.05,B0034,0.9880585670471191,False
0.1,B0034,0.9926677942276001,False
0.2,B0034,0.811043381690979,True
0.01,B0034,0.9931402206420898,False
0.02,B0034,0.9923838973045349,False
0.05,B0034,0.9874484539031982,False
0.1,B0034,0.9807173609733582,True
0.2,B0034,0.8377559781074524,True
0.01,B0034,0.9944204688072205,False
0.02,B0034,0.9942536354064941,False
0.05,B0034,0.9953791499137878,False
0.1,B0034,0.984393298625946,False
0.2,B0034,0.8894916772842407,True
0.01,B0034,0.9950311183929443,False
0.02,B0034,0.9957369565963745,False
0.05,B0034,0.9942548871040344,False
0.1,B0034,0.9511545896530151,True
0.2,B0034,0.8545121550559998,True
0.01,B0034,0.9944753646850586,False
0.02,B0034,0.9946514964103699,False
0.05,B0034,0.9933696985244751,False
0.1,B0034,0.9535672664642334,True
0.2,B0034,0.9057110548019409,True
0.01,B0034,0.9932268261909485,False
0.02,B0034,0.9932580590248108,False
0.05,B0034,0.9919836521148682,False
0.1,B0034,0.9607245922088623,True
0.2,B0034,0.8227267265319824,True
0.01,B0034,0.991536021232605,False
0.02,B0034,0.9912742376327515,False
0.05,B0034,0.9809223413467407,True
0.1,B0034,0.9531721472740173,True
0.2,B0034,0.7629350423812866,True
0.01,B0034,0.9924347996711731,False
0.02,B0034,0.9922452569007874,False
0.05,B0034,0.991532564163208,False
0.1,B0034,0.9723879098892212,True
0.2,B0034,0.8974887132644653,True
0.01,B0034,0.9942742586135864,False
0.02,B0034,0.9945250153541565,False
0.05,B0034,0.9977322220802307,False
0.1,B0034,0.9806585311889648,True
0.2,B0034,0.9355590343475342,True
0.01,B0034,0.9943214654922485,False
0.02,B0034,0.9945634007453918,False
0.05,B0034,0.997522234916687,False
0.1,B0034,0.9795079231262207,True
0.2,B0034,0.7945274114608765,True
0.01,B0034,0.9949521422386169,False
0.02,B0034,0.9948718547821045,False
0.05,B0034,0.9903316497802734,False
0.1,B0034,0.9774448871612549,True
0.2,B0034,0.696536660194397,True
0.01,B0034,0.9916956424713135,False
0.02,B0034,0.9914903044700623,False
0.05,B0034,0.9892265796661377,False
0.1,B0034,0.9524680376052856,True
0.2,B0034,0.9202737808227539,True
0.01,B0034,0.9909379482269287,False
0.02,B0034,0.9906790852546692,False
0.05,B0034,0.9890109300613403,False
0.1,B0034,0.9625287055969238,True
0.2,B0034,0.9007898569107056,True
0.01,B0034,0.9924735426902771,False
0.02,B0034,0.9925308227539062,False
0.05,B0034,0.9860402941703796,False
0.1,B0034,0.9595060348510742,True
0.2,B0034,0.8477678298950195,True
0.01,B0034,0.9940509796142578,False
0.02,B0034,0.9945217967033386,False
0.05,B0034,0.9934372901916504,False
0.1,B0034,0.9601256847381592,True
0.2,B0034,0.7372313737869263,True
0.01,B0034,0.991393506526947,False
0.02,B0034,0.9922879934310913,False
0.05,B0034,0.9907902479171753,False
0.1,B0034,0.9923783540725708,False
0.2,B0034,0.8669068813323975,True
0.01,B0034,0.9946851134300232,False
0.02,B0034,0.995040237903595,False
0.05,B0034,0.9927480220794678,False
0.1,B0034,0.9273989796638489,True
0.2,B0034,0.8681215047836304,True
0.01,B0034,0.994727611541748,False
0.02,B0034,0.9945502281188965,False
0.05,B0034,0.9899492859840393,False
0.1,B0034,0.9787829518318176,True
0.2,B0034,0.887120246887207,True
0.01,B0034,0.9945240020751953,False
0.02,B0034,0.9944779872894287,False
0.05,B0034,0.9933419227600098,False
0.1,B0034,0.9488646984100342,True
0.2,B0034,0.741635799407959,True
0.01,B0034,0.9947929978370667,False
0.02,B0034,0.9951665997505188,False
0.05,B0034,0.9899779558181763,False
0.1,B0034,0.972564697265625,True
0.2,B0034,0.861147403717041,True
0.01,B0034,0.9948768615722656,False
0.02,B0034,0.9950245022773743,False
0.05,B0034,0.9976769685745239,False
0.1,B0034,0.9813485145568848,False
0.2,B0034,0.7712728977203369,True
0.01,B0034,0.9952266812324524,False
0.02,B0034,0.9954078197479248,False
0.05,B0034,0.9935773015022278,False
0.1,B0034,0.9805513620376587,True
0.2,B0034,0.8940256237983704,True
0.01,B0034,0.9943513870239258,False
0.02,B0034,0.9943232536315918,False
0.05,B0034,0.9955711960792542,False
0.1,B0034,0.9775478839874268,True
0.2,B0034,0.7935748100280762,True
0.01,B0034,0.9947628974914551,False
0.02,B0034,0.9949486255645752,False
0.05,B0034,0.9932773113250732,False
0.1,B0034,0.9899453520774841,False
0.2,B0034,0.9198436141014099,True
0.01,B0034,0.9945756793022156,False
0.02,B0034,0.9943290948867798,False
0.05,B0034,0.9925816655158997,False
0.1,B0034,0.9764406085014343,True
0.2,B0034,0.8971144556999207,True
0.01,B0034,0.9946702718734741,False
0.02,B0034,0.9948540925979614,False
0.05,B0034,0.992847740650177,False
0.1,B0034,0.983098566532135,False
0.2,B0034,0.8027600049972534,True
0.01,B0034,0.9948322176933289,False
0.02,B0034,0.9942716360092163,False
0.05,B0034,0.9966827630996704,False
0.1,B0034,0.9283280968666077,True
0.2,B0034,0.7402044534683228,True
0.01,B0034,0.9946748614311218,False
0.02,B0034,0.9947074055671692,False
0.05,B0034,0.9916962385177612,False
0.1,B0034,0.979177713394165,True
0.2,B0034,0.7731393575668335,True
0.01,B0034,0.9952832460403442,False
0.02,B0034,0.9947910308837891,False
0.05,B0034,0.9942313432693481,False
0.1,B0034,0.9334591627120972,True
0.2,B0034,0.8074026107788086,True
0.01,B0034,0.9949682354927063,False
0.02,B0034,0.9953160285949707,False
0.05,B0034,0.9954961538314819,False
0.1,B0034,0.9924963712692261,False
0.2,B0034,0.9175868630409241,True
0.01,B0034,0.9950000047683716,False
0.02,B0034,0.9951992034912109,False
0.05,B0034,0.9939140677452087,False
0.1,B0034,0.9863547682762146,False
0.2,B0034,0.88643479347229,True
0.01,B0034,0.9870051145553589,False
0.02,B0034,0.986920952796936,False
0.05,B0034,0.985643208026886,False
0.1,B0034,0.9575784802436829,True
0.2,B0034,0.9337982535362244,True
0.01,B0034,0.9878802299499512,False
0.02,B0034,0.9888145923614502,False
0.05,B0034,0.9850149154663086,False
0.1,B0034,0.958677351474762,True
0.2,B0034,0.8195512294769287,True
0.01,B0034,0.9915194511413574,False
0.02,B0034,0.9900615811347961,False
0.05,B0034,0.9905855655670166,False
0.1,B0034,0.9394451379776001,True
0.2,B0034,0.7585944533348083,True
0.01,B0034,0.9939208030700684,False
0.02,B0034,0.9941436052322388,False
0.05,B0034,0.991779088973999,False
0.1,B0034,0.9801822900772095,True
0.2,B0034,0.8286929726600647,True
0.01,B0034,0.9939505457878113,False
0.02,B0034,0.9938614368438721,False
0.05,B0034,0.9928297996520996,False
0.1,B0034,0.9952597618103027,False
0.2,B0034,0.7356714606285095,True
0.01,B0054,0.9780259132385254,True
0.02,B0054,0.9778090715408325,True
0.05,B0054,0.9721571207046509,True
0.1,B0054,0.9782050848007202,True
0.2,B0054,0.911179780960083,True
0.01,B0054,0.9983525276184082,False
0.02,B0054,0.9984377026557922,False
0.05,B0054,0.9983550310134888,False
0.1,B0054,0.9944610595703125,False
0.2,B0054,0.7524280548095703,True
0.01,B0054,0.9990234375,False
0.02,B0054,0.9991413354873657,False
0.05,B0054,0.9992923140525818,False
0.1,B0054,0.9907046556472778,False
0.2,B0054,0.8521401882171631,True
0.01,B0054,0.9848403334617615,False
0.02,B0054,0.9853511452674866,False
0.05,B0054,0.9869270920753479,False
0.1,B0054,0.9722642302513123,True
0.2,B0054,0.916201114654541,True
0.01,B0054,0.9971573948860168,False
0.02,B0054,0.9968767166137695,False
0.05,B0054,0.9949237108230591,False
0.1,B0054,0.9859656691551208,False
0.2,B0054,0.908734917640686,True
0.01,B0054,0.9846017360687256,False
0.02,B0054,0.9852446913719177,False
0.05,B0054,0.9846312403678894,False
0.1,B0054,0.9792893528938293,True
0.2,B0054,0.9455206990242004,True
0.01,B0054,0.9964079856872559,False
0.02,B0054,0.9966631531715393,False
0.05,B0054,0.9960252046585083,False
0.1,B0054,0.9937527179718018,False
0.2,B0054,0.8080923557281494,True
0.01,B0054,0.985472559928894,False
0.02,B0054,0.9857854843139648,False
0.05,B0054,0.9837886095046997,False
0.1,B0054,0.9874643683433533,False
0.2,B0054,0.9482355117797852,True
0.01,B0054,0.9980269074440002,False
0.02,B0054,0.9981976747512817,False
0.05,B0054,0.9983192086219788,False
0.1,B0054,0.9748944044113159,True
0.2,B0054,0.9249542951583862,True
0.01,B0054,0.9977262020111084,False
0.02,B0054,0.9975681304931641,False
0.05,B0054,0.9960606694221497,False
0.1,B0054,0.9933763742446899,False
0.2,B0054,0.7833809852600098,True
0.01,B0054,0.9852019548416138,False
0.02,B0054,0.9849889278411865,False
0.05,B0054,0.9869294762611389,False
0.1,B0054,0.984176754951477,False
0.2,B0054,0.9382305145263672,True
0.01,B0054,0.9966477155685425,False
0.02,B0054,0.9968831539154053,False
0.05,B0054,0.998594343662262,False
0.1,B0054,0.9829432964324951,False
0.2,B0054,0.9564728736877441,True
0.01,B0054,0.9877731800079346,False
0.02,B0054,0.9873592853546143,False
0.05,B0054,0.9883241653442383,False
0.1,B0054,0.9829050302505493,False
0.2,B0054,0.7813484072685242,True
0.01,B0054,0.9965753555297852,False
0.02,B0054,0.996304452419281,False
0.05,B0054,0.9970024824142456,False
0.1,B0054,0.9932340383529663,False
0.2,B0054,0.9139549732208252,True
0.01,B0054,0.9962496161460876,False
0.02,B0054,0.9964145421981812,False
0.05,B0054,0.9930197596549988,False
0.1,B0054,0.9934187531471252,False
0.2,B0054,0.7806563377380371,True
0.01,B0054,0.9852341413497925,False
0.02,B0054,0.9857144355773926,False
0.05,B0054,0.9806798100471497,True
0.1,B0054,0.9861878156661987,False
0.2,B0054,0.8875108957290649,True
0.01,B0054,0.9855530858039856,False
0.02,B0054,0.9852208495140076,False
0.05,B0054,0.9871988892555237,False
0.1,B0054,0.9808604717254639,True
0.2,B0054,0.9412906169891357,True
0.01,B0054,0.9865981340408325,False
0.02,B0054,0.9865291714668274,False
0.05,B0054,0.9861435890197754,False
0.1,B0054,0.9842464327812195,False
0.2,B0054,0.9466567039489746,True
0.01,B0054,0.9884679317474365,False
0.02,B0054,0.9892234206199646,False
0.05,B0054,0.9881701469421387,False
0.1,B0054,0.9880938529968262,False
0.2,B0054,0.9037564396858215,True
0.01,B0054,0.9971202611923218,False
0.02,B0054,0.9968689680099487,False
0.05,B0054,0.9978197813034058,False
0.1,B0054,0.9886319637298584,False
0.2,B0054,0.9282784461975098,True
0.01,B0054,0.9846662282943726,False
0.02,B0054,0.9844216108322144,False
0.05,B0054,0.9839306473731995,False
0.1,B0054,0.9762600660324097,True
0.2,B0054,0.8024177551269531,True
0.01,B0054,0.9862547516822815,False
0.02,B0054,0.9862334728240967,False
0.05,B0054,0.9888932704925537,False
0.1,B0054,0.9803809523582458,True
0.2,B0054,0.9414966106414795,True
0.01,B0054,0.9968730807304382,False
0.02,B0054,0.9967020750045776,False
0.05,B0054,0.9953002333641052,False
0.1,B0054,0.9923660159111023,False
0.2,B0054,0.9167940616607666,True
0.01,B0054,0.9862821102142334,False
0.02,B0054,0.986666202545166,False
0.05,B0054,0.9879761338233948,False
0.1,B0054,0.9734160900115967,True
0.2,B0054,0.911634624004364,True
0.01,B0054,0.9872089624404907,False
0.02,B0054,0.9875363707542419,False
0.05,B0054,0.9877758026123047,False
0.1,B0054,0.9887528419494629,False
0.2,B0054,0.9101251363754272,True
0.01,B0054,0.984715461730957,False
0.02,B0054,0.9847397804260254,False
0.05,B0054,0.9824300408363342,False
0.1,B0054,0.9787909388542175,True
0.2,B0054,0.9016609787940979,True
0.01,B0054,0.9965003132820129,False
0.02,B0054,0.9965912103652954,False
0.05,B0054,0.9959132671356201,False
0.1,B0054,0.9954985976219177,False
0.2,B0054,0.8979992270469666,True
0.01,B0054,0.9973600506782532,False
0.02,B0054,0.9974589347839355,False
0.05,B0054,0.9974510073661804,False
0.1,B0054,0.9797441363334656,True
0.2,B0054,0.9212597608566284,True
0.01,B0054,0.996349573135376,False
0.02,B0054,0.9965410232543945,False
0.05,B0054,0.997334361076355,False
0.1,B0054,0.9891153573989868,False
0.2,B0054,0.9026697278022766,True
0.01,B0054,0.9852319359779358,False
0.02,B0054,0.986139714717865,False
0.05,B0054,0.9868907928466797,False
0.1,B0054,0.9770079851150513,True
0.2,B0054,0.9096722602844238,True
0.01,B0054,0.9971577525138855,False
0.02,B0054,0.9975492358207703,False
0.05,B0054,0.9949676990509033,False
0.1,B0054,0.9808993935585022,True
0.2,B0054,0.9180233478546143,True
0.01,B0054,0.9846669435501099,False
0.02,B0054,0.9846231937408447,False
0.05,B0054,0.9842677712440491,False
0.1,B0054,0.982825517654419,False
0.2,B0054,0.8522403836250305,True
0.01,B0054,0.9866194128990173,False
0.02,B0054,0.9864789247512817,False
0.05,B0054,0.984443187713623,False
0.1,B0054,0.9906792044639587,False
0.2,B0054,0.9080389738082886,True
0.01,B0054,0.9967710971832275,False
0.02,B0054,0.9970359206199646,False
0.05,B0054,0.9975512623786926,False
0.1,B0054,0.9917563199996948,False
0.2,B0054,0.8653110861778259,True
0.01,B0054,0.9861403703689575,False
0.02,B0054,0.9863379001617432,False
0.05,B0054,0.9810397624969482,False
0.1,B0054,0.9842711091041565,False
0.2,B0054,0.9046504497528076,True
0.01,B0054,0.98388671875,False
0.02,B0054,0.9835606813430786,False
0.05,B0054,0.9862013459205627,False
0.1,B0054,0.9834190607070923,False
0.2,B0054,0.9182817935943604,True
0.01,B0054,0.9870810508728027,False
0.02,B0054,0.9861295223236084,False
0.05,B0054,0.9878296852111816,False
0.1,B0054,0.9849411249160767,False
0.2,B0054,0.9208648204803467,True
0.01,B0054,0.9974552392959595,False
0.02,B0054,0.9975041151046753,False
0.05,B0054,0.9968322515487671,False
0.1,B0054,0.9895575046539307,False
0.2,B0054,0.7344053387641907,True
0.01,B0054,0.9837597608566284,False
0.02,B0054,0.9845806360244751,False
0.05,B0054,0.9865708947181702,False
0.1,B0054,0.9832211136817932,False
0.2,B0054,0.9377201795578003,True
0.01,B0054,0.9942922592163086,False
0.02,B0054,0.9948492646217346,False
0.05,B0054,0.9939517974853516,False
0.1,B0054,0.9888883829116821,False
0.2,B0054,0.9278148412704468,True
0.01,B0054,0.9966741800308228,False
0.02,B0054,0.9966641664505005,False
0.05,B0054,0.9959675073623657,False
0.1,B0054,0.9903364777565002,False
0.2,B0054,0.8569628000259399,True
0.01,B0054,0.9838011264801025,False
0.02,B0054,0.983843207359314,False
0.05,B0054,0.9813629984855652,False
0.1,B0054,0.9795206785202026,True
0.2,B0054,0.9175148010253906,True
0.01,B0054,0.9851290583610535,False
0.02,B0054,0.9851826429367065,False
0.05,B0054,0.9858213067054749,False
0.1,B0054,0.9851844310760498,False
0.2,B0054,0.942466139793396,True
0.01,B0054,0.9846034646034241,False
0.02,B0054,0.9852076768875122,False
0.05,B0054,0.9858289957046509,False
0.1,B0054,0.9781366586685181,True
0.2,B0054,0.9136239290237427,True
0.01,B0054,0.997157633304596,False
0.02,B0054,0.996896505355835,False
0.05,B0054,0.9958412051200867,False
0.1,B0054,0.9904274344444275,False
0.2,B0054,0.876968502998352,True
0.01,B0054,0.9844185709953308,False
0.02,B0054,0.9848326444625854,False
0.05,B0054,0.9798251390457153,True
0.1,B0054,0.9869604110717773,False
0.2,B0054,0.9396746158599854,True
0.01,B0054,0.98374342918396,False
0.02,B0054,0.9831936359405518,False
0.05,B0054,0.9858825206756592,False
0.1,B0054,0.980545163154602,True
0.2,B0054,0.9187934398651123,True
0.01,B0054,0.9837508201599121,False
0.02,B0054,0.9835057258605957,False
0.05,B0054,0.9825848340988159,False
0.1,B0054,0.9858024716377258,False
0.2,B0054,0.9112647175788879,True
0.01,B0054,0.9849819540977478,False
0.02,B0054,0.9851222634315491,False
0.05,B0054,0.9873055815696716,False
0.1,B0054,0.9828196167945862,False
0.2,B0054,0.9141035079956055,True
0.01,B0054,0.9858434796333313,False
0.02,B0054,0.9858676791191101,False
0.05,B0054,0.9860993027687073,False
0.1,B0054,0.976364254951477,True
0.2,B0054,0.9423948526382446,True
0.01,B0054,0.9850891828536987,False
0.02,B0054,0.9856809973716736,False
0.05,B0054,0.9886652231216431,False
0.1,B0054,0.9830395579338074,False
0.2,B0054,0.9321188926696777,True
0.01,B0054,0.9846843481063843,False
0.02,B0054,0.9854506850242615,False
0.05,B0054,0.9859694838523865,False
0.1,B0054,0.9877723455429077,False
0.2,B0054,0.7468922138214111,True
0.01,B0054,0.9843329191207886,False
0.02,B0054,0.9844244718551636,False
0.05,B0054,0.9831980466842651,False
0.1,B0054,0.9845977425575256,False
0.2,B0054,0.9260756373405457,True
0.01,B0054,0.9846382141113281,False
0.02,B0054,0.9850048422813416,False
0.05,B0054,0.981777548789978,False
0.1,B0054,0.9863204956054688,False
0.2,B0054,0.9257344603538513,True
0.01,B0054,0.9848527908325195,False
0.02,B0054,0.9849351644515991,False
0.05,B0054,0.9861690402030945,False
0.1,B0054,0.9866868257522583,False
0.2,B0054,0.9096653461456299,True
0.01,B0054,0.9967399835586548,False
0.02,B0054,0.9969779253005981,False
0.05,B0054,0.9964097738265991,False
0.1,B0054,0.9946315288543701,False
0.2,B0054,0.9176458120346069,True
0.01,B0054,0.9845947623252869,False
0.02,B0054,0.9840340614318848,False
0.05,B0054,0.9783861637115479,True
0.1,B0054,0.979853093624115,True
0.2,B0054,0.932080090045929,True
0.01,B0054,0.9837019443511963,False
0.02,B0054,0.9839922785758972,False
0.05,B0054,0.9854825735092163,False
0.1,B0054,0.974685788154602,True
0.2,B0054,0.9045891761779785,True
0.01,B0054,0.9838883876800537,False
0.02,B0054,0.9843695163726807,False
0.05,B0054,0.9859014749526978,False
0.1,B0054,0.9726248383522034,True
0.2,B0054,0.7217997908592224,True
0.01,B0054,0.9835896492004395,False
0.02,B0054,0.982841432094574,False
0.05,B0054,0.9850491881370544,False
0.1,B0054,0.9710996150970459,True
0.2,B0054,0.9399316906929016,True
0.01,B0054,0.9963911771774292,False
0.02,B0054,0.9960352182388306,False
0.05,B0054,0.9957458972930908,False
0.1,B0054,0.9933013916015625,False
0.2,B0054,0.8895264863967896,True
0.01,B0054,0.9838135242462158,False
0.02,B0054,0.9839577674865723,False
0.05,B0054,0.9802345633506775,True
0.1,B0054,0.975403368473053,True
0.2,B0054,0.9002896547317505,True
0.01,B0054,0.9971158504486084,False
0.02,B0054,0.9971408843994141,False
0.05,B0054,0.9953277707099915,False
0.1,B0054,0.989288330078125,False
0.2,B0054,0.8311094045639038,True
0.01,B0054,0.9837202429771423,False
0.02,B0054,0.9839835166931152,False
0.05,B0054,0.9854506850242615,False
0.1,B0054,0.9866713285446167,False
0.2,B0054,0.923593282699585,True
0.01,B0054,0.9836450815200806,False
0.02,B0054,0.9826686978340149,False
0.05,B0054,0.9859795570373535,False
0.1,B0054,0.9678195714950562,True
0.2,B0054,0.9272381067276001,True
0.01,B0054,0.9969372749328613,False
0.02,B0054,0.996999979019165,False
0.05,B0054,0.9951072931289673,False
0.1,B0054,0.9864144325256348,False
0.2,B0054,0.9371976852416992,True
0.01,B0054,0.9842245578765869,False
0.02,B0054,0.9841625094413757,False
0.05,B0054,0.983487606048584,False
0.1,B0054,0.9782252311706543,True
0.2,B0054,0.9119316339492798,True
0.01,B0054,0.9826139211654663,False
0.02,B0054,0.9827780723571777,False
0.05,B0054,0.9840947985649109,False
0.1,B0054,0.9852680563926697,False
0.2,B0054,0.9120073318481445,True
0.01,B0054,0.9839910268783569,False
0.02,B0054,0.9838438034057617,False
0.05,B0054,0.988274335861206,False
0.1,B0054,0.9784681797027588,True
0.2,B0054,0.9347618222236633,True
0.01,B0054,0.9837551712989807,False
0.02,B0054,0.9838590025901794,False
0.05,B0054,0.982194721698761,False
0.1,B0054,0.9785085916519165,True
0.2,B0054,0.9296317100524902,True
0.01,B0054,0.9963694214820862,False
0.02,B0054,0.9960624575614929,False
0.05,B0054,0.9957927465438843,False
0.1,B0054,0.992172360420227,False
0.2,B0054,0.8601969480514526,True
0.01,B0054,0.9835107922554016,False
0.02,B0054,0.9835448265075684,False
0.05,B0054,0.9823786020278931,False
0.1,B0054,0.9773402810096741,True
0.2,B0054,0.8864615559577942,True
0.01,B0054,0.9850242137908936,False
0.02,B0054,0.9848390817642212,False
0.05,B0054,0.9849069714546204,False
0.1,B0054,0.9744122624397278,True
0.2,B0054,0.9265550374984741,True
0.01,B0054,0.9823839068412781,False
0.02,B0054,0.9830973148345947,False
0.05,B0054,0.9844470024108887,False
0.1,B0054,0.9840977191925049,False
0.2,B0054,0.9016138911247253,True
0.01,B0054,0.9826909899711609,False
0.02,B0054,0.9827103614807129,False
0.05,B0054,0.9852808713912964,False
0.1,B0054,0.9757064580917358,True
0.2,B0054,0.9431501626968384,True
0.01,B0054,0.9828288555145264,False
0.02,B0054,0.9829083681106567,False
0.05,B0054,0.9854677319526672,False
0.1,B0054,0.9906845092773438,False
0.2,B0054,0.9083025455474854,True
0.01,B0054,0.9889498949050903,False
0.02,B0054,0.9889345169067383,False
0.05,B0054,0.9886791110038757,False
0.1,B0054,0.9786323308944702,True
0.2,B0054,0.9134178161621094,True
0.01,B0054,0.982516884803772,False
0.02,B0054,0.981418788433075,False
0.05,B0054,0.9786662459373474,True
0.1,B0054,0.984839677810669,False
0.2,B0054,0.9043720960617065,True
0.01,B0054,0.9948833584785461,False
0.02,B0054,0.9948961734771729,False
0.05,B0054,0.9964176416397095,False
0.1,B0054,0.9868512153625488,False
0.2,B0054,0.915990948677063,True
0.01,B0054,0.9829851388931274,False
0.02,B0054,0.9820231795310974,False
0.05,B0054,0.9814954400062561,False
0.1,B0054,0.9698423147201538,True
0.2,B0054,0.9081413745880127,True
0.01,B0054,0.9846208095550537,False
0.02,B0054,0.9840894341468811,False
0.05,B0054,0.9865927696228027,False
0.1,B0054,0.9676961898803711,True
0.2,B0054,0.9169047474861145,True
0.01,B0054,0.9824552536010742,False
0.02,B0054,0.9827921390533447,False
0.05,B0054,0.9834810495376587,False
0.1,B0054,0.9748228192329407,True
0.2,B0054,0.9453542828559875,True
0.01,B0054,0.9822218418121338,False
0.02,B0054,0.981248676776886,False
0.05,B0054,0.9826234579086304,False
0.1,B0054,0.9740082025527954,True
0.2,B0054,0.9250223636627197,True
0.01,B0054,0.9820555448532104,False
0.02,B0054,0.9812921285629272,False
0.05,B0054,0.9808641076087952,True
0.1,B0054,0.9785724878311157,True
0.2,B0054,0.944724440574646,True
0.01,B0054,0.9821699857711792,False
0.02,B0054,0.9822729229927063,False
0.05,B0054,0.9826470613479614,False
0.1,B0054,0.9804763793945312,True
0.2,B0054,0.835959255695343,True
0.01,B0054,0.9826449751853943,False
0.02,B0054,0.9836967587471008,False
0.05,B0054,0.9849905371665955,False
0.1,B0054,0.985302209854126,False
0.2,B0054,0.9173182249069214,True
0.01,B0054,0.9945193529129028,False
0.02,B0054,0.9942271113395691,False
0.05,B0054,0.9947742223739624,False
0.1,B0054,0.9919494390487671,False
0.2,B0054,0.9157594442367554,True
0.01,B0054,0.9831879138946533,False
0.02,B0054,0.9825968146324158,False
0.05,B0054,0.985023558139801,False
0.1,B0054,0.9773412942886353,True
0.2,B0054,0.9065868854522705,True
0.01,B0054,0.9814152717590332,False
0.02,B0054,0.982101559638977,False
0.05,B0054,0.9781519174575806,True
0.1,B0054,0.9815639853477478,False
0.2,B0054,0.910826563835144,True
0.01,B0054,0.9831532835960388,False
0.02,B0054,0.9836342334747314,False
0.05,B0054,0.9868572950363159,False
0.1,B0054,0.9722418785095215,True
0.2,B0054,0.9077095985412598,True
0.01,B0054,0.9836005568504333,False
0.02,B0054,0.9833978414535522,False
0.05,B0054,0.9876627326011658,False
0.1,B0054,0.982917308807373,False
0.2,B0054,0.865890622138977,True
0.01,B0054,0.9830632209777832,False
0.02,B0054,0.9833095073699951,False
0.05,B0054,0.9787658452987671,True
0.1,B0054,0.9856356382369995,False
0.2,B0054,0.9018407464027405,True
0.01,B0054,0.9832125306129456,False
0.02,B0054,0.9827696681022644,False
0.05,B0054,0.9849300384521484,False
0.1,B0054,0.9836882948875427,False
0.2,B0054,0.8341294527053833,True
0.01,B0054,0.9853682518005371,False
0.02,B0054,0.9852636456489563,False
0.05,B0054,0.9864911437034607,False
0.1,B0054,0.9746323227882385,True
0.2,B0054,0.9155312776565552,True
0.01,B0054,0.9822648763656616,False
0.02,B0054,0.9830581545829773,False
0.05,B0054,0.9821226000785828,False
0.1,B0054,0.9870277643203735,False
0.2,B0054,0.8967811465263367,True
0.01,B0054,0.9943235516548157,False
0.02,B0054,0.9945676326751709,False
0.05,B0054,0.9921875,False
0.1,B0054,0.9894585013389587,False
0.2,B0054,0.8771286606788635,True
0.01,B0054,0.9818757772445679,False
0.02,B0054,0.9817412495613098,False
0.05,B0054,0.9785635471343994,True
0.1,B0054,0.9878278970718384,False
0.2,B0054,0.9261530637741089,True
0.01,B0054,0.9846680164337158,False
0.02,B0054,0.9846620559692383,False
0.05,B0054,0.9884845018386841,False
0.1,B0054,0.9861900210380554,False
0.2,B0054,0.939136266708374,True
0.01,B0054,0.9814952611923218,False
0.02,B0054,0.9822521209716797,False
0.05,B0054,0.9827244877815247,False
0.1,B0054,0.9709238409996033,True
0.2,B0054,0.9118258953094482,True
0.01,B0054,0.9818018078804016,False
0.02,B0054,0.9813471436500549,False
0.05,B0054,0.9854307770729065,False
0.1,B0054,0.9828228950500488,False
0.2,B0054,0.915540337562561,True
0.01,B0054,0.983109712600708,False
0.02,B0054,0.9828951358795166,False
0.05,B0054,0.9873241782188416,False
0.1,B0054,0.9827560782432556,False
0.2,B0054,0.9021685123443604,True
0.01,B0054,0.980982780456543,True
0.02,B0054,0.9814823865890503,False
0.05,B0054,0.981947660446167,False
0.1,B0054,0.9855862855911255,False
0.2,B0054,0.9484142661094666,True
0.01,B0055,0.9715911149978638,True
0.02,B0055,0.9715722799301147,True
0.05,B0055,0.9738508462905884,True
0.1,B0055,0.9773938655853271,True
0.2,B0055,0.9326457977294922,True
0.01,B0055,0.9975058436393738,False
0.02,B0055,0.9975800514221191,False
0.05,B0055,0.9977341294288635,False
0.1,B0055,0.9907015562057495,False
0.2,B0055,0.9464523792266846,True
0.01,B0055,0.9981109499931335,False
0.02,B0055,0.9982256889343262,False
0.05,B0055,0.9968770146369934,False
0.1,B0055,0.9915288686752319,False
0.2,B0055,0.937043309211731,True
0.01,B0055,0.997338056564331,False
0.02,B0055,0.9974193572998047,False
0.05,B0055,0.9979839324951172,False
0.1,B0055,0.9856705665588379,False
0.2,B0055,0.8948614597320557,True
0.01,B0055,0.998395562171936,False
0.02,B0055,0.998344898223877,False
0.05,B0055,0.9980177879333496,False
0.1,B0055,0.9953001737594604,False
0.2,B0055,0.928147554397583,True
0.01,B0055,0.997651994228363,False
0.02,B0055,0.9976092576980591,False
0.05,B0055,0.9981251955032349,False
0.1,B0055,0.9852781891822815,False
0.2,B0055,0.9518192410469055,True
0.01,B0055,0.9942750930786133,False
0.02,B0055,0.9945948123931885,False
0.05,B0055,0.993619441986084,False
0.1,B0055,0.985325038433075,False
0.2,B0055,0.9358775019645691,True
0.01,B0055,0.9928785562515259,False
0.02,B0055,0.9925457835197449,False
0.05,B0055,0.9931904077529907,False
0.1,B0055,0.9914836883544922,False
0.2,B0055,0.9310557842254639,True
0.01,B0055,0.9979475736618042,False
0.02,B0055,0.99773108959198,False
0.05,B0055,0.9986423850059509,False
0.1,B0055,0.992732048034668,False
0.2,B0055,0.951836884021759,True
0.01,B0055,0.9978079795837402,False
0.02,B0055,0.9976882338523865,False
0.05,B0055,0.9962265491485596,False
0.1,B0055,0.9930961728096008,False
0.2,B0055,0.9094721078872681,True
0.01,B0055,0.9931517243385315,False
0.02,B0055,0.9930884838104248,False
0.05,B0055,0.9921838641166687,False
0.1,B0055,0.9845243096351624,False
0.2,B0055,0.8973081111907959,True
0.01,B0055,0.9975354671478271,False
0.02,B0055,0.9978410005569458,False
0.05,B0055,0.9960929155349731,False
0.1,B0055,0.9861372709274292,False
0.2,B0055,0.9294276237487793,True
0.01,B0055,0.9975372552871704,False
0.02,B0055,0.9977074265480042,False
0.05,B0055,0.9948337078094482,False
0.1,B0055,0.9916427135467529,False
0.2,B0055,0.8552196025848389,True
0.01,B0055,0.9972571134567261,False
0.02,B0055,0.9975293874740601,False
0.05,B0055,0.9980282783508301,False
0.1,B0055,0.9937503933906555,False
0.2,B0055,0.8802634477615356,True
0.01,B0055,0.9971875548362732,False
0.02,B0055,0.9972196817398071,False
0.05,B0055,0.9984819889068604,False
0.1,B0055,0.9843562245368958,False
0.2,B0055,0.8663138747215271,True
0.01,B0055,0.997229278087616,False
0.02,B0055,0.99713134765625,False
0.05,B0055,0.9950878024101257,False
0.1,B0055,0.9924153685569763,False
0.2,B0055,0.8667690753936768,True
0.01,B0055,0.9969245195388794,False
0.02,B0055,0.9968104958534241,False
0.05,B0055,0.9975305199623108,False
0.1,B0055,0.994436502456665,False
0.2,B0055,0.9397812485694885,True
0.01,B0055,0.9967021942138672,False
0.02,B0055,0.9970544576644897,False
0.05,B0055,0.997299075126648,False
0.1,B0055,0.9929183125495911,False
0.2,B0055,0.8784725666046143,True
0.01,B0055,0.9971210956573486,False
0.02,B0055,0.9970629811286926,False
0.05,B0055,0.9960812330245972,False
0.1,B0055,0.9937511086463928,False
0.2,B0055,0.940875232219696,True
0.01,B0055,0.9972819685935974,False
0.02,B0055,0.9974032640457153,False
0.05,B0055,0.9951448440551758,False
0.1,B0055,0.9892990589141846,False
0.2,B0055,0.9333574175834656,True
0.01,B0055,0.9969943165779114,False
0.02,B0055,0.9969581365585327,False
0.05,B0055,0.9966819286346436,False
0.1,B0055,0.9924019575119019,False
0.2,B0055,0.9136108160018921,True
0.01,B0055,0.9967634677886963,False
0.02,B0055,0.9967390298843384,False
0.05,B0055,0.9965170621871948,False
0.1,B0055,0.9932973980903625,False
0.2,B0055,0.9260578155517578,True
0.01,B0055,0.9963424205780029,False
0.02,B0055,0.9967473149299622,False
0.05,B0055,0.99517422914505,False
0.1,B0055,0.9956085681915283,False
0.2,B0055,0.888790488243103,True
0.01,B0055,0.9963754415512085,False
0.02,B0055,0.9965305328369141,False
0.05,B0055,0.9943947792053223,False
0.1,B0055,0.9952477216720581,False
0.2,B0055,0.9054927825927734,True
0.01,B0055,0.9957436919212341,False
0.02,B0055,0.9960894584655762,False
0.05,B0055,0.9966723322868347,False
0.1,B0055,0.9852257966995239,False
0.2,B0055,0.9521116018295288,True
0.01,B0055,0.9962241649627686,False
0.02,B0055,0.9961332678794861,False
0.05,B0055,0.9954182505607605,False
0.1,B0055,0.9902844429016113,False
0.2,B0055,0.9526077508926392,True
0.01,B0055,0.9962117671966553,False
0.02,B0055,0.995927095413208,False
0.05,B0055,0.9968442916870117,False
0.1,B0055,0.9835254549980164,False
0.2,B0055,0.9318618774414062,True
0.01,B0055,0.996299147605896,False
0.02,B0055,0.9964620471000671,False
0.05,B0055,0.9969385266304016,False
0.1,B0055,0.9917348027229309,False
0.2,B0055,0.8876103162765503,True
0.01,B0055,0.9964207410812378,False
0.02,B0055,0.9962078332901001,False
0.05,B0055,0.994190514087677,False
0.1,B0055,0.993470311164856,False
0.2,B0055,0.9578849673271179,True
0.01,B0055,0.9957525730133057,False
0.02,B0055,0.9959501028060913,False
0.05,B0055,0.9950375556945801,False
0.1,B0055,0.9817330837249756,False
0.2,B0055,0.9499002695083618,True
0.01,B0055,0.9960455894470215,False
0.02,B0055,0.995923638343811,False
0.05,B0055,0.9949442148208618,False
0.1,B0055,0.990362286567688,False
0.2,B0055,0.935270369052887,True
0.01,B0055,0.9961531758308411,False
0.02,B0055,0.9962469935417175,False
0.05,B0055,0.9959098696708679,False
0.1,B0055,0.9830420613288879,False
0.2,B0055,0.9056236743927002,True
0.01,B0055,0.99515700340271,False
0.02,B0055,0.9946917295455933,False
0.05,B0055,0.9959160685539246,False
0.1,B0055,0.9861695170402527,False
0.2,B0055,0.9573589563369751,True
0.01,B0055,0.9954861402511597,False
0.02,B0055,0.995640218257904,False
0.05,B0055,0.9946300387382507,False
0.1,B0055,0.9911649227142334,False
0.2,B0055,0.9385794401168823,True
0.01,B0055,0.9958083629608154,False
0.02,B0055,0.9958487153053284,False
0.05,B0055,0.9949504137039185,False
0.1,B0055,0.9964492321014404,False
0.2,B0055,0.8740850687026978,True
0.01,B0055,0.9959892630577087,False
0.02,B0055,0.9964523315429688,False
0.05,B0055,0.998277485370636,False
0.1,B0055,0.9860374927520752,False
0.2,B0055,0.8744747042655945,True
0.01,B0055,0.9956446886062622,False
0.02,B0055,0.9956194162368774,False
0.05,B0055,0.9947618246078491,False
0.1,B0055,0.9850175380706787,False
0.2,B0055,0.8604736328125,True
0.01,B0055,0.9959181547164917,False
0.02,B0055,0.9960475564002991,False
0.05,B0055,0.9962164163589478,False
0.1,B0055,0.9896101355552673,False
0.2,B0055,0.9272911548614502,True
0.01,B0055,0.9958098530769348,False
0.02,B0055,0.9959806203842163,False
0.05,B0055,0.9917388558387756,False
0.1,B0055,0.9805455207824707,True
0.2,B0055,0.8696393966674805,True
0.01,B0055,0.996017336845398,False
0.02,B0055,0.9959679245948792,False
0.05,B0055,0.9971240758895874,False
0.1,B0055,0.9875496029853821,False
0.2,B0055,0.7880727648735046,True
0.01,B0055,0.9954642057418823,False
0.02,B0055,0.9954279661178589,False
0.05,B0055,0.9964281320571899,False
0.1,B0055,0.9932612180709839,False
0.2,B0055,0.931571900844574,True
0.01,B0055,0.9956364631652832,False
0.02,B0055,0.9956150054931641,False
0.05,B0055,0.9947150945663452,False
0.1,B0055,0.9915618896484375,False
0.2,B0055,0.9326261281967163,True
0.01,B0055,0.9957430362701416,False
0.02,B0055,0.9954967498779297,False
0.05,B0055,0.9965073466300964,False
0.1,B0055,0.9890778660774231,False
0.2,B0055,0.9397934079170227,True
0.01,B0055,0.9940731525421143,False
0.02,B0055,0.9934926629066467,False
0.05,B0055,0.9942580461502075,False
0.1,B0055,0.9941016435623169,False
0.2,B0055,0.9234619140625,True
0.01,B0055,0.9953831434249878,False
0.02,B0055,0.9952588081359863,False
0.05,B0055,0.9969973564147949,False
0.1,B0055,0.98384690284729,False
0.2,B0055,0.948706328868866,True
0.01,B0055,0.9952118396759033,False
0.02,B0055,0.9955307841300964,False
0.05,B0055,0.9948586225509644,False
0.1,B0055,0.9882721304893494,False
0.2,B0055,0.8703151941299438,True
0.01,B0055,0.9945226311683655,False
0.02,B0055,0.9945850372314453,False
0.05,B0055,0.9977195858955383,False
0.1,B0055,0.9938533306121826,False
0.2,B0055,0.8736529350280762,True
0.01,B0055,0.9896774888038635,False
0.02,B0055,0.9891225099563599,False
0.05,B0055,0.9932565093040466,False
0.1,B0055,0.9950289726257324,False
0.2,B0055,0.923488974571228,True
0.01,B0055,0.9933851957321167,False
0.02,B0055,0.993707537651062,False
0.05,B0055,0.9934420585632324,False
0.1,B0055,0.9868468642234802,False
0.2,B0055,0.8965820670127869,True
0.01,B0055,0.994101881980896,False
0.02,B0055,0.9944802522659302,False
0.05,B0055,0.9938166737556458,False
0.1,B0055,0.9806496500968933,True
0.2,B0055,0.9350278973579407,True
0.01,B0055,0.9934942126274109,False
0.02,B0055,0.9932757616043091,False
0.05,B0055,0.9937801361083984,False
0.1,B0055,0.996299684047699,False
0.2,B0055,0.8492611050605774,True
0.01,B0055,0.9941700100898743,False
0.02,B0055,0.9938473701477051,False
0.05,B0055,0.9945844411849976,False
0.1,B0055,0.986901044845581,False
0.2,B0055,0.9215129017829895,True
0.01,B0055,0.9942055940628052,False
0.02,B0055,0.9940977096557617,False
0.05,B0055,0.9938385486602783,False
0.1,B0055,0.9849535226821899,False
0.2,B0055,0.9298571944236755,True
0.01,B0055,0.995168149471283,False
0.02,B0055,0.9952143430709839,False
0.05,B0055,0.9943506717681885,False
0.1,B0055,0.98868727684021,False
0.2,B0055,0.9164056777954102,True
0.01,B0055,0.995120644569397,False
0.02,B0055,0.9950505495071411,False
0.05,B0055,0.9940089583396912,False
0.1,B0055,0.9914706945419312,False
0.2,B0055,0.9569275379180908,True
0.01,B0055,0.9950810670852661,False
0.02,B0055,0.9951791167259216,False
0.05,B0055,0.9948811531066895,False
0.1,B0055,0.9945873618125916,False
0.2,B0055,0.9264882802963257,True
0.01,B0055,0.9946656227111816,False
0.02,B0055,0.9945473074913025,False
0.05,B0055,0.9925543069839478,False
0.1,B0055,0.9840741157531738,False
0.2,B0055,0.9113485813140869,True
0.01,B0055,0.9951597452163696,False
0.02,B0055,0.9954250454902649,False
0.05,B0055,0.9971487522125244,False
0.1,B0055,0.994818389415741,False
0.2,B0055,0.9153014421463013,True
0.01,B0055,0.9934145212173462,False
0.02,B0055,0.9936103224754333,False
0.05,B0055,0.9919729828834534,False
0.1,B0055,0.9893743991851807,False
0.2,B0055,0.9455761909484863,True
0.01,B0055,0.9952635765075684,False
0.02,B0055,0.9953584671020508,False
0.05,B0055,0.9954025745391846,False
0.1,B0055,0.9939444065093994,False
0.2,B0055,0.9135262370109558,True
0.01,B0055,0.9951304197311401,False
0.02,B0055,0.9952408075332642,False
0.05,B0055,0.9922960996627808,False
0.1,B0055,0.982217013835907,False
0.2,B0055,0.9112653136253357,True
0.01,B0055,0.9939212799072266,False
0.02,B0055,0.994473397731781,False
0.05,B0055,0.9949439167976379,False
0.1,B0055,0.9885028600692749,False
0.2,B0055,0.9108375310897827,True
0.01,B0055,0.9948594570159912,False
0.02,B0055,0.9946259260177612,False
0.05,B0055,0.9937666058540344,False
0.1,B0055,0.9846624135971069,False
0.2,B0055,0.931005597114563,True
0.01,B0055,0.9930759072303772,False
0.02,B0055,0.9939080476760864,False
0.05,B0055,0.9949392080307007,False
0.1,B0055,0.9785773754119873,True
0.2,B0055,0.9432645440101624,True
0.01,B0055,0.9953630566596985,False
0.02,B0055,0.9950957298278809,False
0.05,B0055,0.9954559206962585,False
0.1,B0055,0.9832575917243958,False
0.2,B0055,0.9309570789337158,True
0.01,B0055,0.9947022795677185,False
0.02,B0055,0.9946529269218445,False
0.05,B0055,0.9959279298782349,False
0.1,B0055,0.986937403678894,False
0.2,B0055,0.9315545558929443,True
0.01,B0055,0.9933871030807495,False
0.02,B0055,0.9934212565422058,False
0.05,B0055,0.9923956394195557,False
0.1,B0055,0.9934430718421936,False
0.2,B0055,0.9258480072021484,True
0.01,B0055,0.9945465922355652,False
0.02,B0055,0.9943726062774658,False
0.05,B0055,0.9917653203010559,False
0.1,B0055,0.9797740578651428,True
0.2,B0055,0.9366286396980286,True
0.01,B0055,0.9947397708892822,False
0.02,B0055,0.9950394630432129,False
0.05,B0055,0.9968798160552979,False
0.1,B0055,0.9859973788261414,False
0.2,B0055,0.942748486995697,True
0.01,B0055,0.9925546050071716,False
0.02,B0055,0.9920586347579956,False
0.05,B0055,0.9938037395477295,False
0.1,B0055,0.9867191910743713,False
0.2,B0055,0.9321452379226685,True
0.01,B0055,0.994631290435791,False
0.02,B0055,0.9950815439224243,False
0.05,B0055,0.9943505525588989,False
0.1,B0055,0.9836611747741699,False
0.2,B0055,0.8756606578826904,True
0.01,B0055,0.9940529465675354,False
0.02,B0055,0.9938843250274658,False
0.05,B0055,0.9935299754142761,False
0.1,B0055,0.9892846345901489,False
0.2,B0055,0.8510512113571167,True
0.01,B0055,0.9941988587379456,False
0.02,B0055,0.9943733811378479,False
0.05,B0055,0.9941195249557495,False
0.1,B0055,0.9856258630752563,False
0.2,B0055,0.9531135559082031,True
0.01,B0055,0.9942249655723572,False
0.02,B0055,0.9946795701980591,False
0.05,B0055,0.9928275346755981,False
0.1,B0055,0.9808626174926758,True
0.2,B0055,0.9261171817779541,True
0.01,B0055,0.9930599927902222,False
0.02,B0055,0.9927685260772705,False
0.05,B0055,0.9932307004928589,False
0.1,B0055,0.9873977899551392,False
0.2,B0055,0.9341317415237427,True
0.01,B0055,0.9947748780250549,False
0.02,B0055,0.9946291446685791,False
0.05,B0055,0.9925254583358765,False
0.1,B0055,0.9843878746032715,False
0.2,B0055,0.9264774918556213,True
0.01,B0055,0.9947291612625122,False
0.02,B0055,0.9947115182876587,False
0.05,B0055,0.9932675957679749,False
0.1,B0055,0.9866908192634583,False
0.2,B0055,0.9552568197250366,True
0.01,B0055,0.994286060333252,False
0.02,B0055,0.9941338300704956,False
0.05,B0055,0.9916189312934875,False
0.1,B0055,0.9910609722137451,False
0.2,B0055,0.8522900342941284,True
0.01,B0055,0.9947802424430847,False
0.02,B0055,0.9948439598083496,False
0.05,B0055,0.9964929819107056,False
0.1,B0055,0.9832993149757385,False
0.2,B0055,0.9445148706436157,True
0.01,B0055,0.9946650862693787,False
0.02,B0055,0.9950911998748779,False
0.05,B0055,0.9919342994689941,False
0.1,B0055,0.9914690256118774,False
0.2,B0055,0.9334045648574829,True
0.01,B0055,0.9936521053314209,False
0.02,B0055,0.9940252304077148,False
0.05,B0055,0.9945271611213684,False
0.1,B0055,0.987339437007904,False
0.2,B0055,0.8908044695854187,True
0.01,B0055,0.9916044473648071,False
0.02,B0055,0.9916078448295593,False
0.05,B0055,0.9952079653739929,False
0.1,B0055,0.9865037202835083,False
0.2,B0055,0.9232633113861084,True
0.01,B0055,0.9925368428230286,False
0.02,B0055,0.9932975769042969,False
0.05,B0055,0.9933024048805237,False
0.1,B0055,0.9897745251655579,False
0.2,B0055,0.916685163974762,True
0.01,B0055,0.9943733811378479,False
0.02,B0055,0.9937816262245178,False
0.05,B0055,0.9929871559143066,False
0.1,B0055,0.9887950420379639,False
0.2,B0055,0.8796672224998474,True
0.01,B0055,0.9922139644622803,False
0.02,B0055,0.9921436309814453,False
0.05,B0055,0.9899376034736633,False
0.1,B0055,0.9937669038772583,False
0.2,B0055,0.9148268699645996,True
0.01,B0055,0.9944146275520325,False
0.02,B0055,0.9942341446876526,False
0.05,B0055,0.9966573119163513,False
0.1,B0055,0.9870808720588684,False
0.2,B0055,0.951344907283783,True
0.01,B0055,0.9946215152740479,False
0.02,B0055,0.9947085976600647,False
0.05,B0055,0.9938899278640747,False
0.1,B0055,0.9857709407806396,False
0.2,B0055,0.9523676633834839,True
0.01,B0055,0.9912735223770142,False
0.02,B0055,0.9915447235107422,False
0.05,B0055,0.9955533742904663,False
0.1,B0055,0.9918029308319092,False
0.2,B0055,0.8893270492553711,True
0.01,B0055,0.9936850666999817,False
0.02,B0055,0.9936656355857849,False
0.05,B0055,0.9920473694801331,False
0.1,B0055,0.9872390031814575,False
0.2,B0055,0.9409252405166626,True
0.01,B0055,0.9871347546577454,False
0.02,B0055,0.9872867465019226,False
0.05,B0055,0.9845296740531921,False
0.1,B0055,0.9826292991638184,False
0.2,B0055,0.9363247156143188,True
0.01,B0055,0.99003005027771,False
0.02,B0055,0.9898948669433594,False
0.05,B0055,0.9910058379173279,False
0.1,B0055,0.9855864644050598,False
0.2,B0055,0.897890567779541,True
0.01,B0055,0.9934802055358887,False
0.02,B0055,0.9936403036117554,False
0.05,B0055,0.9910950064659119,False
0.1,B0055,0.9812027215957642,False
0.2,B0055,0.8708405494689941,True
0.01,B0055,0.9912428855895996,False
0.02,B0055,0.9920459389686584,False
0.05,B0055,0.9942815899848938,False
0.1,B0055,0.971305787563324,True
0.2,B0055,0.9433409571647644,True
0.01,B0055,0.9938066601753235,False
0.02,B0055,0.9942484498023987,False
0.05,B0055,0.9944425225257874,False
0.1,B0055,0.9927587509155273,False
0.2,B0055,0.9376221299171448,True
0.01,B0055,0.9937314391136169,False
0.02,B0055,0.9942091107368469,False
0.05,B0055,0.9940458536148071,False
0.1,B0055,0.9908255338668823,False
0.2,B0055,0.8660820722579956,True
0.01,B0055,0.9938791990280151,False
0.02,B0055,0.9936572909355164,False
0.05,B0055,0.9928451180458069,False
0.1,B0055,0.980400562286377,True
0.2,B0055,0.9283667802810669,True
0.01,B0055,0.9921011328697205,False
0.02,B0055,0.9924484491348267,False
0.05,B0055,0.9928394556045532,False
0.1,B0055,0.9755874872207642,True
0.2,B0055,0.9445648789405823,True
0.01,B0055,0.9935900568962097,False
0.02,B0055,0.9934617280960083,False
0.05,B0055,0.9931449890136719,False
0.1,B0055,0.9793453812599182,True
0.2,B0055,0.9110267162322998,True
0.01,B0055,0.9934395551681519,False
0.02,B0055,0.994218647480011,False
0.05,B0055,0.9955971240997314,False
0.1,B0055,0.9919129014015198,False
0.2,B0055,0.9058351516723633,True
0.01,B0055,0.9916205406188965,False
0.02,B0055,0.9921848773956299,False
0.05,B0055,0.9890066385269165,False
0.1,B0055,0.9873287677764893,False
0.2,B0055,0.8735008239746094,True
0.01,B0055,0.9928230047225952,False
0.02,B0055,0.9932996034622192,False
0.05,B0055,0.9898963570594788,False
0.1,B0055,0.9856904745101929,False
0.2,B0055,0.9395025372505188,True
0.01,B0055,0.9931795597076416,False
0.02,B0055,0.9938894510269165,False
0.05,B0055,0.9964748620986938,False
0.1,B0055,0.9873802661895752,False
0.2,B0055,0.8998837471008301,True
