severity,source_cell_id,similarity_score,detected
0.01,B0006,0.9999949932098389,False
0.02,B0006,0.9999956488609314,False
0.05,B0006,0.9999955296516418,False
0.1,B0006,0.9999954104423523,False
0.2,B0006,0.9999935030937195,False
0.01,B0006,0.9999947547912598,False
0.02,B0006,0.9999947547912598,False
0.05,B0006,0.999994695186615,False
0.1,B0006,0.9999939203262329,False
0.2,B0006,0.9994388222694397,False
0.01,B0006,0.999997079372406,False
0.02,B0006,0.9999969601631165,False
0.05,B0006,0.9999953508377075,False
0.1,B0006,0.9999967217445374,False
0.2,B0006,0.9999967813491821,False
0.01,B0006,0.9999983310699463,False
0.02,B0006,0.9999983906745911,False
0.05,B0006,0.9999985694885254,False
0.1,B0006,0.9999977946281433,False
0.2,B0006,0.9999982714653015,False
0.01,B0006,0.9999926686286926,False
0.02,B0006,0.9999926090240479,False
0.05,B0006,0.9999927878379822,False
0.1,B0006,0.9999932050704956,False
0.2,B0006,0.9999933242797852,False
0.01,B0006,0.9999923706054688,False
0.02,B0006,0.9999921917915344,False
0.05,B0006,0.9999924898147583,False
0.1,B0006,0.9999926686286926,False
0.2,B0006,0.999995231628418,False
0.01,B0006,0.999994158744812,False
0.02,B0006,0.999994158744812,False
0.05,B0006,0.9999943971633911,False
0.1,B0006,0.9999938011169434,False
0.2,B0006,0.9999944567680359,False
0.01,B0006,0.9999973177909851,False
0.02,B0006,0.9999972581863403,False
0.05,B0006,0.9999973773956299,False
0.1,B0006,0.9999971389770508,False
0.2,B0006,0.9999933242797852,False
0.01,B0006,0.9999915361404419,False
0.02,B0006,0.9999917149543762,False
0.05,B0006,0.9999920129776001,False
0.1,B0006,0.9999927282333374,False
0.2,B0006,0.9999921321868896,False
0.01,B0006,0.9999802112579346,False
0.02,B0006,0.999980092048645,False
0.05,B0006,0.9999812245368958,False
0.1,B0006,0.9999809265136719,False
0.2,B0006,0.9999819993972778,False
0.01,B0006,0.9999603033065796,False
0.02,B0006,0.99996018409729,False
0.05,B0006,0.9999608397483826,False
0.1,B0006,0.9999596476554871,False
0.2,B0006,0.999966025352478,False
0.01,B0006,0.9999979734420776,False
0.02,B0006,0.9999982118606567,False
0.05,B0006,0.9999982118606567,False
0.1,B0006,0.9999976754188538,False
0.2,B0006,0.9999967217445374,False
0.01,B0006,0.9999971389770508,False
0.02,B0006,0.9999971389770508,False
0.05,B0006,0.9999972581863403,False
0.1,B0006,0.9999973773956299,False
0.2,B0006,0.9995871782302856,False
0.01,B0006,0.9999846816062927,False
0.02,B0006,0.9999850392341614,False
0.05,B0006,0.999984860420227,False
0.1,B0006,0.9999856948852539,False
0.2,B0006,0.9999555349349976,False
0.01,B0006,0.9999515414237976,False
0.02,B0006,0.9999517798423767,False
0.05,B0006,0.9999521374702454,False
0.1,B0006,0.9999531507492065,False
0.2,B0006,0.999952495098114,False
0.01,B0006,0.999904990196228,False
0.02,B0006,0.9999053478240967,False
0.05,B0006,0.9999060034751892,False
0.1,B0006,0.9999078512191772,False
0.2,B0006,0.9999079704284668,False
0.01,B0006,0.9999319911003113,False
0.02,B0006,0.999931275844574,False
0.05,B0006,0.9999325275421143,False
0.1,B0006,0.9999338984489441,False
0.2,B0006,0.9999374151229858,False
0.01,B0006,0.9999366998672485,False
0.02,B0006,0.9999361038208008,False
0.05,B0006,0.9999359846115112,False
0.1,B0006,0.9999376535415649,False
0.2,B0006,0.999940037727356,False
0.01,B0006,0.9999454021453857,False
0.02,B0006,0.999944806098938,False
0.05,B0006,0.9999449849128723,False
0.1,B0006,0.9999454021453857,False
0.2,B0006,0.9968020915985107,False
0.01,B0006,0.9997907280921936,False
0.02,B0006,0.9997910857200623,False
0.05,B0006,0.9997936487197876,False
0.1,B0006,0.9998000860214233,False
0.2,B0006,0.9998028874397278,False
0.01,B0006,0.9999583959579468,False
0.02,B0006,0.9999576807022095,False
0.05,B0006,0.9999582171440125,False
0.1,B0006,0.99996018409729,False
0.2,B0006,0.9999620914459229,False
0.01,B0006,0.9998109936714172,False
0.02,B0006,0.9998109340667725,False
0.05,B0006,0.999861478805542,False
0.1,B0006,0.999814510345459,False
0.2,B0006,0.9998183846473694,False
0.01,B0006,0.9995973110198975,False
0.02,B0006,0.9995973110198975,False
0.05,B0006,0.9995965361595154,False
0.1,B0006,0.9995886087417603,False
0.2,B0006,0.9996012449264526,False
0.01,B0006,0.9995414614677429,False
0.02,B0006,0.9995418787002563,False
0.05,B0006,0.9995430111885071,False
0.1,B0006,0.999548077583313,False
0.2,B0006,0.9994854927062988,False
0.01,B0006,0.9994351267814636,False
0.02,B0006,0.9994335174560547,False
0.05,B0006,0.999432384967804,False
0.1,B0006,0.9994381666183472,False
0.2,B0006,0.9994361400604248,False
0.01,B0006,0.9994125366210938,False
0.02,B0006,0.9994125366210938,False
0.05,B0006,0.9994146227836609,False
0.1,B0006,0.9994189739227295,False
0.2,B0006,0.999433696269989,False
0.01,B0006,0.9993475675582886,False
0.02,B0006,0.999347448348999,False
0.05,B0006,0.9993497133255005,False
0.1,B0006,0.9993483424186707,False
0.2,B0006,0.9993497729301453,False
0.01,B0006,0.9993699789047241,False
0.02,B0006,0.9993712902069092,False
0.05,B0006,0.9993718862533569,False
0.1,B0006,0.9993744492530823,False
0.2,B0006,0.9993838667869568,False
0.01,B0006,0.9994329214096069,False
0.02,B0006,0.9994313716888428,False
0.05,B0006,0.9994335770606995,False
0.1,B0006,0.9994235634803772,False
0.2,B0006,0.9994258284568787,False
0.01,B0006,0.9994070529937744,False
0.02,B0006,0.9994065761566162,False
0.05,B0006,0.9994113445281982,False
0.1,B0006,0.9994113445281982,False
0.2,B0006,0.9993683099746704,False
0.01,B0006,0.9994140267372131,False
0.02,B0006,0.9994135499000549,False
0.05,B0006,0.9994165301322937,False
0.1,B0006,0.9994177222251892,False
0.2,B0006,0.9994189739227295,False
0.01,B0006,0.9996349215507507,False
0.02,B0006,0.9996352791786194,False
0.05,B0006,0.9996355772018433,False
0.1,B0006,0.9996364116668701,False
0.2,B0006,0.9996490478515625,False
0.01,B0006,0.9995003938674927,False
0.02,B0006,0.9995040893554688,False
0.05,B0006,0.999503493309021,False
0.1,B0006,0.9995056390762329,False
0.2,B0006,0.9995297193527222,False
0.01,B0006,0.9991450309753418,False
0.02,B0006,0.9991459250450134,False
0.05,B0006,0.9991503357887268,False
0.1,B0006,0.9991536140441895,False
0.2,B0006,0.997560441493988,False
0.01,B0006,0.9990209937095642,False
0.02,B0006,0.9990217685699463,False
0.05,B0006,0.9990217685699463,False
0.1,B0006,0.9990227222442627,False
0.2,B0006,0.9989126324653625,False
0.01,B0006,0.9995321035385132,False
0.02,B0006,0.9995322823524475,False
0.05,B0006,0.9995318651199341,False
0.1,B0006,0.9995371103286743,False
0.2,B0006,0.9995508790016174,False
0.01,B0006,0.9993019104003906,False
0.02,B0006,0.9992990493774414,False
0.05,B0006,0.9992960095405579,False
0.1,B0006,0.999305248260498,False
0.2,B0006,0.9992939233779907,False
0.01,B0006,0.9991415143013,False
0.02,B0006,0.9991449117660522,False
0.05,B0006,0.9991437196731567,False
0.1,B0006,0.9991447925567627,False
0.2,B0006,0.9991715550422668,False
0.01,B0006,0.9989469051361084,False
0.02,B0006,0.9989482164382935,False
0.05,B0006,0.9989498257637024,False
0.1,B0006,0.9989542961120605,False
0.2,B0006,0.9988458156585693,False
0.01,B0006,0.999181866645813,False
0.02,B0006,0.9991813898086548,False
0.05,B0006,0.9991779327392578,False
0.1,B0006,0.9991821646690369,False
0.2,B0006,0.9990787506103516,False
0.01,B0006,0.9993722438812256,False
0.02,B0006,0.9993726015090942,False
0.05,B0006,0.9993723034858704,False
0.1,B0006,0.999373197555542,False
0.2,B0006,0.9993739724159241,False
0.01,B0006,0.9993272423744202,False
0.02,B0006,0.999313473701477,False
0.05,B0006,0.9993298053741455,False
0.1,B0006,0.9993289709091187,False
0.2,B0006,0.9993454217910767,False
0.01,B0006,0.9994053840637207,False
0.02,B0006,0.9994053244590759,False
0.05,B0006,0.9994044303894043,False
0.1,B0006,0.9994156360626221,False
0.2,B0006,0.9993412494659424,False
0.01,B0006,0.9994527101516724,False
0.02,B0006,0.9994527101516724,False
0.05,B0006,0.9994539618492126,False
0.1,B0006,0.9994553327560425,False
0.2,B0006,0.9994726181030273,False
0.01,B0006,0.998974084854126,False
0.02,B0006,0.9989795684814453,False
0.05,B0006,0.9989847540855408,False
0.1,B0006,0.9989827871322632,False
0.2,B0006,0.998985767364502,False
0.01,B0006,0.9987695813179016,False
0.02,B0006,0.9987701773643494,False
0.05,B0006,0.9987691044807434,False
0.1,B0006,0.9987615346908569,False
0.2,B0006,0.9986400604248047,False
0.01,B0006,0.9986660480499268,False
0.02,B0006,0.9986652731895447,False
0.05,B0006,0.9986701011657715,False
0.1,B0006,0.9986686110496521,False
0.2,B0006,0.9936801195144653,False
0.01,B0006,0.9990373849868774,False
0.02,B0006,0.9990363717079163,False
0.05,B0006,0.9990482330322266,False
0.1,B0006,0.999030590057373,False
0.2,B0006,0.9989947080612183,False
0.01,B0006,0.9996581077575684,False
0.02,B0006,0.999656617641449,False
0.05,B0006,0.9996564388275146,False
0.1,B0006,0.9987080097198486,False
0.2,B0006,0.9996293783187866,False
0.01,B0006,0.9997776746749878,False
0.02,B0006,0.9997779130935669,False
0.05,B0006,0.9997772574424744,False
0.1,B0006,0.999775767326355,False
0.2,B0006,0.999775767326355,False
0.01,B0006,0.9995853900909424,False
0.02,B0006,0.9995848536491394,False
0.05,B0006,0.9995852708816528,False
0.1,B0006,0.999563992023468,False
0.2,B0006,0.9995833039283752,False
0.01,B0006,0.9993288516998291,False
0.02,B0006,0.9993280172348022,False
0.05,B0006,0.9993315935134888,False
0.1,B0006,0.9993271827697754,False
0.2,B0006,0.9993321895599365,False
0.01,B0006,0.9990209937095642,False
0.02,B0006,0.9990421533584595,False
0.05,B0006,0.9990431666374207,False
0.1,B0006,0.9990429878234863,False
0.2,B0006,0.998994767665863,False
0.01,B0006,0.9988256692886353,False
0.02,B0006,0.9988195300102234,False
0.05,B0006,0.9988195896148682,False
0.1,B0006,0.9988187551498413,False
0.2,B0006,0.9988080263137817,False
0.01,B0006,0.9983066916465759,False
0.02,B0006,0.9983065128326416,False
0.05,B0006,0.9983012080192566,False
0.1,B0006,0.9983059167861938,False
0.2,B0006,0.998157799243927,False
0.01,B0006,0.9981727600097656,False
0.02,B0006,0.9981732964515686,False
0.05,B0006,0.9978780746459961,False
0.1,B0006,0.9981771111488342,False
0.2,B0006,0.9981732368469238,False
0.01,B0006,0.9979158043861389,False
0.02,B0006,0.997917890548706,False
0.05,B0006,0.9979143142700195,False
0.1,B0006,0.9979119300842285,False
0.2,B0006,0.9978358149528503,False
0.01,B0006,0.9972216486930847,False
0.02,B0006,0.997217059135437,False
0.05,B0006,0.9972079992294312,False
0.1,B0006,0.9971875548362732,False
0.2,B0006,0.9971444606781006,False
0.01,B0006,0.9969478845596313,False
0.02,B0006,0.9969495534896851,False
0.05,B0006,0.9969475865364075,False
0.1,B0006,0.9969475865364075,False
0.2,B0006,0.9969324469566345,False
0.01,B0006,0.9962711930274963,False
0.02,B0006,0.9962798357009888,False
0.05,B0006,0.9971977472305298,False
0.1,B0006,0.9962661862373352,False
0.2,B0006,0.996252715587616,False
0.01,B0006,0.9957898855209351,False
0.02,B0006,0.9957993626594543,False
0.05,B0006,0.9957901835441589,False
0.1,B0006,0.9957987070083618,False
0.2,B0006,0.9957181215286255,False
0.01,B0006,0.9952892065048218,False
0.02,B0006,0.9952410459518433,False
0.05,B0006,0.9952857494354248,False
0.1,B0006,0.9952864646911621,False
0.2,B0006,0.9952399134635925,False
0.01,B0006,0.9949172735214233,False
0.02,B0006,0.994924783706665,False
0.05,B0006,0.9949284195899963,False
0.1,B0006,0.9948837757110596,False
0.2,B0006,0.9948338270187378,False
0.01,B0006,0.9953783750534058,False
0.02,B0006,0.9953758716583252,False
0.05,B0006,0.9953703880310059,False
0.1,B0006,0.9931597113609314,False
0.2,B0006,0.9960432052612305,False
0.01,B0006,0.9948568940162659,False
0.02,B0006,0.994855523109436,False
0.05,B0006,0.994781494140625,False
0.1,B0006,0.9948570132255554,False
0.2,B0006,0.9948569536209106,False
0.01,B0006,0.9941548109054565,False
0.02,B0006,0.9941573143005371,False
0.05,B0006,0.994143009185791,False
0.1,B0006,0.9941359758377075,False
0.2,B0006,0.9941232204437256,False
0.01,B0006,0.9941177368164062,False
0.02,B0006,0.99412602186203,False
0.05,B0006,0.9941096305847168,False
0.1,B0006,0.9941052198410034,False
0.2,B0006,0.9941051006317139,False
0.01,B0006,0.993698239326477,False
0.02,B0006,0.9937018156051636,False
0.05,B0006,0.9936953783035278,False
0.1,B0006,0.9937026500701904,False
0.2,B0006,0.9935973882675171,False
0.01,B0006,0.9927966594696045,False
0.02,B0006,0.9927801489830017,False
0.05,B0006,0.9927672743797302,False
0.1,B0006,0.9927680492401123,False
0.2,B0006,0.9927412271499634,False
0.01,B0006,0.992228627204895,False
0.02,B0006,0.9922298192977905,False
0.05,B0006,0.992210865020752,False
0.1,B0006,0.9922153949737549,False
0.2,B0006,0.980424702167511,True
0.01,B0006,0.9926405549049377,False
0.02,B0006,0.9926312565803528,False
0.05,B0006,0.9926045536994934,False
0.1,B0006,0.9926300644874573,False
0.2,B0006,0.9925220012664795,False
0.01,B0006,0.9919381141662598,False
0.02,B0006,0.9919692277908325,False
0.05,B0006,0.9919825196266174,False
0.1,B0006,0.9919761419296265,False
0.2,B0006,0.9919114708900452,False
0.01,B0006,0.9914081692695618,False
0.02,B0006,0.9913792014122009,False
0.05,B0006,0.991395890712738,False
0.1,B0006,0.9913942813873291,False
0.2,B0006,0.9913468360900879,False
0.01,B0006,0.9911340475082397,False
0.02,B0006,0.9911311268806458,False
0.05,B0006,0.9911249279975891,False
0.1,B0006,0.9908942580223083,False
0.2,B0006,0.9700873494148254,True
0.01,B0006,0.9909397959709167,False
0.02,B0006,0.9909489750862122,False
0.05,B0006,0.9929788112640381,False
0.1,B0006,0.9909152984619141,False
0.2,B0006,0.9908381104469299,False
0.01,B0006,0.9904560446739197,False
0.02,B0006,0.9904739856719971,False
0.05,B0006,0.9904665946960449,False
0.1,B0006,0.990442156791687,False
0.2,B0006,0.9904580116271973,False
0.01,B0006,0.9897080659866333,False
0.02,B0006,0.9897009134292603,False
0.05,B0006,0.9896880388259888,False
0.1,B0006,0.9896606206893921,False
0.2,B0006,0.9872105121612549,False
0.01,B0006,0.9921094179153442,False
0.02,B0006,0.9921788573265076,False
0.05,B0006,0.9921590089797974,False
0.1,B0006,0.992182731628418,False
0.2,B0006,0.9920974373817444,False
0.01,B0006,0.9915765523910522,False
0.02,B0006,0.991585373878479,False
0.05,B0006,0.9915676116943359,False
0.1,B0006,0.9915577173233032,False
0.2,B0006,0.9915743470191956,False
0.01,B0006,0.9902851581573486,False
0.02,B0006,0.9902861714363098,False
0.05,B0006,0.9902596473693848,False
0.1,B0006,0.9899851083755493,False
0.2,B0006,0.9897845387458801,False
0.01,B0006,0.9889798164367676,False
0.02,B0006,0.98896324634552,False
0.05,B0006,0.9889521598815918,False
0.1,B0006,0.9889322519302368,False
0.2,B0006,0.9883939623832703,False
0.01,B0006,0.9875122308731079,False
0.02,B0006,0.9876800775527954,False
0.05,B0006,0.987686276435852,False
0.1,B0006,0.9866517782211304,False
0.2,B0006,0.9876483678817749,False
0.01,B0006,0.9867309927940369,False
0.02,B0006,0.9867409467697144,False
0.05,B0006,0.9897305965423584,False
0.1,B0006,0.9867658615112305,False
0.2,B0006,0.9867314100265503,False
0.01,B0006,0.9864990711212158,False
0.02,B0006,0.9865037202835083,False
0.05,B0006,0.9865129590034485,False
0.1,B0006,0.9893049001693726,False
0.2,B0006,0.9865292310714722,False
0.01,B0006,0.9868470430374146,False
0.02,B0006,0.9870634078979492,False
0.05,B0006,0.9868546724319458,False
0.1,B0006,0.9868303537368774,False
0.2,B0006,0.9944261908531189,False
0.01,B0006,0.9872878789901733,False
0.02,B0006,0.9872902035713196,False
0.05,B0006,0.9872841238975525,False
0.1,B0006,0.9872541427612305,False
0.2,B0006,0.9854378700256348,False
0.01,B0006,0.9863402843475342,False
0.02,B0006,0.9863473176956177,False
0.05,B0006,0.986303448677063,False
0.1,B0006,0.986342191696167,False
0.2,B0006,0.9851731061935425,False
0.01,B0006,0.9850316047668457,False
0.02,B0006,0.9850396513938904,False
0.05,B0006,0.9849872589111328,False
0.1,B0006,0.984735369682312,False
0.2,B0006,0.9849475622177124,False
0.01,B0006,0.9847444891929626,False
0.02,B0006,0.9847977161407471,False
0.05,B0006,0.9847551584243774,False
0.1,B0006,0.9845017194747925,False
0.2,B0006,0.9846653938293457,False
0.01,B0006,0.9938931465148926,False
0.02,B0006,0.9938963651657104,False
0.05,B0006,0.9938966631889343,False
0.1,B0006,0.9938572645187378,False
0.2,B0006,0.9843795299530029,False
0.01,B0006,0.9939767718315125,False
0.02,B0006,0.9939812421798706,False
0.05,B0006,0.9931799173355103,False
0.1,B0006,0.9939770698547363,False
0.2,B0006,0.9939603209495544,False
0.01,B0006,0.9916864633560181,False
0.02,B0006,0.9916278719902039,False
0.05,B0006,0.9916760325431824,False
0.1,B0006,0.9916683435440063,False
0.2,B0006,0.9900512099266052,False
0.01,B0006,0.99073326587677,False
0.02,B0006,0.9907339215278625,False
0.05,B0006,0.9907234311103821,False
0.1,B0006,0.9907034635543823,False
0.2,B0006,0.9906961917877197,False
0.01,B0006,0.990960955619812,False
0.02,B0006,0.9907428026199341,False
0.05,B0006,0.9907140135765076,False
0.1,B0006,0.9902799725532532,False
0.2,B0006,0.9816356301307678,False
0.01,B0006,0.9893785715103149,False
0.02,B0006,0.9893784523010254,False
0.05,B0006,0.98939049243927,False
0.1,B0006,0.9888225197792053,False
0.2,B0006,0.9765208959579468,True
0.01,B0006,0.9889164566993713,False
0.02,B0006,0.988924503326416,False
0.05,B0006,0.988903284072876,False
0.1,B0006,0.9912760853767395,False
0.2,B0006,0.9886578321456909,False
0.01,B0006,0.9882009029388428,False
0.02,B0006,0.9882059097290039,False
0.05,B0006,0.98814857006073,False
0.1,B0006,0.9881458282470703,False
0.2,B0006,0.9872775673866272,False
0.01,B0006,0.9866914749145508,False
0.02,B0006,0.986729085445404,False
0.05,B0006,0.9867122173309326,False
0.1,B0006,0.9866642355918884,False
0.2,B0006,0.9866086840629578,False
0.01,B0006,0.9863885641098022,False
0.02,B0006,0.9864113926887512,False
0.05,B0006,0.9864136576652527,False
0.1,B0006,0.9892374873161316,False
0.2,B0006,0.9863205552101135,False
0.01,B0006,0.9859119653701782,False
0.02,B0006,0.9858630895614624,False
0.05,B0006,0.985853374004364,False
0.1,B0006,0.9858351945877075,False
0.2,B0006,0.9854682087898254,False
0.01,B0006,0.9856030941009521,False
0.02,B0006,0.9856119155883789,False
0.05,B0006,0.9855858087539673,False
0.1,B0006,0.9855929613113403,False
0.2,B0006,0.9854753017425537,False
0.01,B0006,0.9855538010597229,False
0.02,B0006,0.9855461716651917,False
0.05,B0006,0.9855168461799622,False
0.1,B0006,0.9767624735832214,True
0.2,B0006,0.9851011037826538,False
0.01,B0006,0.9839965105056763,False
0.02,B0006,0.9839980006217957,False
0.05,B0006,0.9839769005775452,False
0.1,B0006,0.9839564561843872,False
0.2,B0006,0.9839003086090088,False
0.01,B0006,0.9859144687652588,False
0.02,B0006,0.9858354330062866,False
0.05,B0006,0.9859143495559692,False
0.1,B0006,0.9857951402664185,False
0.2,B0006,0.9847797155380249,False
0.01,B0006,0.9840306043624878,False
0.02,B0006,0.9840307235717773,False
0.05,B0006,0.9840550422668457,False
0.1,B0006,0.9839889407157898,False
0.2,B0006,0.9840200543403625,False
0.01,B0006,0.9835761189460754,False
0.02,B0006,0.983545184135437,False
0.05,B0006,0.9835528135299683,False
0.1,B0006,0.983396053314209,False
0.2,B0006,0.9831045866012573,False
0.01,B0006,0.9846169948577881,False
0.02,B0006,0.9846090078353882,False
0.05,B0006,0.9846524000167847,False
0.1,B0006,0.9846063852310181,False
0.2,B0006,0.9847033023834229,False
0.01,B0006,0.9824260473251343,False
0.02,B0006,0.9824343323707581,False
0.05,B0006,0.9824422597885132,False
0.1,B0006,0.9824119806289673,False
0.2,B0006,0.982390284538269,False
0.01,B0006,0.98137366771698,False
0.02,B0006,0.9813699126243591,False
0.05,B0006,0.9813108444213867,False
0.1,B0006,0.9812272787094116,False
0.2,B0006,0.9813435077667236,False
0.01,B0006,0.9803292751312256,True
0.02,B0006,0.9803504347801208,True
0.05,B0006,0.9803223609924316,True
0.1,B0006,0.9741796851158142,True
0.2,B0006,0.980309784412384,True
0.01,B0006,0.980810821056366,True
0.02,B0006,0.9808168411254883,True
0.05,B0006,0.98077392578125,True
0.1,B0006,0.9807375073432922,True
0.2,B0006,0.9807102084159851,True
0.01,B0006,0.9812077283859253,False
0.02,B0006,0.9811822175979614,False
0.05,B0006,0.9810778498649597,False
0.1,B0006,0.9812517762184143,False
0.2,B0006,0.981319785118103,False
0.01,B0006,0.9784727096557617,True
0.02,B0006,0.978472113609314,True
0.05,B0006,0.9754957556724548,True
0.1,B0006,0.9784163236618042,True
0.2,B0006,0.9770201444625854,True
0.01,B0006,0.9774709939956665,True
0.02,B0006,0.9774750471115112,True
0.05,B0006,0.9774934649467468,True
0.1,B0006,0.9773905277252197,True
0.2,B0006,0.9900955557823181,False
0.01,B0006,0.9779496788978577,True
0.02,B0006,0.9779034852981567,True
0.05,B0006,0.9779887795448303,True
0.1,B0006,0.9778212308883667,True
0.2,B0006,0.9777511954307556,True
0.01,B0006,0.9782320857048035,True
0.02,B0006,0.97826087474823,True
0.05,B0006,0.9781986474990845,True
0.1,B0006,0.9782663583755493,True
0.2,B0006,0.9558993577957153,True
0.01,B0006,0.9788944721221924,True
0.02,B0006,0.9788045287132263,True
0.05,B0006,0.9767330288887024,True
0.1,B0006,0.9775552749633789,True
0.2,B0006,0.9750615358352661,True
0.01,B0006,0.978084921836853,True
0.02,B0006,0.9780858755111694,True
0.05,B0006,0.9780373573303223,True
0.1,B0006,0.9780368804931641,True
0.2,B0006,0.9636684656143188,True
0.01,B0006,0.9757119417190552,True
0.02,B0006,0.9757071137428284,True
0.05,B0006,0.9756878018379211,True
0.1,B0006,0.9756670594215393,True
0.2,B0006,0.9890394806861877,False
0.01,B0006,0.9801783561706543,True
0.02,B0006,0.9801708459854126,True
0.05,B0006,0.980185866355896,True
0.1,B0006,0.9801062345504761,True
0.2,B0006,0.9801299571990967,True
0.01,B0006,0.9816997051239014,False
0.02,B0006,0.9817091822624207,False
0.05,B0006,0.9817436933517456,False
0.1,B0006,0.9817544221878052,False
0.2,B0006,0.9814971089363098,False
0.01,B0006,0.9802079796791077,True
0.02,B0006,0.9802143573760986,True
0.05,B0006,0.9800863265991211,True
0.1,B0006,0.9871580600738525,False
0.2,B0006,0.9801411032676697,True
0.01,B0006,0.980802595615387,True
0.02,B0006,0.9808017015457153,True
0.05,B0006,0.9808284044265747,True
0.1,B0006,0.9808419346809387,True
0.2,B0006,0.9807672500610352,True
0.01,B0006,0.9802097082138062,True
0.02,B0006,0.9802021980285645,True
0.05,B0006,0.9801849722862244,True
0.1,B0006,0.980063796043396,True
0.2,B0006,0.9801818132400513,True
0.01,B0006,0.9792720675468445,True
0.02,B0006,0.9792868494987488,True
0.05,B0006,0.9788275361061096,True
0.1,B0006,0.9783943891525269,True
0.2,B0006,0.9605207443237305,True
0.01,B0006,0.9792031645774841,True
0.02,B0006,0.9791824221611023,True
0.05,B0006,0.9791104197502136,True
0.1,B0006,0.9790742993354797,True
0.2,B0006,0.9777822494506836,True
0.01,B0006,0.978922963142395,True
0.02,B0006,0.9789350628852844,True
0.05,B0006,0.9789190888404846,True
0.1,B0006,0.9788219928741455,True
0.2,B0006,0.9598212838172913,True
0.01,B0006,0.9781426787376404,True
0.02,B0006,0.9781579971313477,True
0.05,B0006,0.9781166315078735,True
0.1,B0006,0.9782057404518127,True
0.2,B0006,0.9780750274658203,True
0.01,B0006,0.9778441190719604,True
0.02,B0006,0.9778454303741455,True
0.05,B0006,0.9778028726577759,True
0.1,B0006,0.9770060181617737,True
0.2,B0006,0.9765650033950806,True
0.01,B0006,0.9775209426879883,True
0.02,B0006,0.9774893522262573,True
0.05,B0006,0.9774684309959412,True
0.1,B0006,0.9660466313362122,True
0.2,B0006,0.9773704409599304,True
0.01,B0006,0.9772919416427612,True
0.02,B0006,0.9773373603820801,True
0.05,B0006,0.9773239493370056,True
0.1,B0006,0.9773610234260559,True
0.2,B0006,0.9770975112915039,True
0.01,B0006,0.9774008989334106,True
0.02,B0006,0.9774281978607178,True
0.05,B0006,0.9773849248886108,True
0.1,B0006,0.977304220199585,True
0.2,B0006,0.9772610664367676,True
0.01,B0006,0.9763603210449219,True
0.02,B0006,0.9763633012771606,True
0.05,B0006,0.9763349294662476,True
0.1,B0006,0.9760605692863464,True
0.2,B0006,0.9760470390319824,True
0.01,B0006,0.9800542593002319,True
0.02,B0006,0.9800448417663574,True
0.05,B0006,0.9800055027008057,True
0.1,B0006,0.9799984693527222,True
0.2,B0006,0.9801610112190247,True
0.01,B0006,0.9790499210357666,True
0.02,B0006,0.9790499210357666,True
0.05,B0006,0.9790282845497131,True
0.1,B0006,0.9790084362030029,True
0.2,B0006,0.9789371490478516,True
0.01,B0006,0.9786391258239746,True
0.02,B0006,0.9786648154258728,True
0.05,B0006,0.9786186218261719,True
0.1,B0006,0.9846900105476379,False
0.2,B0006,0.9780426621437073,True
0.01,B0006,0.9783863425254822,True
0.02,B0006,0.9784006476402283,True
0.05,B0006,0.9783644676208496,True
0.1,B0006,0.9780632853507996,True
0.2,B0006,0.9780222177505493,True
0.01,B0006,0.9762513041496277,True
0.02,B0006,0.9762660264968872,True
0.05,B0006,0.9761736392974854,True
0.1,B0006,0.9761544466018677,True
0.2,B0006,0.9758248925209045,True
0.01,B0006,0.9756320714950562,True
0.02,B0006,0.9756396412849426,True
0.05,B0006,0.9756075739860535,True
0.1,B0006,0.9753626585006714,True
0.2,B0006,0.9599839448928833,True
0.01,B0006,0.9760112166404724,True
0.02,B0006,0.9760043621063232,True
0.05,B0006,0.9760322570800781,True
0.1,B0006,0.9760321974754333,True
0.2,B0006,0.9760929942131042,True
0.01,B0006,0.9768567085266113,True
0.02,B0006,0.9768531322479248,True
0.05,B0006,0.9768037796020508,True
0.1,B0006,0.9762035608291626,True
0.2,B0006,0.9768294095993042,True
0.01,B0006,0.9762638807296753,True
0.02,B0006,0.976263165473938,True
0.05,B0006,0.9757446050643921,True
0.1,B0006,0.9741557240486145,True
0.2,B0006,0.9780565500259399,True
0.01,B0006,0.9746741652488708,True
0.02,B0006,0.9722326993942261,True
0.05,B0006,0.9745979905128479,True
0.1,B0006,0.9745715260505676,True
0.2,B0006,0.9865498542785645,False
0.01,B0006,0.9744323492050171,True
0.02,B0006,0.9744409322738647,True
0.05,B0006,0.9744572639465332,True
0.1,B0006,0.9743860960006714,True
0.2,B0006,0.9743304252624512,True
0.01,B0006,0.974433183670044,True
0.02,B0006,0.9743962287902832,True
0.05,B0006,0.9743918776512146,True
0.1,B0006,0.9743328094482422,True
0.2,B0006,0.9884472489356995,False
0.01,B0006,0.9751748442649841,True
0.02,B0006,0.9751756191253662,True
0.05,B0006,0.9751516580581665,True
0.1,B0006,0.9820883274078369,False
0.2,B0006,0.9734413623809814,True
0.01,B0006,0.9746910333633423,True
0.02,B0006,0.9746891260147095,True
0.05,B0006,0.9746608734130859,True
0.1,B0006,0.9743044376373291,True
0.2,B0006,0.974155604839325,True
0.01,B0006,0.9729180335998535,True
0.02,B0006,0.9729043245315552,True
0.05,B0006,0.9729053974151611,True
0.1,B0006,0.9728136658668518,True
0.2,B0006,0.9729126691818237,True
0.01,B0006,0.9730936288833618,True
0.02,B0006,0.9732940196990967,True
0.05,B0006,0.9730950593948364,True
0.1,B0006,0.9729720950126648,True
0.2,B0006,0.9691603183746338,True
0.01,B0006,0.9735647439956665,True
0.02,B0006,0.973727285861969,True
0.05,B0006,0.9736360907554626,True
0.1,B0006,0.973529577255249,True
0.2,B0006,0.9496501684188843,True
0.01,B0006,0.97499680519104,True
0.02,B0006,0.9749993085861206,True
0.05,B0006,0.972942590713501,True
0.1,B0006,0.9750241637229919,True
0.2,B0006,0.9723263382911682,True
0.01,B0006,0.9712688326835632,True
0.02,B0006,0.9712350368499756,True
0.05,B0006,0.9712242484092712,True
0.1,B0006,0.9711772799491882,True
0.2,B0006,0.9703431129455566,True
0.01,B0006,0.9705676436424255,True
0.02,B0006,0.9706003665924072,True
0.05,B0006,0.9705356359481812,True
0.1,B0006,0.9705005884170532,True
0.2,B0006,0.9703603982925415,True
0.01,B0006,0.968064546585083,True
0.02,B0006,0.9679955244064331,True
0.05,B0006,0.9679293036460876,True
0.1,B0006,0.9520291686058044,True
0.2,B0006,0.9678799510002136,True
0.01,B0006,0.9674403667449951,True
0.02,B0006,0.967448353767395,True
0.05,B0006,0.9674670696258545,True
0.1,B0006,0.9752393960952759,True
0.2,B0006,0.9673275947570801,True
0.01,B0006,0.9657852649688721,True
0.02,B0006,0.9657690525054932,True
0.05,B0006,0.9657590985298157,True
0.1,B0006,0.9657047986984253,True
0.2,B0006,0.9657953977584839,True
0.01,B0006,0.9648816585540771,True
0.02,B0006,0.9648672342300415,True
0.05,B0006,0.9649122953414917,True
0.1,B0006,0.9647634029388428,True
0.2,B0006,0.9644894003868103,True
0.01,B0006,0.9647015333175659,True
0.02,B0006,0.9647316932678223,True
0.05,B0006,0.9646261930465698,True
0.1,B0006,0.9645549058914185,True
0.2,B0006,0.9645200967788696,True
0.01,B0006,0.9642443656921387,True
0.02,B0006,0.9641340374946594,True
0.05,B0006,0.9642055034637451,True
0.1,B0006,0.9642617702484131,True
0.2,B0006,0.9634073376655579,True
0.01,B0006,0.9617426991462708,True
0.02,B0006,0.9617426991462708,True
0.05,B0006,0.9617056846618652,True
0.1,B0006,0.961754322052002,True
0.2,B0006,0.9618435502052307,True
0.01,B0006,0.9614343643188477,True
0.02,B0006,0.9613006114959717,True
0.05,B0006,0.9614307284355164,True
0.1,B0006,0.9607800245285034,True
0.2,B0006,0.9598014950752258,True
0.01,B0006,0.9607692956924438,True
0.02,B0006,0.9607522487640381,True
0.05,B0006,0.9607351422309875,True
0.1,B0006,0.9608147740364075,True
0.2,B0006,0.9607978463172913,True
0.01,B0006,0.9595075845718384,True
0.02,B0006,0.9594976902008057,True
0.05,B0006,0.959439218044281,True
0.1,B0006,0.9595504999160767,True
0.2,B0006,0.9312332272529602,True
0.01,B0006,0.9563583135604858,True
0.02,B0006,0.9562817811965942,True
0.05,B0006,0.9562420845031738,True
0.1,B0006,0.9560555219650269,True
0.2,B0006,0.9563086032867432,True
0.01,B0006,0.9576566815376282,True
0.02,B0006,0.9577906131744385,True
0.05,B0006,0.957642674446106,True
0.1,B0006,0.9572498798370361,True
0.2,B0006,0.9576502442359924,True
0.01,B0006,0.9561715722084045,True
0.02,B0006,0.956175684928894,True
0.05,B0006,0.9561358094215393,True
0.1,B0006,0.9560926556587219,True
0.2,B0006,0.9559664726257324,True
0.01,B0006,0.9600860476493835,True
0.02,B0006,0.9600967168807983,True
0.05,B0006,0.9600508809089661,True
0.1,B0006,0.9599519371986389,True
0.2,B0006,0.953322172164917,True
0.01,B0006,0.9598289728164673,True
0.02,B0006,0.9597738981246948,True
0.05,B0006,0.9598338603973389,True
0.1,B0006,0.959908127784729,True
0.2,B0006,0.9597037434577942,True
0.01,B0007,0.9999669194221497,False
0.02,B0007,0.9999666213989258,False
0.05,B0007,0.9999667406082153,False
0.1,B0007,0.9999661445617676,False
0.2,B0007,0.9999489188194275,False
0.01,B0007,0.9999653100967407,False
0.02,B0007,0.9999651908874512,False
0.05,B0007,0.999964714050293,False
0.1,B0007,0.9999650716781616,False
0.2,B0007,0.9999622106552124,False
0.01,B0007,0.9999949336051941,False
0.02,B0007,0.999994695186615,False
0.05,B0007,0.9999942183494568,False
0.1,B0007,0.9999946355819702,False
0.2,B0007,0.9999949336051941,False
0.01,B0007,0.9999752044677734,False
0.02,B0007,0.9999750852584839,False
0.05,B0007,0.99997878074646,False
0.1,B0007,0.9999756813049316,False
0.2,B0007,0.9999771118164062,False
0.01,B0007,0.9999637007713318,False
0.02,B0007,0.9999641180038452,False
0.05,B0007,0.9999644756317139,False
0.1,B0007,0.9999645948410034,False
0.2,B0007,0.9999639391899109,False
0.01,B0007,0.9999871253967285,False
0.02,B0007,0.9999871253967285,False
0.05,B0007,0.9999873638153076,False
0.1,B0007,0.999987006187439,False
0.2,B0007,0.9999872446060181,False
0.01,B0007,0.9999846816062927,False
0.02,B0007,0.9999831914901733,False
0.05,B0007,0.9999845623970032,False
0.1,B0007,0.9999843835830688,False
0.2,B0007,0.9999842643737793,False
0.01,B0007,0.9997327923774719,False
0.02,B0007,0.9997320771217346,False
0.05,B0007,0.9997302293777466,False
0.1,B0007,0.9997333288192749,False
0.2,B0007,0.9997352361679077,False
0.01,B0007,0.999643087387085,False
0.02,B0007,0.9996426105499268,False
0.05,B0007,0.9996443390846252,False
0.1,B0007,0.9996461272239685,False
0.2,B0007,0.9996457695960999,False
0.01,B0007,0.9996241331100464,False
0.02,B0007,0.9996242523193359,False
0.05,B0007,0.9996267557144165,False
0.1,B0007,0.9996305108070374,False
0.2,B0007,0.9996299743652344,False
0.01,B0007,0.9994697570800781,False
0.02,B0007,0.9994824528694153,False
0.05,B0007,0.9994695782661438,False
0.1,B0007,0.9994720816612244,False
0.2,B0007,0.9994885921478271,False
0.01,B0007,0.9995282292366028,False
0.02,B0007,0.9995283484458923,False
0.05,B0007,0.9995280504226685,False
0.1,B0007,0.9995279908180237,False
0.2,B0007,0.9995282888412476,False
0.01,B0007,0.9994430541992188,False
0.02,B0007,0.9994444251060486,False
0.05,B0007,0.99946129322052,False
0.1,B0007,0.9994469881057739,False
0.2,B0007,0.999448835849762,False
0.01,B0007,0.9994025230407715,False
0.02,B0007,0.9994017481803894,False
0.05,B0007,0.999405026435852,False
0.1,B0007,0.9994043707847595,False
0.2,B0007,0.999405562877655,False
0.01,B0007,0.9992530345916748,False
0.02,B0007,0.9992555975914001,False
0.05,B0007,0.9992574453353882,False
0.1,B0007,0.9992605447769165,False
0.2,B0007,0.9992935061454773,False
0.01,B0007,0.9990683197975159,False
0.02,B0007,0.9990694522857666,False
0.05,B0007,0.9990695714950562,False
0.1,B0007,0.9990638494491577,False
0.2,B0007,0.9991201162338257,False
0.01,B0007,0.9986896514892578,False
0.02,B0007,0.9986907243728638,False
0.05,B0007,0.9986931085586548,False
0.1,B0007,0.9987162947654724,False
0.2,B0007,0.9987398386001587,False
0.01,B0007,0.998729944229126,False
0.02,B0007,0.9987300634384155,False
0.05,B0007,0.9989531636238098,False
0.1,B0007,0.9987244606018066,False
0.2,B0007,0.9986854791641235,False
0.01,B0007,0.9987268447875977,False
0.02,B0007,0.9987278580665588,False
0.05,B0007,0.9987267255783081,False
0.1,B0007,0.9987294673919678,False
0.2,B0007,0.9987301826477051,False
0.01,B0007,0.999701738357544,False
0.02,B0007,0.9997029304504395,False
0.05,B0007,0.999701976776123,False
0.1,B0007,0.9997007846832275,False
0.2,B0007,0.999695360660553,False
0.01,B0007,0.9996068477630615,False
0.02,B0007,0.9996075630187988,False
0.05,B0007,0.9996079206466675,False
0.1,B0007,0.9996072053909302,False
0.2,B0007,0.9996075630187988,False
0.01,B0007,0.9994282722473145,False
0.02,B0007,0.9994294047355652,False
0.05,B0007,0.9994310140609741,False
0.1,B0007,0.9994328022003174,False
0.2,B0007,0.9994200468063354,False
0.01,B0007,0.9991199374198914,False
0.02,B0007,0.9991217851638794,False
0.05,B0007,0.9991225600242615,False
0.1,B0007,0.999126672744751,False
0.2,B0007,0.9991261959075928,False
0.01,B0007,0.99908846616745,False
0.02,B0007,0.9990864992141724,False
0.05,B0007,0.9990863800048828,False
0.1,B0007,0.9990888237953186,False
0.2,B0007,0.9991230964660645,False
0.01,B0007,0.9983399510383606,False
0.02,B0007,0.9983400702476501,False
0.05,B0007,0.9983400106430054,False
0.1,B0007,0.9983605146408081,False
0.2,B0007,0.9983556270599365,False
0.01,B0007,0.9981973171234131,False
0.02,B0007,0.9981971383094788,False
0.05,B0007,0.9981988668441772,False
0.1,B0007,0.9981973171234131,False
0.2,B0007,0.9982495903968811,False
0.01,B0007,0.9981046915054321,False
0.02,B0007,0.99810391664505,False
0.05,B0007,0.9981143474578857,False
0.1,B0007,0.9981053471565247,False
0.2,B0007,0.9981138110160828,False
0.01,B0007,0.9980192184448242,False
0.02,B0007,0.9980183243751526,False
0.05,B0007,0.9980219006538391,False
0.1,B0007,0.9980285167694092,False
0.2,B0007,0.9980484247207642,False
0.01,B0007,0.9980473518371582,False
0.02,B0007,0.9980485439300537,False
0.05,B0007,0.9980499744415283,False
0.1,B0007,0.9980530738830566,False
0.2,B0007,0.9980612397193909,False
0.01,B0007,0.9980894923210144,False
0.02,B0007,0.9980895519256592,False
0.05,B0007,0.9980922341346741,False
0.1,B0007,0.9980909824371338,False
0.2,B0007,0.9980953931808472,False
0.01,B0007,0.9987069964408875,False
0.02,B0007,0.9987061023712158,False
0.05,B0007,0.9987084269523621,False
0.1,B0007,0.9987203478813171,False
0.2,B0007,0.9987488389015198,False
0.01,B0007,0.9985309839248657,False
0.02,B0007,0.9985299110412598,False
0.05,B0007,0.9985293745994568,False
0.1,B0007,0.9985227584838867,False
0.2,B0007,0.9985530972480774,False
0.01,B0007,0.9982209205627441,False
0.02,B0007,0.9982203245162964,False
0.05,B0007,0.9982268214225769,False
0.1,B0007,0.9982227683067322,False
0.2,B0007,0.998234748840332,False
0.01,B0007,0.9976637363433838,False
0.02,B0007,0.9976652264595032,False
0.05,B0007,0.9976678490638733,False
0.1,B0007,0.997648298740387,False
0.2,B0007,0.9964970946311951,False
0.01,B0007,0.9975446462631226,False
0.02,B0007,0.9975690841674805,False
0.05,B0007,0.9975587129592896,False
0.1,B0007,0.9975558519363403,False
0.2,B0007,0.9975430965423584,False
0.01,B0007,0.9983533620834351,False
0.02,B0007,0.9983519315719604,False
0.05,B0007,0.9983567595481873,False
0.1,B0007,0.9983555674552917,False
0.2,B0007,0.9983866214752197,False
0.01,B0007,0.9979429841041565,False
0.02,B0007,0.9979420900344849,False
0.05,B0007,0.9979435205459595,False
0.1,B0007,0.9979409575462341,False
0.2,B0007,0.9979879260063171,False
0.01,B0007,0.9976913928985596,False
0.02,B0007,0.997688889503479,False
0.05,B0007,0.9976869225502014,False
0.1,B0007,0.9976744055747986,False
0.2,B0007,0.9977052211761475,False
0.01,B0007,0.9974069595336914,False
0.02,B0007,0.9974067211151123,False
0.05,B0007,0.9974052906036377,False
0.1,B0007,0.9974141716957092,False
0.2,B0007,0.997435986995697,False
0.01,B0007,0.9977997541427612,False
0.02,B0007,0.9978014826774597,False
0.05,B0007,0.9978049993515015,False
0.1,B0007,0.9977969527244568,False
0.2,B0007,0.9978965520858765,False
0.01,B0007,0.9984915256500244,False
0.02,B0007,0.998491108417511,False
0.05,B0007,0.9984874129295349,False
0.1,B0007,0.9985157251358032,False
0.2,B0007,0.9984062910079956,False
0.01,B0007,0.9986765384674072,False
0.02,B0007,0.9986759424209595,False
0.05,B0007,0.9986824989318848,False
0.1,B0007,0.9984225034713745,False
0.2,B0007,0.9986841678619385,False
0.01,B0007,0.9983872771263123,False
0.02,B0007,0.9983870983123779,False
0.05,B0007,0.9983905553817749,False
0.1,B0007,0.9983893632888794,False
0.2,B0007,0.9984013438224792,False
0.01,B0007,0.9978204965591431,False
0.02,B0007,0.9978193044662476,False
0.05,B0007,0.9978227019309998,False
0.1,B0007,0.9978280067443848,False
0.2,B0007,0.9978698492050171,False
0.01,B0007,0.9973022937774658,False
0.02,B0007,0.9973040819168091,False
0.05,B0007,0.9973073601722717,False
0.1,B0007,0.9973118305206299,False
0.2,B0007,0.9973419904708862,False
0.01,B0007,0.9972526431083679,False
0.02,B0007,0.9972517490386963,False
0.05,B0007,0.9972487688064575,False
0.1,B0007,0.9972644448280334,False
0.2,B0007,0.9972895383834839,False
0.01,B0007,0.9973028898239136,False
0.02,B0007,0.9973020553588867,False
0.05,B0007,0.9973076581954956,False
0.1,B0007,0.9973143339157104,False
0.2,B0007,0.9973255395889282,False
0.01,B0007,0.9989928007125854,False
0.02,B0007,0.9989925622940063,False
0.05,B0007,0.9989914894104004,False
0.1,B0007,0.998990535736084,False
0.2,B0007,0.998993992805481,False
0.01,B0007,0.9992353320121765,False
0.02,B0007,0.9992349147796631,False
0.05,B0007,0.9992349743843079,False
0.1,B0007,0.9992563128471375,False
0.2,B0007,0.9992325305938721,False
0.01,B0007,0.9989725947380066,False
0.02,B0007,0.9989739656448364,False
0.05,B0007,0.9989742040634155,False
0.1,B0007,0.9989749193191528,False
0.2,B0007,0.9989923238754272,False
0.01,B0007,0.9987128376960754,False
0.02,B0007,0.9987125396728516,False
0.05,B0007,0.9987125396728516,False
0.1,B0007,0.9987509250640869,False
0.2,B0007,0.9987515211105347,False
0.01,B0007,0.9987366795539856,False
0.02,B0007,0.9987378120422363,False
0.05,B0007,0.9987384080886841,False
0.1,B0007,0.9987527132034302,False
0.2,B0007,0.9987456798553467,False
0.01,B0007,0.9988495707511902,False
0.02,B0007,0.9988510608673096,False
0.05,B0007,0.9988520741462708,False
0.1,B0007,0.9988803863525391,False
0.2,B0007,0.9988716244697571,False
0.01,B0007,0.9992398619651794,False
0.02,B0007,0.9992407560348511,False
0.05,B0007,0.9992425441741943,False
0.1,B0007,0.9992390275001526,False
0.2,B0007,0.999268651008606,False
0.01,B0007,0.9991145133972168,False
0.02,B0007,0.9991135597229004,False
0.05,B0007,0.9991147518157959,False
0.1,B0007,0.9991068840026855,False
0.2,B0007,0.9991307258605957,False
0.01,B0007,0.9990824460983276,False
0.02,B0007,0.9990822076797485,False
0.05,B0007,0.9990794658660889,False
0.1,B0007,0.9990912675857544,False
0.2,B0007,0.9990987777709961,False
0.01,B0007,0.9989948272705078,False
0.02,B0007,0.9989945888519287,False
0.05,B0007,0.9989923238754272,False
0.1,B0007,0.9989981055259705,False
0.2,B0007,0.999000072479248,False
0.01,B0007,0.9992111921310425,False
0.02,B0007,0.9992265701293945,False
0.05,B0007,0.9992125034332275,False
0.1,B0007,0.999214768409729,False
0.2,B0007,0.9992382526397705,False
0.01,B0007,0.9994207620620728,False
0.02,B0007,0.9994218349456787,False
0.05,B0007,0.999424934387207,False
0.1,B0007,0.999422550201416,False
0.2,B0007,0.9994252920150757,False
0.01,B0007,0.9993541240692139,False
0.02,B0007,0.9993531703948975,False
0.05,B0007,0.9993556141853333,False
0.1,B0007,0.9996134638786316,False
0.2,B0007,0.9980709552764893,False
0.01,B0007,0.9992800951004028,False
0.02,B0007,0.9992806315422058,False
0.05,B0007,0.9992819428443909,False
0.1,B0007,0.9992890954017639,False
0.2,B0007,0.999306857585907,False
0.01,B0007,0.9991518259048462,False
0.02,B0007,0.9991516470909119,False
0.05,B0007,0.999159038066864,False
0.1,B0007,0.9991614818572998,False
0.2,B0007,0.9991031885147095,False
0.01,B0007,0.999413788318634,False
0.02,B0007,0.9994187355041504,False
0.05,B0007,0.9994138479232788,False
0.1,B0007,0.9994165301322937,False
0.2,B0007,0.9994123578071594,False
0.01,B0007,0.9993471503257751,False
0.02,B0007,0.9993464946746826,False
0.05,B0007,0.9993481636047363,False
0.1,B0007,0.9993506073951721,False
0.2,B0007,0.9992943406105042,False
0.01,B0007,0.9995393753051758,False
0.02,B0007,0.9995397329330444,False
0.05,B0007,0.999564528465271,False
0.1,B0007,0.9995411038398743,False
0.2,B0007,0.9995478391647339,False
0.01,B0007,0.999538242816925,False
0.02,B0007,0.9995379447937012,False
0.05,B0007,0.9995372891426086,False
0.1,B0007,0.9995424747467041,False
0.2,B0007,0.9995143413543701,False
0.01,B0007,0.9994745254516602,False
0.02,B0007,0.9994755983352661,False
0.05,B0007,0.9994755983352661,False
0.1,B0007,0.9995215535163879,False
0.2,B0007,0.9994814395904541,False
0.01,B0007,0.9994856119155884,False
0.02,B0007,0.9994851350784302,False
0.05,B0007,0.9994847774505615,False
0.1,B0007,0.9994875192642212,False
0.2,B0007,0.9994320273399353,False
0.01,B0007,0.9995631575584412,False
0.02,B0007,0.9995627403259277,False
0.05,B0007,0.9995615482330322,False
0.1,B0007,0.9997072219848633,False
0.2,B0007,0.9995343685150146,False
0.01,B0007,0.9995812177658081,False
0.02,B0007,0.9995812177658081,False
0.05,B0007,0.9995819330215454,False
0.1,B0007,0.9995859265327454,False
0.2,B0007,0.9995346069335938,False
0.01,B0007,0.999568521976471,False
0.02,B0007,0.9995695352554321,False
0.05,B0007,0.9995813369750977,False
0.1,B0007,0.99957275390625,False
0.2,B0007,0.999580979347229,False
0.01,B0007,0.9995855093002319,False
0.02,B0007,0.9995940923690796,False
0.05,B0007,0.9995995163917542,False
0.1,B0007,0.9995970726013184,False
0.2,B0007,0.9996057748794556,False
0.01,B0007,0.9996037483215332,False
0.02,B0007,0.9996892213821411,False
0.05,B0007,0.9996042251586914,False
0.1,B0007,0.9996428489685059,False
0.2,B0007,0.999613344669342,False
0.01,B0007,0.9995992183685303,False
0.02,B0007,0.999600350856781,False
0.05,B0007,0.9996013641357422,False
0.1,B0007,0.9996036291122437,False
0.2,B0007,0.9996059536933899,False
0.01,B0007,0.9995761513710022,False
0.02,B0007,0.9995779991149902,False
0.05,B0007,0.9995794892311096,False
0.1,B0007,0.9995696544647217,False
0.2,B0007,0.99952632188797,False
0.01,B0007,0.999686598777771,False
0.02,B0007,0.999686598777771,False
0.05,B0007,0.9996874332427979,False
0.1,B0007,0.9996888637542725,False
0.2,B0007,0.9996950626373291,False
0.01,B0007,0.9995901584625244,False
0.02,B0007,0.9995971918106079,False
0.05,B0007,0.9995934963226318,False
0.1,B0007,0.9995919466018677,False
0.2,B0007,0.9995999336242676,False
0.01,B0007,0.9997181296348572,False
0.02,B0007,0.9997180700302124,False
0.05,B0007,0.9997210502624512,False
0.1,B0007,0.9997172951698303,False
0.2,B0007,0.9997224807739258,False
0.01,B0007,0.9995313882827759,False
0.02,B0007,0.9995318055152893,False
0.05,B0007,0.999535083770752,False
0.1,B0007,0.9995340704917908,False
0.2,B0007,0.9995547533035278,False
0.01,B0007,0.9993965029716492,False
0.02,B0007,0.999396800994873,False
0.05,B0007,0.9994019865989685,False
0.1,B0007,0.9994807243347168,False
0.2,B0007,0.9994097948074341,False
0.01,B0007,0.9995579123497009,False
0.02,B0007,0.999558687210083,False
0.05,B0007,0.9995600581169128,False
0.1,B0007,0.9995647668838501,False
0.2,B0007,0.9994840621948242,False
0.01,B0007,0.9998125433921814,False
0.02,B0007,0.9998130202293396,False
0.05,B0007,0.99981290102005,False
0.1,B0007,0.9998059868812561,False
0.2,B0007,0.9998247027397156,False
0.01,B0007,0.9998695254325867,False
0.02,B0007,0.9998695850372314,False
0.05,B0007,0.9998699426651001,False
0.1,B0007,0.9998704195022583,False
0.2,B0007,0.9998502731323242,False
0.01,B0007,0.999880850315094,False
0.02,B0007,0.9998809695243835,False
0.05,B0007,0.9998823404312134,False
0.1,B0007,0.9998767375946045,False
0.2,B0007,0.9998619556427002,False
0.01,B0007,0.9997478127479553,False
0.02,B0007,0.9997475743293762,False
0.05,B0007,0.9997474551200867,False
0.1,B0007,0.9997507333755493,False
0.2,B0007,0.9996981620788574,False
0.01,B0007,0.9995967745780945,False
0.02,B0007,0.9995961785316467,False
0.05,B0007,0.9995965361595154,False
0.1,B0007,0.9995984435081482,False
0.2,B0007,0.9996044039726257,False
0.01,B0007,0.9998098015785217,False
0.02,B0007,0.9998112916946411,False
0.05,B0007,0.9998112916946411,False
0.1,B0007,0.9998077154159546,False
0.2,B0007,0.9998133778572083,False
0.01,B0007,0.999889612197876,False
0.02,B0007,0.9998895525932312,False
0.05,B0007,0.9998908638954163,False
0.1,B0007,0.9998900890350342,False
0.2,B0007,0.9998917579650879,False
0.01,B0007,0.9998619556427002,False
0.02,B0007,0.9998610019683838,False
0.05,B0007,0.9998611211776733,False
0.1,B0007,0.9998599290847778,False
0.2,B0007,0.9984860420227051,False
0.01,B0007,0.9996393918991089,False
0.02,B0007,0.9996398687362671,False
0.05,B0007,0.9996393918991089,False
0.1,B0007,0.9996401071548462,False
0.2,B0007,0.999645471572876,False
0.01,B0007,0.999779224395752,False
0.02,B0007,0.99977707862854,False
0.05,B0007,0.9997748732566833,False
0.1,B0007,0.9997768402099609,False
0.2,B0007,0.9996582269668579,False
0.01,B0007,0.9997875094413757,False
0.02,B0007,0.9997872114181519,False
0.05,B0007,0.9996943473815918,False
0.1,B0007,0.9997862577438354,False
0.2,B0007,0.9997844099998474,False
0.01,B0007,0.9998644590377808,False
0.02,B0007,0.9998605847358704,False
0.05,B0007,0.9998651742935181,False
0.1,B0007,0.9998635053634644,False
0.2,B0007,0.9984771013259888,False
0.01,B0007,0.9998525977134705,False
0.02,B0007,0.9998527765274048,False
0.05,B0007,0.9998503923416138,False
0.1,B0007,0.9998530745506287,False
0.2,B0007,0.9998266696929932,False
0.01,B0007,0.9998286962509155,False
0.02,B0007,0.9998288154602051,False
0.05,B0007,0.9998289346694946,False
0.1,B0007,0.9997018575668335,False
0.2,B0007,0.9986370801925659,False
0.01,B0007,0.9998396039009094,False
0.02,B0007,0.9998399615287781,False
0.05,B0007,0.9998399615287781,False
0.1,B0007,0.9998366832733154,False
0.2,B0007,0.9998393058776855,False
0.01,B0007,0.9998809099197388,False
0.02,B0007,0.9998807907104492,False
0.05,B0007,0.9998807907104492,False
0.1,B0007,0.9998689889907837,False
0.2,B0007,0.9998843669891357,False
0.01,B0007,0.9998804330825806,False
0.02,B0007,0.9998805522918701,False
0.05,B0007,0.9998804926872253,False
0.1,B0007,0.9998456239700317,False
0.2,B0007,0.9998067617416382,False
0.01,B0007,0.9998759031295776,False
0.02,B0007,0.9998704791069031,False
0.05,B0007,0.9998782873153687,False
0.1,B0007,0.9998762607574463,False
0.2,B0007,0.9979034662246704,False
0.01,B0007,0.9998869299888611,False
0.02,B0007,0.9998863935470581,False
0.05,B0007,0.999885618686676,False
0.1,B0007,0.9998830556869507,False
0.2,B0007,0.9998885989189148,False
0.01,B0007,0.9998713731765747,False
0.02,B0007,0.9998717904090881,False
0.05,B0007,0.9998639822006226,False
0.1,B0007,0.9998557567596436,False
0.2,B0007,0.9998468160629272,False
0.01,B0007,0.9998677372932434,False
0.02,B0007,0.9998700618743896,False
0.05,B0007,0.9998689889907837,False
0.1,B0007,0.9998676776885986,False
0.2,B0007,0.9996479749679565,False
0.01,B0007,0.9998703598976135,False
0.02,B0007,0.9998716115951538,False
0.05,B0007,0.9998704195022583,False
0.1,B0007,0.9998699426651001,False
0.2,B0007,0.9998606443405151,False
0.01,B0007,0.9997292757034302,False
0.02,B0007,0.9997103214263916,False
0.05,B0007,0.9997286796569824,False
0.1,B0007,0.9997377395629883,False
0.2,B0007,0.9996344447135925,False
0.01,B0007,0.9997678995132446,False
0.02,B0007,0.9997686147689819,False
0.05,B0007,0.9997657537460327,False
0.1,B0007,0.9997622966766357,False
0.2,B0007,0.9997771978378296,False
0.01,B0007,0.9998289346694946,False
0.02,B0007,0.999828577041626,False
0.05,B0007,0.9998122453689575,False
0.1,B0007,0.9998197555541992,False
0.2,B0007,0.9996983408927917,False
0.01,B0007,0.9998266696929932,False
0.02,B0007,0.9998263120651245,False
0.05,B0007,0.9998270869255066,False
0.1,B0007,0.9998272657394409,False
0.2,B0007,0.9997892379760742,False
0.01,B0007,0.9998369216918945,False
0.02,B0007,0.9998365640640259,False
0.05,B0007,0.9998356103897095,False
0.1,B0007,0.9998368620872498,False
0.2,B0007,0.9997140169143677,False
0.01,B0007,0.99977707862854,False
0.02,B0007,0.9997774362564087,False
0.05,B0007,0.9997539520263672,False
0.1,B0007,0.9997463226318359,False
0.2,B0007,0.9997614622116089,False
0.01,B0007,0.9996955394744873,False
0.02,B0007,0.9996952414512634,False
0.05,B0007,0.9996964931488037,False
0.1,B0007,0.9996910095214844,False
0.2,B0007,0.9996893405914307,False
0.01,B0007,0.9997807145118713,False
0.02,B0007,0.999779999256134,False
0.05,B0007,0.9997673034667969,False
0.1,B0007,0.999780535697937,False
0.2,B0007,0.9997879862785339,False
0.01,B0007,0.9998021125793457,False
0.02,B0007,0.9998012781143188,False
0.05,B0007,0.9998000860214233,False
0.1,B0007,0.9998006820678711,False
0.2,B0007,0.999799907207489,False
0.01,B0007,0.9997290968894958,False
0.02,B0007,0.9997285008430481,False
0.05,B0007,0.9997273683547974,False
0.1,B0007,0.9997068047523499,False
0.2,B0007,0.9997194409370422,False
0.01,B0007,0.9995768666267395,False
0.02,B0007,0.9995732307434082,False
0.05,B0007,0.9995691776275635,False
0.1,B0007,0.9995619058609009,False
0.2,B0007,0.9995691776275635,False
0.01,B0007,0.9996394515037537,False
0.02,B0007,0.9996408224105835,False
0.05,B0007,0.9996416568756104,False
0.1,B0007,0.999643087387085,False
0.2,B0007,0.9996716976165771,False
0.01,B0007,0.9997227787971497,False
0.02,B0007,0.9997245073318481,False
0.05,B0007,0.999721109867096,False
0.1,B0007,0.9996947050094604,False
0.2,B0007,0.9994819164276123,False
0.01,B0007,0.9997519254684448,False
0.02,B0007,0.9997491836547852,False
0.05,B0007,0.999750018119812,False
0.1,B0007,0.9997401833534241,False
0.2,B0007,0.9997460842132568,False
0.01,B0007,0.999671459197998,False
0.02,B0007,0.9996697902679443,False
0.05,B0007,0.9996545314788818,False
0.1,B0007,0.9996697306632996,False
0.2,B0007,0.999660074710846,False
0.01,B0007,0.999465823173523,False
0.02,B0007,0.999463677406311,False
0.05,B0007,0.9994649887084961,False
0.1,B0007,0.9994508028030396,False
0.2,B0007,0.9993829727172852,False
0.01,B0007,0.9997243881225586,False
0.02,B0007,0.9997243881225586,False
0.05,B0007,0.9997227191925049,False
0.1,B0007,0.9997302293777466,False
0.2,B0007,0.9996734857559204,False
0.01,B0007,0.9996995329856873,False
0.02,B0007,0.9996997117996216,False
0.05,B0007,0.9997010231018066,False
0.1,B0007,0.9996966123580933,False
0.2,B0007,0.9997261762619019,False
0.01,B0007,0.9997843503952026,False
0.02,B0007,0.9997842907905579,False
0.05,B0007,0.9997848868370056,False
0.1,B0007,0.9997817873954773,False
0.2,B0007,0.99733567237854,False
0.01,B0007,0.9998007416725159,False
0.02,B0007,0.9998005628585815,False
0.05,B0007,0.9997999668121338,False
0.1,B0007,0.9997932314872742,False
0.2,B0007,0.9997878074645996,False
0.01,B0007,0.9997884035110474,False
0.02,B0007,0.9997880458831787,False
0.05,B0007,0.9997857809066772,False
0.1,B0007,0.9997801184654236,False
0.2,B0007,0.9997913241386414,False
0.01,B0007,0.9997437000274658,False
0.02,B0007,0.9997388124465942,False
0.05,B0007,0.9997444152832031,False
0.1,B0007,0.9997422695159912,False
0.2,B0007,0.9997463226318359,False
0.01,B0007,0.9997661113739014,False
0.02,B0007,0.9997689723968506,False
0.05,B0007,0.9997623562812805,False
0.1,B0007,0.9997664093971252,False
0.2,B0007,0.9997395277023315,False
0.01,B0007,0.9997279047966003,False
0.02,B0007,0.9997278451919556,False
0.05,B0007,0.9997285604476929,False
0.1,B0007,0.9997256994247437,False
0.2,B0007,0.9979057312011719,False
0.01,B0007,0.9996842741966248,False
0.02,B0007,0.9996856451034546,False
0.05,B0007,0.9996845126152039,False
0.1,B0007,0.9996837377548218,False
0.2,B0007,0.999576210975647,False
0.01,B0007,0.9996522665023804,False
0.02,B0007,0.9996521472930908,False
0.05,B0007,0.9996514916419983,False
0.1,B0007,0.9996508359909058,False
0.2,B0007,0.9994910955429077,False
0.01,B0007,0.9996551275253296,False
0.02,B0007,0.9996646642684937,False
0.05,B0007,0.9996726512908936,False
0.1,B0007,0.9996598958969116,False
0.2,B0007,0.999645471572876,False
0.01,B0007,0.9996500611305237,False
0.02,B0007,0.9996500611305237,False
0.05,B0007,0.9996473789215088,False
0.1,B0007,0.9996488690376282,False
0.2,B0007,0.9996570944786072,False
0.01,B0007,0.9995834827423096,False
0.02,B0007,0.9995960593223572,False
0.05,B0007,0.9995607137680054,False
0.1,B0007,0.9995953440666199,False
0.2,B0007,0.9995729923248291,False
0.01,B0007,0.9994456768035889,False
0.02,B0007,0.9996957778930664,False
0.05,B0007,0.9996758699417114,False
0.1,B0007,0.9996764659881592,False
0.2,B0007,0.9995445013046265,False
0.01,B0007,0.9997004270553589,False
0.02,B0007,0.9997001886367798,False
0.05,B0007,0.9996898174285889,False
0.1,B0007,0.999565839767456,False
0.2,B0007,0.9996848106384277,False
0.01,B0007,0.9996529221534729,False
0.02,B0007,0.9996545314788818,False
0.05,B0007,0.9996528625488281,False
0.1,B0007,0.9996442794799805,False
0.2,B0007,0.9995321035385132,False
0.01,B0007,0.999608039855957,False
0.02,B0007,0.9996102452278137,False
0.05,B0007,0.999693751335144,False
0.1,B0007,0.9995939135551453,False
0.2,B0007,0.9995436668395996,False
0.01,B0007,0.9995603561401367,False
0.02,B0007,0.9995618462562561,False
0.05,B0007,0.9995725750923157,False
0.1,B0007,0.9995532035827637,False
0.2,B0007,0.9994997978210449,False
0.01,B0007,0.999577522277832,False
0.02,B0007,0.9995782375335693,False
0.05,B0007,0.9995530843734741,False
0.1,B0007,0.9995744824409485,False
0.2,B0007,0.9995797872543335,False
0.01,B0007,0.9994932413101196,False
0.02,B0007,0.9994920492172241,False
0.05,B0007,0.9992941617965698,False
0.1,B0007,0.9994907379150391,False
0.2,B0007,0.999464213848114,False
0.01,B0007,0.9995353817939758,False
0.02,B0007,0.999534010887146,False
0.05,B0007,0.9995325803756714,False
0.1,B0007,0.9995284080505371,False
0.2,B0007,0.9995346665382385,False
0.01,B0007,0.9994950294494629,False
0.02,B0007,0.9994950294494629,False
0.05,B0007,0.9994988441467285,False
0.1,B0007,0.9989179968833923,False
0.2,B0007,0.9995006322860718,False
0.01,B0007,0.9994075894355774,False
0.02,B0007,0.9993909597396851,False
0.05,B0007,0.9994056820869446,False
0.1,B0007,0.9993944764137268,False
0.2,B0007,0.9993360042572021,False
0.01,B0007,0.9994162321090698,False
0.02,B0007,0.9994190335273743,False
0.05,B0007,0.9994139671325684,False
0.1,B0007,0.9994173049926758,False
0.2,B0007,0.9994181394577026,False
0.01,B0007,0.9994358420372009,False
0.02,B0007,0.9994357824325562,False
0.05,B0007,0.9994333386421204,False
0.1,B0007,0.9994325637817383,False
0.2,B0007,0.9993981122970581,False
0.01,B0007,0.9993208050727844,False
0.02,B0007,0.9993224740028381,False
0.05,B0007,0.9993290901184082,False
0.1,B0007,0.9992074966430664,False
0.2,B0007,0.9991568922996521,False
0.01,B0007,0.9992525577545166,False
0.02,B0007,0.999252200126648,False
0.05,B0007,0.9992381930351257,False
0.1,B0007,0.9988350868225098,False
0.2,B0007,0.999236524105072,False
0.01,B0007,0.999086320400238,False
0.02,B0007,0.9990823864936829,False
0.05,B0007,0.9990383386611938,False
0.1,B0007,0.9990852475166321,False
0.2,B0007,0.9991046190261841,False
0.01,B0007,0.9991012811660767,False
0.02,B0007,0.9990971088409424,False
0.05,B0007,0.9990994930267334,False
0.1,B0007,0.9991008639335632,False
0.2,B0007,0.9990993738174438,False
0.01,B0007,0.9993244409561157,False
0.02,B0007,0.9992597103118896,False
0.05,B0007,0.9992250204086304,False
0.1,B0007,0.9992485642433167,False
0.2,B0007,0.999256432056427,False
0.01,B0007,0.9991881847381592,False
0.02,B0007,0.9991881847381592,False
0.05,B0007,0.9991876482963562,False
0.1,B0007,0.9987262487411499,False
0.2,B0007,0.9991845488548279,False
0.01,B0007,0.9995853900909424,False
0.02,B0007,0.9995855093002319,False
0.05,B0007,0.9995854496955872,False
0.1,B0007,0.9995784163475037,False
0.2,B0007,0.9995760917663574,False
0.01,B0007,0.9994655847549438,False
0.02,B0007,0.9994670152664185,False
0.05,B0007,0.9994663000106812,False
0.1,B0007,0.9994184374809265,False
0.2,B0007,0.9994697570800781,False
0.01,B0007,0.9994170069694519,False
0.02,B0007,0.9994271993637085,False
0.05,B0007,0.9994261264801025,False
0.1,B0007,0.9994255304336548,False
0.2,B0007,0.9994312524795532,False
0.01,B0007,0.9991964101791382,False
0.02,B0007,0.9991979598999023,False
0.05,B0007,0.9991943836212158,False
0.1,B0007,0.9991958141326904,False
0.2,B0007,0.99916672706604,False
0.01,B0007,0.9991486072540283,False
0.02,B0007,0.9991330504417419,False
0.05,B0007,0.9991466403007507,False
0.1,B0007,0.9991387128829956,False
0.2,B0007,0.9990889430046082,False
0.01,B0007,0.9990174770355225,False
0.02,B0007,0.9990155696868896,False
0.05,B0007,0.9990153312683105,False
0.1,B0007,0.9990130662918091,False
0.2,B0007,0.9990161657333374,False
0.01,B0007,0.9990968704223633,False
0.02,B0007,0.9990973472595215,False
0.05,B0007,0.9990981817245483,False
0.1,B0007,0.99908447265625,False
0.2,B0007,0.9990904927253723,False
0.01,B0007,0.9990109801292419,False
0.02,B0007,0.99900883436203,False
0.05,B0007,0.9990046620368958,False
0.1,B0007,0.9967182874679565,False
0.2,B0007,0.9990101456642151,False
0.01,B0007,0.9989756345748901,False
0.02,B0007,0.9989743232727051,False
0.05,B0007,0.9989730715751648,False
0.1,B0007,0.9989696741104126,False
0.2,B0007,0.9988917708396912,False
0.01,B0007,0.9989715814590454,False
0.02,B0007,0.9989680051803589,False
0.05,B0007,0.9989659190177917,False
0.1,B0007,0.9989680647850037,False
0.2,B0007,0.9988901615142822,False
0.01,B0007,0.9989298582077026,False
0.02,B0007,0.9989296197891235,False
0.05,B0007,0.998929500579834,False
0.1,B0007,0.9989237785339355,False
0.2,B0007,0.9989391565322876,False
0.01,B0007,0.9989205002784729,False
0.02,B0007,0.9989203214645386,False
0.05,B0007,0.998916506767273,False
0.1,B0007,0.9989211559295654,False
0.2,B0007,0.9988740682601929,False
0.01,B0007,0.998765230178833,False
0.02,B0007,0.9987658262252808,False
0.05,B0007,0.9987630844116211,False
0.1,B0007,0.9987603425979614,False
0.2,B0007,0.9987714290618896,False
0.01,B0007,0.9988555908203125,False
0.02,B0007,0.9988641738891602,False
0.05,B0007,0.9986997842788696,False
0.1,B0007,0.9988548159599304,False
0.2,B0007,0.9988710284233093,False
0.01,B0007,0.9987244606018066,False
0.02,B0007,0.9987266659736633,False
0.05,B0007,0.9987238049507141,False
0.1,B0007,0.9987266063690186,False
0.2,B0007,0.998683512210846,False
0.01,B0007,0.9986685514450073,False
0.02,B0007,0.9986690282821655,False
0.05,B0007,0.998668909072876,False
0.1,B0007,0.9986660480499268,False
0.2,B0007,0.9986396431922913,False
0.01,B0007,0.9992411136627197,False
0.02,B0007,0.9992364645004272,False
0.05,B0007,0.9992376565933228,False
0.1,B0007,0.9992382526397705,False
0.2,B0007,0.999016523361206,False
0.01,B0007,0.9994034767150879,False
0.02,B0007,0.999403715133667,False
0.05,B0007,0.9992988109588623,False
0.1,B0007,0.9993986487388611,False
0.2,B0007,0.9993270039558411,False
0.01,B0025,0.997995913028717,False
0.02,B0025,0.9980160593986511,False
0.05,B0025,0.9979938268661499,False
0.1,B0025,0.9967588186264038,False
0.2,B0025,0.9921358823776245,False
0.01,B0025,0.9983847141265869,False
0.02,B0025,0.9983874559402466,False
0.05,B0025,0.9985323548316956,False
0.1,B0025,0.9976999163627625,False
0.2,B0025,0.966215193271637,True
0.01,B0025,0.9989751577377319,False
0.02,B0025,0.9989957809448242,False
0.05,B0025,0.9989875555038452,False
0.1,B0025,0.9985677599906921,False
0.2,B0025,0.994873046875,False
0.01,B0025,0.9983088970184326,False
0.02,B0025,0.9984408020973206,False
0.05,B0025,0.9980387687683105,False
0.1,B0025,0.9971756935119629,False
0.2,B0025,0.9890262484550476,False
0.01,B0025,0.9972140192985535,False
0.02,B0025,0.9972139000892639,False
0.05,B0025,0.997175931930542,False
0.1,B0025,0.9972138404846191,False
0.2,B0025,0.997249960899353,False
0.01,B0025,0.9924780130386353,False
0.02,B0025,0.9921054840087891,False
0.05,B0025,0.9923260807991028,False
0.1,B0025,0.9923447966575623,False
0.2,B0025,0.9857932329177856,False
0.01,B0025,0.9919817447662354,False
0.02,B0025,0.991912305355072,False
0.05,B0025,0.9918975234031677,False
0.1,B0025,0.9845031499862671,False
0.2,B0025,0.992161750793457,False
0.01,B0025,0.9922933578491211,False
0.02,B0025,0.9922471642494202,False
0.05,B0025,0.9923135042190552,False
0.1,B0025,0.9926988482475281,False
0.2,B0025,0.9837675094604492,False
0.01,B0025,0.9879436492919922,False
0.02,B0025,0.9879910945892334,False
0.05,B0025,0.987989604473114,False
0.1,B0025,0.9880321025848389,False
0.2,B0025,0.933806836605072,True
0.01,B0025,0.9872943162918091,False
0.02,B0025,0.9871219396591187,False
0.05,B0025,0.9868162274360657,False
0.1,B0025,0.9871285557746887,False
0.2,B0025,0.9811599850654602,False
0.01,B0025,0.9844868183135986,False
0.02,B0025,0.984805703163147,False
0.05,B0025,0.9841408729553223,False
0.1,B0025,0.9831896424293518,False
0.2,B0025,0.9718896150588989,True
0.01,B0025,0.9770631790161133,True
0.02,B0025,0.977638304233551,True
0.05,B0025,0.977845311164856,True
0.1,B0025,0.9660133719444275,True
0.2,B0025,0.9433090686798096,True
0.01,B0025,0.9644005298614502,True
0.02,B0025,0.9644879102706909,True
0.05,B0025,0.9685592651367188,True
0.1,B0025,0.9625125527381897,True
0.2,B0025,0.9655959606170654,True
0.01,B0025,0.9215425252914429,True
0.02,B0025,0.9216258525848389,True
0.05,B0025,0.9215186238288879,True
0.1,B0025,0.9217431545257568,True
0.2,B0025,0.9235371351242065,True
0.01,B0025,0.9696478843688965,True
0.02,B0025,0.9696666598320007,True
0.05,B0025,0.9695807695388794,True
0.1,B0025,0.9697999954223633,True
0.2,B0025,0.9621859192848206,True
0.01,B0025,0.9749702215194702,True
0.02,B0025,0.9751075506210327,True
0.05,B0025,0.9708207845687866,True
0.1,B0025,0.975044310092926,True
0.2,B0025,0.9753556251525879,True
0.01,B0025,0.9939798712730408,False
0.02,B0025,0.9939104318618774,False
0.05,B0025,0.9937151670455933,False
0.1,B0025,0.9894517660140991,False
0.2,B0025,0.9731042385101318,True
0.01,B0025,0.9937556982040405,False
0.02,B0025,0.9938522577285767,False
0.05,B0025,0.9938824772834778,False
0.1,B0025,0.9937794804573059,False
0.2,B0025,0.9938541650772095,False
0.01,B0025,0.9900273680686951,False
0.02,B0025,0.9900925159454346,False
0.05,B0025,0.9879888296127319,False
0.1,B0025,0.9900282025337219,False
0.2,B0025,0.9906151294708252,False
0.01,B0025,0.9928398132324219,False
0.02,B0025,0.9931974411010742,False
0.05,B0025,0.9926555752754211,False
0.1,B0025,0.9843956232070923,False
0.2,B0025,0.9842056035995483,False
0.01,B0025,0.991714596748352,False
0.02,B0025,0.991924524307251,False
0.05,B0025,0.9918768405914307,False
0.1,B0025,0.9909193515777588,False
0.2,B0025,0.9875020384788513,False
0.01,B0025,0.9916831851005554,False
0.02,B0025,0.990449070930481,False
0.05,B0025,0.9904006719589233,False
0.1,B0025,0.9869730472564697,False
0.2,B0025,0.9837346076965332,False
0.01,B0025,0.9886822700500488,False
0.02,B0025,0.9886822700500488,False
0.05,B0025,0.9886565208435059,False
0.1,B0025,0.9808179140090942,True
0.2,B0025,0.9864943027496338,False
0.01,B0025,0.9940975904464722,False
0.02,B0025,0.9934523105621338,False
0.05,B0025,0.9940639138221741,False
0.1,B0025,0.9887028336524963,False
0.2,B0025,0.9938105940818787,False
0.01,B0025,0.9969606399536133,False
0.02,B0025,0.9972131848335266,False
0.05,B0025,0.9969826340675354,False
0.1,B0025,0.9940698146820068,False
0.2,B0025,0.9808722734451294,True
0.01,B0025,0.9985438585281372,False
0.02,B0025,0.999126136302948,False
0.05,B0025,0.9986866116523743,False
0.1,B0025,0.9987583160400391,False
0.2,B0025,0.98717200756073,False
0.01,B0025,0.9979808330535889,False
0.02,B0025,0.9980185031890869,False
0.05,B0025,0.9980136156082153,False
0.1,B0025,0.9980465173721313,False
0.2,B0025,0.9580847024917603,True
0.01,B0025,0.9968942403793335,False
0.02,B0025,0.9964784383773804,False
0.05,B0025,0.9972330331802368,False
0.1,B0025,0.9905617833137512,False
0.2,B0025,0.990452766418457,False
0.01,B0029,0.9988552331924438,False
0.02,B0029,0.9988516569137573,False
0.05,B0029,0.9988565444946289,False
0.1,B0029,0.9988567233085632,False
0.2,B0029,0.9988324642181396,False
0.01,B0029,0.9999469518661499,False
0.02,B0029,0.9999467730522156,False
0.05,B0029,0.9999457597732544,False
0.1,B0029,0.9999461770057678,False
0.2,B0029,0.999945342540741,False
0.01,B0029,0.9999185800552368,False
0.02,B0029,0.9999188184738159,False
0.05,B0029,0.99991774559021,False
0.1,B0029,0.9999155402183533,False
0.2,B0029,0.9999259114265442,False
0.01,B0029,0.9999179840087891,False
0.02,B0029,0.999916672706604,False
0.05,B0029,0.9999148845672607,False
0.1,B0029,0.9999151229858398,False
0.2,B0029,0.999915599822998,False
0.01,B0029,0.999923586845398,False
0.02,B0029,0.999923586845398,False
0.05,B0029,0.9999224543571472,False
0.1,B0029,0.9999206066131592,False
0.2,B0029,0.9999241828918457,False
0.01,B0029,0.9998268485069275,False
0.02,B0029,0.9998267889022827,False
0.05,B0029,0.9998262524604797,False
0.1,B0029,0.9998263716697693,False
0.2,B0029,0.9998265504837036,False
0.01,B0029,0.9999517798423767,False
0.02,B0029,0.9999516606330872,False
0.05,B0029,0.9993438720703125,False
0.1,B0029,0.9999512434005737,False
0.2,B0029,0.9999490976333618,False
0.01,B0029,0.9999545812606812,False
0.02,B0029,0.9999545812606812,False
0.05,B0029,0.9999540448188782,False
0.1,B0029,0.999954342842102,False
0.2,B0029,0.9988951086997986,False
0.01,B0029,0.9999570846557617,False
0.02,B0029,0.9999576807022095,False
0.05,B0029,0.9999575614929199,False
0.1,B0029,0.999956488609314,False
0.2,B0029,0.9999572038650513,False
0.01,B0029,0.9999521374702454,False
0.02,B0029,0.9999523162841797,False
0.05,B0029,0.9999520778656006,False
0.1,B0029,0.9999520778656006,False
0.2,B0029,0.9999496340751648,False
0.01,B0029,0.999814510345459,False
0.02,B0029,0.9998139142990112,False
0.05,B0029,0.9998143315315247,False
0.1,B0029,0.9998133778572083,False
0.2,B0029,0.9998140335083008,False
0.01,B0029,0.9999539852142334,False
0.02,B0029,0.9999538064002991,False
0.05,B0029,0.9999158978462219,False
0.1,B0029,0.9999536275863647,False
0.2,B0029,0.9986708760261536,False
0.01,B0029,0.9999575614929199,False
0.02,B0029,0.9999575614929199,False
0.05,B0029,0.999957263469696,False
0.1,B0029,0.9999581575393677,False
0.2,B0029,0.9999579191207886,False
0.01,B0029,0.9999603033065796,False
0.02,B0029,0.9999601244926453,False
0.05,B0029,0.99996018409729,False
0.1,B0029,0.9999593496322632,False
0.2,B0029,0.9999575018882751,False
0.01,B0029,0.9999610185623169,False
0.02,B0029,0.9999600648880005,False
0.05,B0029,0.9999597668647766,False
0.1,B0029,0.9999591708183289,False
0.2,B0029,0.9999608993530273,False
0.01,B0029,0.9998300075531006,False
0.02,B0029,0.9998288154602051,False
0.05,B0029,0.9998302459716797,False
0.1,B0029,0.9998310804367065,False
0.2,B0029,0.9998296499252319,False
0.01,B0029,0.9999527931213379,False
0.02,B0029,0.9999525547027588,False
0.05,B0029,0.9999521970748901,False
0.1,B0029,0.9999520182609558,False
0.2,B0029,0.99994957447052,False
0.01,B0029,0.9999426007270813,False
0.02,B0029,0.9999426007270813,False
0.05,B0029,0.9999426603317261,False
0.1,B0029,0.999943733215332,False
0.2,B0029,0.999935507774353,False
0.01,B0029,0.9999517202377319,False
0.02,B0029,0.9999516606330872,False
0.05,B0029,0.9999564290046692,False
0.1,B0029,0.999951183795929,False
0.2,B0029,0.9999489784240723,False
0.01,B0029,0.9999438524246216,False
0.02,B0029,0.9999434351921082,False
0.05,B0029,0.9999412894248962,False
0.1,B0029,0.9999428987503052,False
0.2,B0029,0.999939501285553,False
0.01,B0029,0.9999583959579468,False
0.02,B0029,0.9999760389328003,False
0.05,B0029,0.9999758005142212,False
0.1,B0029,0.9999748468399048,False
0.2,B0029,0.9999756813049316,False
0.01,B0029,0.9998453259468079,False
0.02,B0029,0.9998452067375183,False
0.05,B0029,0.9998459815979004,False
0.1,B0029,0.999846339225769,False
0.2,B0029,0.9998491406440735,False
0.01,B0029,0.9999108910560608,False
0.02,B0029,0.9999105930328369,False
0.05,B0029,0.9999096393585205,False
0.1,B0029,0.9999076128005981,False
0.2,B0029,0.9999281764030457,False
0.01,B0029,0.9998308420181274,False
0.02,B0029,0.9998301863670349,False
0.05,B0029,0.9998286366462708,False
0.1,B0029,0.9998272657394409,False
0.2,B0029,0.9993590116500854,False
0.01,B0029,0.9998346567153931,False
0.02,B0029,0.9998349547386169,False
0.05,B0029,0.9998414516448975,False
0.1,B0029,0.9998308420181274,False
0.2,B0029,0.9998465776443481,False
0.01,B0029,0.9998648166656494,False
0.02,B0029,0.9998631477355957,False
0.05,B0029,0.9998632073402405,False
0.1,B0029,0.9998621940612793,False
0.2,B0029,0.9998618960380554,False
0.01,B0029,0.9998468160629272,False
0.02,B0029,0.999844491481781,False
0.05,B0029,0.9998446106910706,False
0.1,B0029,0.9998438358306885,False
0.2,B0029,0.9997674226760864,False
0.01,B0029,0.999840497970581,False
0.02,B0029,0.9998347163200378,False
0.05,B0029,0.9998370409011841,False
0.1,B0029,0.9998446106910706,False
0.2,B0029,0.999781608581543,False
0.01,B0029,0.9998601675033569,False
0.02,B0029,0.9998599290847778,False
0.05,B0029,0.9998589754104614,False
0.1,B0029,0.9970061779022217,False
0.2,B0029,0.9998757839202881,False
0.01,B0029,0.9998615980148315,False
0.02,B0029,0.9998617172241211,False
0.05,B0029,0.9998611807823181,False
0.1,B0029,0.9998599886894226,False
0.2,B0029,0.9884341359138489,False
0.01,B0029,0.9998577237129211,False
0.02,B0029,0.9998575448989868,False
0.05,B0029,0.9998573064804077,False
0.1,B0029,0.9998560547828674,False
0.2,B0029,0.9998558163642883,False
0.01,B0029,0.9992069602012634,False
0.02,B0029,0.9996196031570435,False
0.05,B0029,0.9996203780174255,False
0.1,B0029,0.9996141791343689,False
0.2,B0029,0.9996176958084106,False
0.01,B0029,0.9996074438095093,False
0.02,B0029,0.9996076822280884,False
0.05,B0029,0.999605655670166,False
0.1,B0029,0.9996060132980347,False
0.2,B0029,0.9996057748794556,False
0.01,B0029,0.9995846748352051,False
0.02,B0029,0.9995834231376648,False
0.05,B0029,0.9995835423469543,False
0.1,B0029,0.9995827674865723,False
0.2,B0029,0.9995834231376648,False
0.01,B0029,0.9996061325073242,False
0.02,B0029,0.9996054172515869,False
0.05,B0029,0.9996099472045898,False
0.1,B0029,0.9996019601821899,False
0.2,B0029,0.9996360540390015,False
0.01,B0029,0.9995702505111694,False
0.02,B0029,0.9995699524879456,False
0.05,B0029,0.9995678067207336,False
0.1,B0029,0.999566912651062,False
0.2,B0029,0.9995695352554321,False
0.01,B0029,0.9992833137512207,False
0.02,B0029,0.9992824792861938,False
0.05,B0029,0.9992815256118774,False
0.1,B0029,0.9992775321006775,False
0.2,B0029,0.9992828369140625,False
0.01,B0029,0.9995996952056885,False
0.02,B0029,0.999602198600769,False
0.05,B0029,0.9995996356010437,False
0.1,B0029,0.999598503112793,False
0.2,B0029,0.9996029734611511,False
0.01,B0029,0.9995261430740356,False
0.02,B0029,0.9995262622833252,False
0.05,B0029,0.9995245933532715,False
0.1,B0029,0.999523937702179,False
0.2,B0029,0.9995235800743103,False
0.01,B0029,0.9995218515396118,False
0.02,B0029,0.9995219707489014,False
0.05,B0029,0.9995147585868835,False
0.1,B0029,0.9995177388191223,False
0.2,B0029,0.9994928240776062,False
0.01,B0034,0.9952841997146606,False
0.02,B0034,0.9952986240386963,False
0.05,B0034,0.9952876567840576,False
0.1,B0034,0.9951945543289185,False
0.2,B0034,0.9949194192886353,False
0.01,B0034,0.9995814561843872,False
0.02,B0034,0.9995769262313843,False
0.05,B0034,0.9995823502540588,False
0.1,B0034,0.9995862245559692,False
0.2,B0034,0.9996421337127686,False
0.01,B0034,0.9996652603149414,False
0.02,B0034,0.9996680021286011,False
0.05,B0034,0.9996664524078369,False
0.1,B0034,0.9996706247329712,False
0.2,B0034,0.9996006488800049,False
0.01,B0034,0.9995203614234924,False
0.02,B0034,0.9995157718658447,False
0.05,B0034,0.9995210766792297,False
0.1,B0034,0.9995248317718506,False
0.2,B0034,0.9995326995849609,False
0.01,B0034,0.9991412162780762,False
0.02,B0034,0.9991357922554016,False
0.05,B0034,0.9991486072540283,False
0.1,B0034,0.9991306066513062,False
0.2,B0034,0.9991509914398193,False
0.01,B0034,0.9975124597549438,False
0.02,B0034,0.9974968433380127,False
0.05,B0034,0.9964259266853333,False
0.1,B0034,0.9975271821022034,False
0.2,B0034,0.9815210103988647,False
0.01,B0034,0.9973704814910889,False
0.02,B0034,0.997383177280426,False
0.05,B0034,0.9973887205123901,False
0.1,B0034,0.9973758459091187,False
0.2,B0034,0.9976136088371277,False
0.01,B0034,0.9977054595947266,False
0.02,B0034,0.997699499130249,False
0.05,B0034,0.9976886510848999,False
0.1,B0034,0.9977055788040161,False
0.2,B0034,0.9977148771286011,False
0.01,B0034,0.9973982572555542,False
0.02,B0034,0.9973812103271484,False
0.05,B0034,0.9973838925361633,False
0.1,B0034,0.9973880052566528,False
0.2,B0034,0.9975338578224182,False
0.01,B0034,0.9968834519386292,False
0.02,B0034,0.9968756437301636,False
0.05,B0034,0.9968644976615906,False
0.1,B0034,0.9968817234039307,False
0.2,B0034,0.9970059394836426,False
0.01,B0034,0.9969372749328613,False
0.02,B0034,0.996947169303894,False
0.05,B0034,0.9969140291213989,False
0.1,B0034,0.991578221321106,False
0.2,B0034,0.9970362186431885,False
0.01,B0034,0.9970701336860657,False
0.02,B0034,0.9970765113830566,False
0.05,B0034,0.9970748424530029,False
0.1,B0034,0.9971002340316772,False
0.2,B0034,0.9973512291908264,False
0.01,B0034,0.9965772032737732,False
0.02,B0034,0.996559739112854,False
0.05,B0034,0.9965548515319824,False
0.1,B0034,0.9965674877166748,False
0.2,B0034,0.9595427513122559,True
0.01,B0034,0.9965671300888062,False
0.02,B0034,0.9965035915374756,False
0.05,B0034,0.9964855909347534,False
0.1,B0034,0.996507465839386,False
0.2,B0034,0.959627628326416,True
0.01,B0034,0.996073305606842,False
0.02,B0034,0.9960832595825195,False
0.05,B0034,0.9960690140724182,False
0.1,B0034,0.9960737228393555,False
0.2,B0034,0.9961938858032227,False
0.01,B0034,0.9964364171028137,False
0.02,B0034,0.99643474817276,False
0.05,B0034,0.9964151382446289,False
0.1,B0034,0.9964491128921509,False
0.2,B0034,0.9830449223518372,False
0.01,B0034,0.9972193241119385,False
0.02,B0034,0.9972192049026489,False
0.05,B0034,0.9972175359725952,False
0.1,B0034,0.9972068071365356,False
0.2,B0034,0.987665057182312,False
0.01,B0034,0.9967037439346313,False
0.02,B0034,0.996703028678894,False
0.05,B0034,0.996713399887085,False
0.1,B0034,0.9967005252838135,False
0.2,B0034,0.9966058731079102,False
0.01,B0034,0.9965546131134033,False
0.02,B0034,0.9965617656707764,False
0.05,B0034,0.9965698719024658,False
0.1,B0034,0.9938626885414124,False
0.2,B0034,0.9962733387947083,False
0.01,B0034,0.9959959983825684,False
0.02,B0034,0.9959585666656494,False
0.05,B0034,0.9960669279098511,False
0.1,B0034,0.9959639310836792,False
0.2,B0034,0.967353105545044,True
0.01,B0034,0.9953659772872925,False
0.02,B0034,0.9952287077903748,False
0.05,B0034,0.9953961372375488,False
0.1,B0034,0.9953672885894775,False
0.2,B0034,0.9951486587524414,False
0.01,B0034,0.998088002204895,False
0.02,B0034,0.9980833530426025,False
0.05,B0034,0.998125433921814,False
0.1,B0034,0.9978182315826416,False
0.2,B0034,0.9976105690002441,False
0.01,B0034,0.9982702732086182,False
0.02,B0034,0.9982757568359375,False
0.05,B0034,0.9962193369865417,False
0.1,B0034,0.9982659816741943,False
0.2,B0034,0.9982538819313049,False
0.01,B0034,0.9977405071258545,False
0.02,B0034,0.9977404475212097,False
0.05,B0034,0.997750997543335,False
0.1,B0034,0.9977378845214844,False
0.2,B0034,0.974910318851471,True
0.01,B0034,0.9969887733459473,False
0.02,B0034,0.9969936013221741,False
0.05,B0034,0.9969871044158936,False
0.1,B0034,0.9969870448112488,False
0.2,B0034,0.984809398651123,False
0.01,B0034,0.9970899820327759,False
0.02,B0034,0.9971342086791992,False
0.05,B0034,0.9971365928649902,False
0.1,B0034,0.9971778392791748,False
0.2,B0034,0.9972242116928101,False
0.01,B0034,0.9971218705177307,False
0.02,B0034,0.9971251487731934,False
0.05,B0034,0.9971150159835815,False
0.1,B0034,0.9971358776092529,False
0.2,B0034,0.9875733852386475,False
0.01,B0034,0.9970756769180298,False
0.02,B0034,0.9970799684524536,False
0.05,B0034,0.9970718622207642,False
0.1,B0034,0.9970834255218506,False
0.2,B0034,0.9820314645767212,False
0.01,B0034,0.9970923662185669,False
0.02,B0034,0.9970897436141968,False
0.05,B0034,0.9970909357070923,False
0.1,B0034,0.9970988035202026,False
0.2,B0034,0.9970999956130981,False
0.01,B0034,0.9962828159332275,False
0.02,B0034,0.9962823390960693,False
0.05,B0034,0.9962794184684753,False
0.1,B0034,0.9928932189941406,False
0.2,B0034,0.9964756965637207,False
0.01,B0034,0.9962531328201294,False
0.02,B0034,0.9962481260299683,False
0.05,B0034,0.9963387250900269,False
0.1,B0034,0.9962735176086426,False
0.2,B0034,0.9964396953582764,False
0.01,B0034,0.9961850047111511,False
0.02,B0034,0.996172308921814,False
0.05,B0034,0.9961766004562378,False
0.1,B0034,0.9961812496185303,False
0.2,B0034,0.9961915612220764,False
0.01,B0034,0.9962827563285828,False
0.02,B0034,0.996281087398529,False
0.05,B0034,0.9962822198867798,False
0.1,B0034,0.9962819218635559,False
0.2,B0034,0.9960957169532776,False
0.01,B0034,0.9962295293807983,False
0.02,B0034,0.9962302446365356,False
0.05,B0034,0.9962351322174072,False
0.1,B0034,0.9962141513824463,False
0.2,B0034,0.9961332082748413,False
0.01,B0034,0.9959085583686829,False
0.02,B0034,0.9959200024604797,False
0.05,B0034,0.9959083795547485,False
0.1,B0034,0.992202877998352,False
0.2,B0034,0.9959896206855774,False
0.01,B0034,0.9961764216423035,False
0.02,B0034,0.996128261089325,False
0.05,B0034,0.9961502552032471,False
0.1,B0034,0.9961389303207397,False
0.2,B0034,0.9961395859718323,False
0.01,B0034,0.9960117936134338,False
0.02,B0034,0.9960598945617676,False
0.05,B0034,0.9960945844650269,False
0.1,B0034,0.992544412612915,False
0.2,B0034,0.9960889220237732,False
0.01,B0034,0.9955591559410095,False
0.02,B0034,0.9955593347549438,False
0.05,B0034,0.9955814480781555,False
0.1,B0034,0.99556565284729,False
0.2,B0034,0.9857673048973083,False
0.01,B0034,0.9942594766616821,False
0.02,B0034,0.994228720664978,False
0.05,B0034,0.9942864179611206,False
0.1,B0034,0.9942240118980408,False
0.2,B0034,0.9942871332168579,False
0.01,B0034,0.9957078695297241,False
0.02,B0034,0.995678722858429,False
0.05,B0034,0.9956768751144409,False
0.1,B0034,0.9956592321395874,False
0.2,B0034,0.9954161643981934,False
0.01,B0034,0.9960758686065674,False
0.02,B0034,0.9960707426071167,False
0.05,B0034,0.9960598945617676,False
0.1,B0034,0.9960817098617554,False
0.2,B0034,0.9960554838180542,False
0.01,B0034,0.9960448741912842,False
0.02,B0034,0.9960435032844543,False
0.05,B0034,0.9960399866104126,False
0.1,B0034,0.9960423707962036,False
0.2,B0034,0.9862494468688965,False
0.01,B0034,0.9968311190605164,False
0.02,B0034,0.9968312978744507,False
0.05,B0034,0.9968376159667969,False
0.1,B0034,0.9968504905700684,False
0.2,B0034,0.9964703321456909,False
0.01,B0034,0.9947325587272644,False
0.02,B0034,0.9947285652160645,False
0.05,B0034,0.9947383403778076,False
0.1,B0034,0.9965206384658813,False
0.2,B0034,0.981569230556488,False
0.01,B0034,0.9958385825157166,False
0.02,B0034,0.9958420991897583,False
0.05,B0034,0.9958049058914185,False
0.1,B0034,0.9958321452140808,False
0.2,B0034,0.9955189228057861,False
0.01,B0034,0.9844697117805481,False
0.02,B0034,0.984485387802124,False
0.05,B0034,0.9845264554023743,False
0.1,B0034,0.9844717979431152,False
0.2,B0034,0.9831805229187012,False
0.01,B0034,0.9970235824584961,False
0.02,B0034,0.9970360994338989,False
0.05,B0034,0.9970872402191162,False
0.1,B0034,0.997059166431427,False
0.2,B0034,0.9888687133789062,False
0.01,B0034,0.9979942440986633,False
0.02,B0034,0.99797523021698,False
0.05,B0034,0.9979850053787231,False
0.1,B0034,0.995704174041748,False
0.2,B0034,0.9978780746459961,False
0.01,B0034,0.9975906014442444,False
0.02,B0034,0.997579038143158,False
0.05,B0034,0.9975706934928894,False
0.1,B0034,0.9975705146789551,False
0.2,B0034,0.9974765181541443,False
0.01,B0034,0.996572732925415,False
0.02,B0034,0.9965921640396118,False
0.05,B0034,0.9966000914573669,False
0.1,B0034,0.9965937733650208,False
0.2,B0034,0.9920403361320496,False
0.01,B0034,0.9942616820335388,False
0.02,B0034,0.9942628741264343,False
0.05,B0034,0.9943124651908875,False
0.1,B0034,0.9942542314529419,False
0.2,B0034,0.9943493008613586,False
0.01,B0034,0.9948047399520874,False
0.02,B0034,0.9947648048400879,False
0.05,B0034,0.9948238730430603,False
0.1,B0034,0.9948035478591919,False
0.2,B0034,0.9898027777671814,False
0.01,B0034,0.9957150220870972,False
0.02,B0034,0.9956976175308228,False
0.05,B0034,0.9957427978515625,False
0.1,B0034,0.9957417249679565,False
0.2,B0034,0.9808547496795654,True
0.01,B0034,0.9960697889328003,False
0.02,B0034,0.9960857629776001,False
0.05,B0034,0.9961093068122864,False
0.1,B0034,0.9857329726219177,False
0.2,B0034,0.9810499548912048,False
0.01,B0034,0.995431125164032,False
0.02,B0034,0.9954297542572021,False
0.05,B0034,0.9955359697341919,False
0.1,B0034,0.9954082369804382,False
0.2,B0034,0.9902361631393433,False
0.01,B0034,0.9951382875442505,False
0.02,B0034,0.995130181312561,False
0.05,B0034,0.995132565498352,False
0.1,B0034,0.9951556921005249,False
0.2,B0034,0.98881596326828,False
0.01,B0034,0.9917882084846497,False
0.02,B0034,0.9918225407600403,False
0.05,B0034,0.9918761849403381,False
0.1,B0034,0.9917939901351929,False
0.2,B0034,0.9868532419204712,False
0.01,B0034,0.9932422637939453,False
0.02,B0034,0.9932951331138611,False
0.05,B0034,0.9932765960693359,False
0.1,B0034,0.993323564529419,False
0.2,B0034,0.9921435117721558,False
0.01,B0034,0.9955852031707764,False
0.02,B0034,0.9955958724021912,False
0.05,B0034,0.9956164360046387,False
0.1,B0034,0.9955340623855591,False
0.2,B0034,0.9955218434333801,False
0.01,B0034,0.9957123398780823,False
0.02,B0034,0.995716392993927,False
0.05,B0034,0.9957171082496643,False
0.1,B0034,0.9957108497619629,False
0.2,B0034,0.9955991506576538,False
0.01,B0034,0.9952349066734314,False
0.02,B0034,0.995244026184082,False
0.05,B0034,0.9952619671821594,False
0.1,B0034,0.9952443838119507,False
0.2,B0034,0.9944583177566528,False
0.01,B0034,0.9931678175926208,False
0.02,B0034,0.9931243062019348,False
0.05,B0034,0.9932027459144592,False
0.1,B0034,0.9930658340454102,False
0.2,B0034,0.9926004409790039,False
0.01,B0034,0.9898226261138916,False
0.02,B0034,0.9898953437805176,False
0.05,B0034,0.9898867011070251,False
0.1,B0034,0.9898550510406494,False
0.2,B0034,0.9891594648361206,False
0.01,B0034,0.9926344156265259,False
0.02,B0034,0.9928003549575806,False
0.05,B0034,0.9926083087921143,False
0.1,B0034,0.9925820231437683,False
0.2,B0034,0.9924823045730591,False
0.01,B0034,0.9951170682907104,False
0.02,B0034,0.9951115846633911,False
0.05,B0034,0.9951239228248596,False
0.1,B0034,0.9951335191726685,False
0.2,B0034,0.9949424266815186,False
0.01,B0034,0.9947942495346069,False
0.02,B0034,0.9947913289070129,False
0.05,B0034,0.9947687983512878,False
0.1,B0034,0.9947802424430847,False
0.2,B0034,0.9944841265678406,False
0.01,B0034,0.9969545602798462,False
0.02,B0034,0.9969205856323242,False
0.05,B0034,0.996933102607727,False
0.1,B0034,0.987178385257721,False
0.2,B0034,0.9966075420379639,False
0.01,B0034,0.9933638572692871,False
0.02,B0034,0.993387758731842,False
0.05,B0034,0.9934430718421936,False
0.1,B0034,0.9934081435203552,False
0.2,B0034,0.9934645891189575,False
0.01,B0034,0.995998740196228,False
0.02,B0034,0.996008574962616,False
0.05,B0034,0.9960247278213501,False
0.1,B0034,0.9959524273872375,False
0.2,B0034,0.9716954231262207,True
0.01,B0034,0.9967565536499023,False
0.02,B0034,0.9967562556266785,False
0.05,B0034,0.99671471118927,False
0.1,B0034,0.99505215883255,False
0.2,B0034,0.9962681531906128,False
0.01,B0034,0.9960423707962036,False
0.02,B0034,0.9960535764694214,False
0.05,B0034,0.9960336685180664,False
0.1,B0034,0.9960111379623413,False
0.2,B0034,0.9959911108016968,False
0.01,B0034,0.9960922598838806,False
0.02,B0034,0.9960945844650269,False
0.05,B0034,0.996107280254364,False
0.1,B0034,0.996067225933075,False
0.2,B0034,0.9960540533065796,False
0.01,B0034,0.9947091937065125,False
0.02,B0034,0.9947226643562317,False
0.05,B0034,0.9947108030319214,False
0.1,B0034,0.9947197437286377,False
0.2,B0034,0.9942688941955566,False
0.01,B0034,0.9918714761734009,False
0.02,B0034,0.9918527603149414,False
0.05,B0034,0.9918952584266663,False
0.1,B0034,0.9953311085700989,False
0.2,B0034,0.9927101135253906,False
0.01,B0034,0.994396448135376,False
0.02,B0034,0.994369387626648,False
0.05,B0034,0.9943532943725586,False
0.1,B0034,0.9943443536758423,False
0.2,B0034,0.9941774010658264,False
0.01,B0034,0.995651364326477,False
0.02,B0034,0.9956544637680054,False
0.05,B0034,0.9956502914428711,False
0.1,B0034,0.9956493377685547,False
0.2,B0034,0.9954650402069092,False
0.01,B0034,0.9950546026229858,False
0.02,B0034,0.995047390460968,False
0.05,B0034,0.9950563907623291,False
0.1,B0034,0.9950429797172546,False
0.2,B0034,0.9949068427085876,False
0.01,B0034,0.9949600696563721,False
0.02,B0034,0.9949741363525391,False
0.05,B0034,0.9949749708175659,False
0.1,B0034,0.9910958409309387,False
0.2,B0034,0.9947896599769592,False
0.01,B0034,0.9950008392333984,False
0.02,B0034,0.9949897527694702,False
0.05,B0034,0.9949727058410645,False
0.1,B0034,0.9949557185173035,False
0.2,B0034,0.9947760105133057,False
0.01,B0034,0.9950872659683228,False
0.02,B0034,0.995086669921875,False
0.05,B0034,0.9950863122940063,False
0.1,B0034,0.9931612014770508,False
0.2,B0034,0.9695258140563965,True
0.01,B0034,0.9949451088905334,False
0.02,B0034,0.994937002658844,False
0.05,B0034,0.9949434995651245,False
0.1,B0034,0.9949496984481812,False
0.2,B0034,0.9947811365127563,False
0.01,B0034,0.9949638843536377,False
0.02,B0034,0.994957685470581,False
0.05,B0034,0.9949681162834167,False
0.1,B0034,0.9949629902839661,False
0.2,B0034,0.9830568432807922,False
0.01,B0034,0.9949963092803955,False
0.02,B0034,0.9949967265129089,False
0.05,B0034,0.9950254559516907,False
0.1,B0034,0.9949908256530762,False
0.2,B0034,0.9947875142097473,False
0.01,B0034,0.9949467182159424,False
0.02,B0034,0.9949371814727783,False
0.05,B0034,0.9949790239334106,False
0.1,B0034,0.9949917793273926,False
0.2,B0034,0.9761052131652832,True
0.01,B0034,0.9949368238449097,False
0.02,B0034,0.9949451684951782,False
0.05,B0034,0.9949416518211365,False
0.1,B0034,0.9949454069137573,False
0.2,B0034,0.9830381870269775,False
0.01,B0034,0.995011568069458,False
0.02,B0034,0.9950063824653625,False
0.05,B0034,0.9950293898582458,False
0.1,B0034,0.9950072765350342,False
0.2,B0034,0.9948475956916809,False
0.01,B0034,0.9951173067092896,False
0.02,B0034,0.9951122403144836,False
0.05,B0034,0.9951283931732178,False
0.1,B0034,0.9950103759765625,False
0.2,B0034,0.9950805306434631,False
0.01,B0034,0.9949729442596436,False
0.02,B0034,0.9949688911437988,False
0.05,B0034,0.9949518442153931,False
0.1,B0034,0.9949747323989868,False
0.2,B0034,0.9947575330734253,False
0.01,B0034,0.9949033260345459,False
0.02,B0034,0.9948468804359436,False
0.05,B0034,0.9948467016220093,False
0.1,B0034,0.9948541522026062,False
0.2,B0034,0.9947891235351562,False
0.01,B0034,0.9942007064819336,False
0.02,B0034,0.9941802620887756,False
0.05,B0034,0.9941569566726685,False
0.1,B0034,0.9942078590393066,False
0.2,B0034,0.9940851926803589,False
0.01,B0034,0.9936559200286865,False
0.02,B0034,0.9936884641647339,False
0.05,B0034,0.9936400651931763,False
0.1,B0034,0.9937909841537476,False
0.2,B0034,0.9932934045791626,False
0.01,B0034,0.9926844239234924,False
0.02,B0034,0.9926431179046631,False
0.05,B0034,0.9926303029060364,False
0.1,B0034,0.9927030801773071,False
0.2,B0034,0.9922178983688354,False
0.01,B0034,0.9946388006210327,False
0.02,B0034,0.9946557879447937,False
0.05,B0034,0.9902271628379822,False
0.1,B0034,0.9946351051330566,False
0.2,B0034,0.9868841171264648,False
0.01,B0034,0.9949559569358826,False
0.02,B0034,0.9949068427085876,False
0.05,B0034,0.9949630498886108,False
0.1,B0034,0.994966447353363,False
0.2,B0034,0.9948062896728516,False
0.01,B0034,0.9948331713676453,False
0.02,B0034,0.9948322772979736,False
0.05,B0034,0.99483323097229,False
0.1,B0034,0.9948418140411377,False
0.2,B0034,0.9948116540908813,False
0.01,B0034,0.994291365146637,False
0.02,B0034,0.9942933917045593,False
0.05,B0034,0.9943005442619324,False
0.1,B0034,0.9942878484725952,False
0.2,B0034,0.9939619898796082,False
0.01,B0034,0.9941014051437378,False
0.02,B0034,0.9941034913063049,False
0.05,B0034,0.9934347867965698,False
0.1,B0034,0.9908711910247803,False
0.2,B0034,0.9873707294464111,False
0.01,B0034,0.9941446781158447,False
0.02,B0034,0.9941306114196777,False
0.05,B0034,0.9941726326942444,False
0.1,B0034,0.9940905570983887,False
0.2,B0034,0.9918664693832397,False
0.01,B0034,0.9947686195373535,False
0.02,B0034,0.9947696328163147,False
0.05,B0034,0.9947482347488403,False
0.1,B0034,0.9947565793991089,False
0.2,B0034,0.9945743083953857,False
0.01,B0034,0.9948174357414246,False
0.02,B0034,0.9947789311408997,False
0.05,B0034,0.9948204755783081,False
0.1,B0034,0.9916204214096069,False
0.2,B0034,0.9865763187408447,False
0.01,B0034,0.9947985410690308,False
0.02,B0034,0.9948025941848755,False
0.05,B0034,0.9948142766952515,False
0.1,B0034,0.9948062300682068,False
0.2,B0034,0.9945982694625854,False
0.01,B0034,0.9927527904510498,False
0.02,B0034,0.9932538866996765,False
0.05,B0034,0.9932560920715332,False
0.1,B0034,0.9932122826576233,False
0.2,B0034,0.9931268095970154,False
0.01,B0034,0.9918665289878845,False
0.02,B0034,0.9918663501739502,False
0.05,B0034,0.9919110536575317,False
0.1,B0034,0.9918656945228577,False
0.2,B0034,0.9911991357803345,False
0.01,B0034,0.9938278198242188,False
0.02,B0034,0.993810772895813,False
0.05,B0034,0.9938620328903198,False
0.1,B0034,0.9926528930664062,False
0.2,B0034,0.9903441667556763,False
0.01,B0034,0.9947425127029419,False
0.02,B0034,0.9947187304496765,False
0.05,B0034,0.9947307109832764,False
0.1,B0034,0.9947547316551208,False
0.2,B0034,0.9945704936981201,False
0.01,B0034,0.9947926998138428,False
0.02,B0034,0.9948350191116333,False
0.05,B0034,0.9948097467422485,False
0.1,B0034,0.992620587348938,False
0.2,B0034,0.9949028491973877,False
0.01,B0034,0.9947200417518616,False
0.02,B0034,0.9947134256362915,False
0.05,B0034,0.9947035312652588,False
0.1,B0034,0.9944436550140381,False
0.2,B0034,0.9869920015335083,False
0.01,B0034,0.9918301105499268,False
0.02,B0034,0.9918628931045532,False
0.05,B0034,0.991891086101532,False
0.1,B0034,0.9918742179870605,False
0.2,B0034,0.9917060136795044,False
0.01,B0034,0.990024983882904,False
0.02,B0034,0.9900698065757751,False
0.05,B0034,0.9899851083755493,False
0.1,B0034,0.9900644421577454,False
0.2,B0034,0.9900822639465332,False
0.01,B0034,0.9930504560470581,False
0.02,B0034,0.9930098056793213,False
0.05,B0034,0.9930629134178162,False
0.1,B0034,0.9929567575454712,False
0.2,B0034,0.9927889108657837,False
0.01,B0034,0.994702935218811,False
0.02,B0034,0.9947147965431213,False
0.05,B0034,0.9947254061698914,False
0.1,B0034,0.9947052597999573,False
0.2,B0034,0.9944010972976685,False
0.01,B0034,0.9952380657196045,False
0.02,B0034,0.9952363967895508,False
0.05,B0034,0.9952456951141357,False
0.1,B0034,0.9952187538146973,False
0.2,B0034,0.9949821829795837,False
0.01,B0034,0.9940155744552612,False
0.02,B0034,0.9940279126167297,False
0.05,B0034,0.9940248727798462,False
0.1,B0034,0.9939528703689575,False
0.2,B0034,0.9936927556991577,False
0.01,B0034,0.9826360940933228,False
0.02,B0034,0.98260498046875,False
0.05,B0034,0.9827221035957336,False
0.1,B0034,0.9825407266616821,False
0.2,B0034,0.966523289680481,True
0.01,B0034,0.993257999420166,False
0.02,B0034,0.9932786226272583,False
0.05,B0034,0.9932981729507446,False
0.1,B0034,0.9933116436004639,False
0.2,B0034,0.9930053949356079,False
0.01,B0034,0.9946017861366272,False
0.02,B0034,0.9945900440216064,False
0.05,B0034,0.9946033954620361,False
0.1,B0034,0.9944718480110168,False
0.2,B0034,0.9944304823875427,False
0.01,B0034,0.9943639636039734,False
0.02,B0034,0.9943549633026123,False
0.05,B0034,0.9943814873695374,False
0.1,B0034,0.9943486452102661,False
0.2,B0034,0.9941418170928955,False
0.01,B0034,0.9948769807815552,False
0.02,B0034,0.9948769807815552,False
0.05,B0034,0.9948500394821167,False
0.1,B0034,0.9948731064796448,False
0.2,B0034,0.9771623611450195,True
0.01,B0034,0.9943060874938965,False
0.02,B0034,0.9943368434906006,False
0.05,B0034,0.9943639636039734,False
0.1,B0034,0.9943982362747192,False
0.2,B0034,0.9865024089813232,False
0.01,B0034,0.9951039552688599,False
0.02,B0034,0.9951168298721313,False
0.05,B0034,0.9951230883598328,False
0.1,B0034,0.993844747543335,False
0.2,B0034,0.994769811630249,False
0.01,B0034,0.9949468374252319,False
0.02,B0034,0.9949095249176025,False
0.05,B0034,0.9949005842208862,False
0.1,B0034,0.99484783411026,False
0.2,B0034,0.9948139786720276,False
0.01,B0034,0.995311975479126,False
0.02,B0034,0.9953023791313171,False
0.05,B0034,0.995436429977417,False
0.1,B0034,0.995477020740509,False
0.2,B0034,0.9950639605522156,False
0.01,B0034,0.9941314458847046,False
0.02,B0034,0.9948297739028931,False
0.05,B0034,0.9948425889015198,False
0.1,B0034,0.9948480725288391,False
0.2,B0034,0.9948866367340088,False
0.01,B0034,0.9948760867118835,False
0.02,B0034,0.9948731660842896,False
0.05,B0034,0.9948513507843018,False
0.1,B0034,0.9948146939277649,False
0.2,B0034,0.9831641316413879,False
0.01,B0034,0.9946455359458923,False
0.02,B0034,0.9946261644363403,False
0.05,B0034,0.9943630695343018,False
0.1,B0034,0.9946116805076599,False
0.2,B0034,0.9945055246353149,False
0.01,B0034,0.9949420690536499,False
0.02,B0034,0.9949356317520142,False
0.05,B0034,0.9949764013290405,False
0.1,B0034,0.9949531555175781,False
0.2,B0034,0.9946527481079102,False
0.01,B0034,0.9950945377349854,False
0.02,B0034,0.9935746192932129,False
0.05,B0034,0.9950544834136963,False
0.1,B0034,0.9950991868972778,False
0.2,B0034,0.9951356649398804,False
0.01,B0034,0.9946238398551941,False
0.02,B0034,0.9946036338806152,False
0.05,B0034,0.9946174621582031,False
0.1,B0034,0.994620680809021,False
0.2,B0034,0.9945043325424194,False
0.01,B0034,0.9949546456336975,False
0.02,B0034,0.9949349761009216,False
0.05,B0034,0.9949160814285278,False
0.1,B0034,0.9949057698249817,False
0.2,B0034,0.9948334693908691,False
0.01,B0034,0.9918289184570312,False
0.02,B0034,0.9917832612991333,False
0.05,B0034,0.991854190826416,False
0.1,B0034,0.9918261170387268,False
0.2,B0034,0.9769766330718994,True
0.01,B0034,0.988798201084137,False
0.02,B0034,0.9887698888778687,False
0.05,B0034,0.9887739419937134,False
0.1,B0034,0.9887930154800415,False
0.2,B0034,0.9889560341835022,False
0.01,B0034,0.9914542436599731,False
0.02,B0034,0.9914557933807373,False
0.05,B0034,0.9914898872375488,False
0.1,B0034,0.9914014339447021,False
0.2,B0034,0.9911091327667236,False
0.01,B0034,0.9938290119171143,False
0.02,B0034,0.9938386678695679,False
0.05,B0034,0.9938461184501648,False
0.1,B0034,0.9934400916099548,False
0.2,B0034,0.9935312271118164,False
0.01,B0034,0.9942329525947571,False
0.02,B0034,0.9942139983177185,False
0.05,B0034,0.9942222833633423,False
0.1,B0034,0.99418044090271,False
0.2,B0034,0.9933315515518188,False
0.01,B0034,0.9940240383148193,False
0.02,B0034,0.9940611124038696,False
0.05,B0034,0.9939807653427124,False
0.1,B0034,0.9904683828353882,False
0.2,B0034,0.9939718246459961,False
0.01,B0034,0.9900864958763123,False
0.02,B0034,0.99004065990448,False
0.05,B0034,0.9901075959205627,False
0.1,B0034,0.9900878667831421,False
0.2,B0034,0.9900780916213989,False
0.01,B0034,0.993471086025238,False
0.02,B0034,0.9934946298599243,False
0.05,B0034,0.9935363531112671,False
0.1,B0034,0.9934180378913879,False
0.2,B0034,0.9932593107223511,False
0.01,B0034,0.9939988851547241,False
0.02,B0034,0.994006872177124,False
0.05,B0034,0.994054913520813,False
0.1,B0034,0.9940460920333862,False
0.2,B0034,0.9939149618148804,False
0.01,B0034,0.9944537281990051,False
0.02,B0034,0.9944515824317932,False
0.05,B0034,0.9944432377815247,False
0.1,B0034,0.9944627285003662,False
0.2,B0034,0.988192081451416,False
0.01,B0034,0.995110034942627,False
0.02,B0034,0.9951261281967163,False
0.05,B0034,0.9951226711273193,False
0.1,B0034,0.9950626492500305,False
0.2,B0034,0.9744309186935425,True
0.01,B0034,0.9939303398132324,False
0.02,B0034,0.9939006567001343,False
0.05,B0034,0.9926628470420837,False
0.1,B0034,0.9939250946044922,False
0.2,B0034,0.9937093257904053,False
0.01,B0034,0.9914373159408569,False
0.02,B0034,0.9914575219154358,False
0.05,B0034,0.991381824016571,False
0.1,B0034,0.9912897944450378,False
0.2,B0034,0.9908416867256165,False
0.01,B0034,0.9944979548454285,False
0.02,B0034,0.9944819211959839,False
0.05,B0034,0.9944618940353394,False
0.1,B0034,0.994471549987793,False
0.2,B0034,0.9787588715553284,True
0.01,B0034,0.9947842359542847,False
0.02,B0034,0.9947913289070129,False
0.05,B0034,0.9947727918624878,False
0.1,B0034,0.9948369860649109,False
0.2,B0034,0.9969080686569214,False
0.01,B0034,0.9950668811798096,False
0.02,B0034,0.9950751066207886,False
0.05,B0034,0.9950520992279053,False
0.1,B0034,0.9950759410858154,False
0.2,B0034,0.9951947927474976,False
0.01,B0034,0.9946311712265015,False
0.02,B0034,0.9945894479751587,False
0.05,B0034,0.9945492744445801,False
0.1,B0034,0.9946498870849609,False
0.2,B0034,0.9942930936813354,False
0.01,B0034,0.9933940172195435,False
0.02,B0034,0.9934213161468506,False
0.05,B0034,0.9934550523757935,False
0.1,B0034,0.993434488773346,False
0.2,B0034,0.9936141967773438,False
0.01,B0034,0.9861024022102356,False
0.02,B0034,0.9860807657241821,False
0.05,B0034,0.9860728979110718,False
0.1,B0034,0.9859515428543091,False
0.2,B0034,0.9860571622848511,False
0.01,B0034,0.9917830228805542,False
0.02,B0034,0.9918243885040283,False
0.05,B0034,0.9917370080947876,False
0.1,B0034,0.9907251596450806,False
0.2,B0034,0.9911807775497437,False
0.01,B0034,0.9937523603439331,False
0.02,B0034,0.9937559962272644,False
0.05,B0034,0.9885916113853455,False
0.1,B0034,0.9937652349472046,False
0.2,B0034,0.9933428764343262,False
0.01,B0034,0.9942488670349121,False
0.02,B0034,0.9942433834075928,False
0.05,B0034,0.9942742586135864,False
0.1,B0034,0.9941422939300537,False
0.2,B0034,0.9896329641342163,False
0.01,B0034,0.9942592978477478,False
0.02,B0034,0.9942446947097778,False
0.05,B0034,0.9942806959152222,False
0.1,B0034,0.9941447973251343,False
0.2,B0034,0.9939612746238708,False
0.01,B0034,0.9945920705795288,False
0.02,B0034,0.9945975542068481,False
0.05,B0034,0.9945653676986694,False
0.1,B0034,0.9946016073226929,False
0.2,B0034,0.9943482279777527,False
0.01,B0034,0.994331955909729,False
0.02,B0034,0.9943243265151978,False
0.05,B0034,0.9943850040435791,False
0.1,B0034,0.9943605065345764,False
0.2,B0034,0.9939572811126709,False
0.01,B0034,0.9946744441986084,False
0.02,B0034,0.9946735501289368,False
0.05,B0034,0.9947142601013184,False
0.1,B0034,0.994673490524292,False
0.2,B0034,0.9944273233413696,False
0.01,B0034,0.9923444986343384,False
0.02,B0034,0.9923540353775024,False
0.05,B0034,0.992390513420105,False
0.1,B0034,0.9923481941223145,False
0.2,B0034,0.9922974705696106,False
0.01,B0034,0.9907705187797546,False
0.02,B0034,0.9908267855644226,False
0.05,B0034,0.9909020066261292,False
0.1,B0034,0.9907972812652588,False
0.2,B0034,0.9908108711242676,False
0.01,B0034,0.9937399625778198,False
0.02,B0034,0.9937536716461182,False
0.05,B0034,0.9936683177947998,False
0.1,B0034,0.9937282800674438,False
0.2,B0034,0.9934921264648438,False
0.01,B0034,0.9949605464935303,False
0.02,B0034,0.9949727654457092,False
0.05,B0034,0.9950111508369446,False
0.1,B0034,0.9836041331291199,False
0.2,B0034,0.9944964647293091,False
0.01,B0034,0.9949918389320374,False
0.02,B0034,0.9950257539749146,False
0.05,B0034,0.995037317276001,False
0.1,B0034,0.9950215816497803,False
0.2,B0034,0.9950841665267944,False
0.01,B0034,0.9931745529174805,False
0.02,B0034,0.9931869506835938,False
0.05,B0034,0.9931207895278931,False
0.1,B0034,0.9931917190551758,False
0.2,B0034,0.9933053255081177,False
0.01,B0034,0.9896968007087708,False
0.02,B0034,0.9896179437637329,False
0.05,B0034,0.989640474319458,False
0.1,B0034,0.9896845817565918,False
0.2,B0034,0.9892016649246216,False
0.01,B0034,0.9931420087814331,False
0.02,B0034,0.9931453466415405,False
0.05,B0034,0.9931126236915588,False
0.1,B0034,0.9931067228317261,False
0.2,B0034,0.9931085109710693,False
0.01,B0034,0.9943567514419556,False
0.02,B0034,0.994351863861084,False
0.05,B0034,0.9943367838859558,False
0.1,B0034,0.9943117499351501,False
0.2,B0034,0.9890292882919312,False
0.01,B0034,0.9950751066207886,False
0.02,B0034,0.9950466156005859,False
0.05,B0034,0.9950864315032959,False
0.1,B0034,0.9950278997421265,False
0.2,B0034,0.9950813055038452,False
0.01,B0034,0.9945118427276611,False
0.02,B0034,0.994526743888855,False
0.05,B0034,0.9946482181549072,False
0.1,B0034,0.994547426700592,False
0.2,B0034,0.9916502237319946,False
0.01,B0034,0.993159294128418,False
0.02,B0034,0.9931337237358093,False
0.05,B0034,0.9930890798568726,False
0.1,B0034,0.9942483901977539,False
0.2,B0034,0.9833693504333496,False
0.01,B0034,0.9915333986282349,False
0.02,B0034,0.9914314150810242,False
0.05,B0034,0.9914998412132263,False
0.1,B0034,0.9915064573287964,False
0.2,B0034,0.9911971092224121,False
0.01,B0034,0.992160975933075,False
0.02,B0034,0.9921594858169556,False
0.05,B0034,0.9921630024909973,False
0.1,B0034,0.9920971989631653,False
0.2,B0034,0.990959882736206,False
0.01,B0034,0.9942235946655273,False
0.02,B0034,0.9942470788955688,False
0.05,B0034,0.9942524433135986,False
0.1,B0034,0.9942492842674255,False
0.2,B0034,0.9903119206428528,False
0.01,B0034,0.9945315718650818,False
0.02,B0034,0.9945217967033386,False
0.05,B0034,0.9945448637008667,False
0.1,B0034,0.9943127036094666,False
0.2,B0034,0.9800505042076111,True
0.01,B0034,0.9949501752853394,False
0.02,B0034,0.9949376583099365,False
0.05,B0034,0.994952917098999,False
0.1,B0034,0.9948108792304993,False
0.2,B0034,0.994942307472229,False
0.01,B0034,0.9917569160461426,False
0.02,B0034,0.9918176531791687,False
0.05,B0034,0.9918369650840759,False
0.1,B0034,0.9918022155761719,False
0.2,B0034,0.9761803150177002,True
0.01,B0034,0.9890802502632141,False
0.02,B0034,0.9909811615943909,False
0.05,B0034,0.9910405874252319,False
0.1,B0034,0.9908658862113953,False
0.2,B0034,0.9909860491752625,False
0.01,B0034,0.9924823045730591,False
0.02,B0034,0.9924366474151611,False
0.05,B0034,0.9924924969673157,False
0.1,B0034,0.9924700260162354,False
0.2,B0034,0.9926195740699768,False
0.01,B0034,0.993992030620575,False
0.02,B0034,0.9940198659896851,False
0.05,B0034,0.9940491914749146,False
0.1,B0034,0.9938533306121826,False
0.2,B0034,0.9938205480575562,False
0.01,B0034,0.9910764694213867,False
0.02,B0034,0.9910296201705933,False
0.05,B0034,0.9910873770713806,False
0.1,B0034,0.9911000728607178,False
0.2,B0034,0.991019606590271,False
0.01,B0034,0.9945988655090332,False
0.02,B0034,0.9946338534355164,False
0.05,B0034,0.9946523308753967,False
0.1,B0034,0.9945547580718994,False
0.2,B0034,0.9964900612831116,False
0.01,B0034,0.9948089718818665,False
0.02,B0034,0.9947853088378906,False
0.05,B0034,0.9948288202285767,False
0.1,B0034,0.9948149919509888,False
0.2,B0034,0.9943003058433533,False
0.01,B0034,0.9946202039718628,False
0.02,B0034,0.9946441650390625,False
0.05,B0034,0.9946739077568054,False
0.1,B0034,0.9946106672286987,False
0.2,B0034,0.9944908618927002,False
0.01,B0034,0.9949164390563965,False
0.02,B0034,0.9949057698249817,False
0.05,B0034,0.994887113571167,False
0.1,B0034,0.9949138760566711,False
0.2,B0034,0.9946722984313965,False
0.01,B0034,0.9949136972427368,False
0.02,B0034,0.9949055314064026,False
0.05,B0034,0.994882345199585,False
0.1,B0034,0.9949274063110352,False
0.2,B0034,0.9946312308311462,False
0.01,B0034,0.9952466487884521,False
0.02,B0034,0.9952346086502075,False
0.05,B0034,0.9952526092529297,False
0.1,B0034,0.995243489742279,False
0.2,B0034,0.9950568079948425,False
0.01,B0034,0.9944171905517578,False
0.02,B0034,0.9944255352020264,False
0.05,B0034,0.9944425821304321,False
0.1,B0034,0.9944926500320435,False
0.2,B0034,0.9942653179168701,False
0.01,B0034,0.994718611240387,False
0.02,B0034,0.9947428703308105,False
0.05,B0034,0.9947385191917419,False
0.1,B0034,0.9946834444999695,False
0.2,B0034,0.9782925844192505,True
0.01,B0034,0.9945011734962463,False
0.02,B0034,0.9944932460784912,False
0.05,B0034,0.9945346713066101,False
0.1,B0034,0.9943175911903381,False
0.2,B0034,0.9943343997001648,False
0.01,B0034,0.9947688579559326,False
0.02,B0034,0.9947609901428223,False
0.05,B0034,0.994729220867157,False
0.1,B0034,0.9947638511657715,False
0.2,B0034,0.9948922395706177,False
0.01,B0034,0.9947808980941772,False
0.02,B0034,0.994796872138977,False
0.05,B0034,0.9948046207427979,False
0.1,B0034,0.9947881698608398,False
0.2,B0034,0.9891541004180908,False
0.01,B0034,0.9947123527526855,False
0.02,B0034,0.9947344064712524,False
0.05,B0034,0.994652271270752,False
0.1,B0034,0.9947227239608765,False
0.2,B0034,0.9944387078285217,False
0.01,B0034,0.9952241778373718,False
0.02,B0034,0.995221734046936,False
0.05,B0034,0.9952647686004639,False
0.1,B0034,0.995133638381958,False
0.2,B0034,0.9951726198196411,False
0.01,B0034,0.9951280951499939,False
0.02,B0034,0.9951208829879761,False
0.05,B0034,0.9951556921005249,False
0.1,B0034,0.9950721263885498,False
0.2,B0034,0.994911253452301,False
0.01,B0034,0.9950538873672485,False
0.02,B0034,0.9942169785499573,False
0.05,B0034,0.9949688911437988,False
0.1,B0034,0.995006799697876,False
0.2,B0034,0.9949395060539246,False
0.01,B0034,0.9872689247131348,False
0.02,B0034,0.9873223304748535,False
0.05,B0034,0.9872645735740662,False
0.1,B0034,0.9872387647628784,False
0.2,B0034,0.9869123697280884,False
0.01,B0034,0.9879409670829773,False
0.02,B0034,0.9879217147827148,False
0.05,B0034,0.9878689050674438,False
0.1,B0034,0.9879747033119202,False
0.2,B0034,0.9873756766319275,False
0.01,B0034,0.9915210008621216,False
0.02,B0034,0.9915343523025513,False
0.05,B0034,0.9916325807571411,False
0.1,B0034,0.991569995880127,False
0.2,B0034,0.9923983812332153,False
0.01,B0034,0.9942587614059448,False
0.02,B0034,0.9941798448562622,False
0.05,B0034,0.9941987991333008,False
0.1,B0034,0.9942134022712708,False
0.2,B0034,0.9937266111373901,False
0.01,B0034,0.9939077496528625,False
0.02,B0034,0.9939345121383667,False
0.05,B0034,0.9939558506011963,False
0.1,B0034,0.9948599934577942,False
0.2,B0034,0.989662766456604,False
0.01,B0054,0.9780081510543823,True
0.02,B0054,0.9769400954246521,True
0.05,B0054,0.9780008792877197,True
0.1,B0054,0.978014349937439,True
0.2,B0054,0.9781125783920288,True
0.01,B0054,0.998369574546814,False
0.02,B0054,0.998371958732605,False
0.05,B0054,0.9983700513839722,False
0.1,B0054,0.9983600974082947,False
0.2,B0054,0.9985198378562927,False
0.01,B0054,0.9989967942237854,False
0.02,B0054,0.9989967942237854,False
0.05,B0054,0.9989954233169556,False
0.1,B0054,0.9989809393882751,False
0.2,B0054,0.9981933236122131,False
0.01,B0054,0.984919548034668,False
0.02,B0054,0.9849079847335815,False
0.05,B0054,0.9848434925079346,False
0.1,B0054,0.984947919845581,False
0.2,B0054,0.985327422618866,False
0.01,B0054,0.9971945881843567,False
0.02,B0054,0.9971946477890015,False
0.05,B0054,0.9971873760223389,False
0.1,B0054,0.9972130060195923,False
0.2,B0054,0.9825506210327148,False
0.01,B0054,0.984684944152832,False
0.02,B0054,0.9846943020820618,False
0.05,B0054,0.984700083732605,False
0.1,B0054,0.9847028851509094,False
0.2,B0054,0.9847882986068726,False
0.01,B0054,0.9964889883995056,False
0.02,B0054,0.9964863061904907,False
0.05,B0054,0.9965019226074219,False
0.1,B0054,0.9965700507164001,False
0.2,B0054,0.9960787296295166,False
0.01,B0054,0.985543966293335,False
0.02,B0054,0.9855539798736572,False
0.05,B0054,0.9855639338493347,False
0.1,B0054,0.9853724837303162,False
0.2,B0054,0.98527592420578,False
0.01,B0054,0.9979466199874878,False
0.02,B0054,0.9979512095451355,False
0.05,B0054,0.9979555010795593,False
0.1,B0054,0.9978622198104858,False
0.2,B0054,0.9980188012123108,False
0.01,B0054,0.997615396976471,False
0.02,B0054,0.9976165890693665,False
0.05,B0054,0.9976205229759216,False
0.1,B0054,0.9976314306259155,False
0.2,B0054,0.9981815814971924,False
0.01,B0054,0.9852581024169922,False
0.02,B0054,0.9852523803710938,False
0.05,B0054,0.9852629899978638,False
0.1,B0054,0.985228955745697,False
0.2,B0054,0.9845231175422668,False
0.01,B0054,0.9966868758201599,False
0.02,B0054,0.9966862201690674,False
0.05,B0054,0.9966949820518494,False
0.1,B0054,0.9945022463798523,False
0.2,B0054,0.9963043332099915,False
0.01,B0054,0.9879132509231567,False
0.02,B0054,0.9877263903617859,False
0.05,B0054,0.987934947013855,False
0.1,B0054,0.9879251718521118,False
0.2,B0054,0.9877005815505981,False
0.01,B0054,0.9965186715126038,False
0.02,B0054,0.9965156316757202,False
0.05,B0054,0.9965611696243286,False
0.1,B0054,0.9956901669502258,False
0.2,B0054,0.9970739483833313,False
0.01,B0054,0.9961699843406677,False
0.02,B0054,0.9961674809455872,False
0.05,B0054,0.9962551593780518,False
0.1,B0054,0.9962334632873535,False
0.2,B0054,0.9962332844734192,False
0.01,B0054,0.9850499629974365,False
0.02,B0054,0.9850368499755859,False
0.05,B0054,0.9850451350212097,False
0.1,B0054,0.9850617051124573,False
0.2,B0054,0.9853211045265198,False
0.01,B0054,0.9855349063873291,False
0.02,B0054,0.9855467081069946,False
0.05,B0054,0.9855453968048096,False
0.1,B0054,0.9855550527572632,False
0.2,B0054,0.9847851991653442,False
0.01,B0054,0.9864892959594727,False
0.02,B0054,0.9864838123321533,False
0.05,B0054,0.9864474534988403,False
0.1,B0054,0.9856114387512207,False
0.2,B0054,0.9870250821113586,False
0.01,B0054,0.9885929822921753,False
0.02,B0054,0.9885774254798889,False
0.05,B0054,0.9886037707328796,False
0.1,B0054,0.9885398149490356,False
0.2,B0054,0.9886313676834106,False
0.01,B0054,0.9970285296440125,False
0.02,B0054,0.9970268607139587,False
0.05,B0054,0.996996283531189,False
0.1,B0054,0.9969295859336853,False
0.2,B0054,0.9972418546676636,False
0.01,B0054,0.9846398234367371,False
0.02,B0054,0.9846727848052979,False
0.05,B0054,0.9847092628479004,False
0.1,B0054,0.9847009181976318,False
0.2,B0054,0.9847359657287598,False
0.01,B0054,0.9862000942230225,False
0.02,B0054,0.9861958026885986,False
0.05,B0054,0.9861664772033691,False
0.1,B0054,0.9862314462661743,False
0.2,B0054,0.9851630330085754,False
0.01,B0054,0.9968246221542358,False
0.02,B0054,0.9968243837356567,False
0.05,B0054,0.9968200922012329,False
0.1,B0054,0.9968218803405762,False
0.2,B0054,0.9969466924667358,False
0.01,B0054,0.986298680305481,False
0.02,B0054,0.9862982034683228,False
0.05,B0054,0.9862556457519531,False
0.1,B0054,0.986285924911499,False
0.2,B0054,0.9859790205955505,False
0.01,B0054,0.987228512763977,False
0.02,B0054,0.987213134765625,False
0.05,B0054,0.9872403144836426,False
0.1,B0054,0.9872660040855408,False
0.2,B0054,0.987008810043335,False
0.01,B0054,0.9846381545066833,False
0.02,B0054,0.9846429824829102,False
0.05,B0054,0.984636664390564,False
0.1,B0054,0.9841529130935669,False
0.2,B0054,0.9890169501304626,False
0.01,B0054,0.9965660572052002,False
0.02,B0054,0.9965660572052002,False
0.05,B0054,0.995793342590332,False
0.1,B0054,0.9965457320213318,False
0.2,B0054,0.9961875081062317,False
0.01,B0054,0.997452974319458,False
0.02,B0054,0.9974523782730103,False
0.05,B0054,0.9974764585494995,False
0.1,B0054,0.99749755859375,False
0.2,B0054,0.9977707266807556,False
0.01,B0054,0.9963110089302063,False
0.02,B0054,0.9963213205337524,False
0.05,B0054,0.9963202476501465,False
0.1,B0054,0.9963483810424805,False
0.2,B0054,0.9884830713272095,False
0.01,B0054,0.9852695465087891,False
0.02,B0054,0.9853242635726929,False
0.05,B0054,0.9852800369262695,False
0.1,B0054,0.9846903085708618,False
0.2,B0054,0.9845113754272461,False
0.01,B0054,0.9971505403518677,False
0.02,B0054,0.9971530437469482,False
0.05,B0054,0.9971685409545898,False
0.1,B0054,0.9971820712089539,False
0.2,B0054,0.997240424156189,False
0.01,B0054,0.9846615195274353,False
0.02,B0054,0.9846376180648804,False
0.05,B0054,0.9846004247665405,False
0.1,B0054,0.9846357703208923,False
0.2,B0054,0.983695924282074,False
0.01,B0054,0.9864376187324524,False
0.02,B0054,0.9864169359207153,False
0.05,B0054,0.9864721298217773,False
0.1,B0054,0.9864264726638794,False
0.2,B0054,0.9857648611068726,False
0.01,B0054,0.996680736541748,False
0.02,B0054,0.9966707229614258,False
0.05,B0054,0.996715784072876,False
0.1,B0054,0.9966861009597778,False
0.2,B0054,0.9963101148605347,False
0.01,B0054,0.9861235022544861,False
0.02,B0054,0.9861181974411011,False
0.05,B0054,0.9861272573471069,False
0.1,B0054,0.9861144423484802,False
0.2,B0054,0.9899789690971375,False
0.01,B0054,0.9839227795600891,False
0.02,B0054,0.9839200973510742,False
0.05,B0054,0.9839221835136414,False
0.1,B0054,0.9839170575141907,False
0.2,B0054,0.9839388728141785,False
0.01,B0054,0.9870955944061279,False
0.02,B0054,0.9871051907539368,False
0.05,B0054,0.9871068000793457,False
0.1,B0054,0.9868239760398865,False
0.2,B0054,0.986855149269104,False
0.01,B0054,0.9974555969238281,False
0.02,B0054,0.9973989129066467,False
0.05,B0054,0.9971723556518555,False
0.1,B0054,0.9972299337387085,False
0.2,B0054,0.9973137378692627,False
0.01,B0054,0.983862042427063,False
0.02,B0054,0.9838424921035767,False
0.05,B0054,0.9839097261428833,False
0.1,B0054,0.9838349223136902,False
0.2,B0054,0.9837603569030762,False
0.01,B0054,0.9944195747375488,False
0.02,B0054,0.9943796992301941,False
0.05,B0054,0.9944090843200684,False
0.1,B0054,0.9941921830177307,False
0.2,B0054,0.9942727088928223,False
0.01,B0054,0.9967483282089233,False
0.02,B0054,0.9967485666275024,False
0.05,B0054,0.99675452709198,False
0.1,B0054,0.9928772449493408,False
0.2,B0054,0.9852931499481201,False
0.01,B0054,0.9836288094520569,False
0.02,B0054,0.983672559261322,False
0.05,B0054,0.9834023714065552,False
0.1,B0054,0.9837337732315063,False
0.2,B0054,0.984160304069519,False
0.01,B0054,0.9851034879684448,False
0.02,B0054,0.9851246476173401,False
0.05,B0054,0.9850002527236938,False
0.1,B0054,0.9851137399673462,False
0.2,B0054,0.9833511710166931,False
0.01,B0054,0.9847553372383118,False
0.02,B0054,0.9847465753555298,False
0.05,B0054,0.9847763776779175,False
0.1,B0054,0.9847228527069092,False
0.2,B0054,0.9840627908706665,False
0.01,B0054,0.9970802068710327,False
0.02,B0054,0.9970760345458984,False
0.05,B0054,0.9970867037773132,False
0.1,B0054,0.997111976146698,False
0.2,B0054,0.9973605871200562,False
0.01,B0054,0.9844071865081787,False
0.02,B0054,0.9844001531600952,False
0.05,B0054,0.9835479855537415,False
0.1,B0054,0.9843981266021729,False
0.2,B0054,0.9884224534034729,False
0.01,B0054,0.9838470220565796,False
0.02,B0054,0.9838281869888306,False
0.05,B0054,0.9838468432426453,False
0.1,B0054,0.9838659763336182,False
0.2,B0054,0.9834858179092407,False
0.01,B0054,0.9837511777877808,False
0.02,B0054,0.9837496280670166,False
0.05,B0054,0.9837009310722351,False
0.1,B0054,0.9839295148849487,False
0.2,B0054,0.9831514358520508,False
0.01,B0054,0.9848271608352661,False
0.02,B0054,0.9847833514213562,False
0.05,B0054,0.9848505258560181,False
0.1,B0054,0.9847811460494995,False
0.2,B0054,0.9847875237464905,False
0.01,B0054,0.985762357711792,False
0.02,B0054,0.9857980012893677,False
0.05,B0054,0.9858101606369019,False
0.1,B0054,0.9857844114303589,False
0.2,B0054,0.9856895208358765,False
0.01,B0054,0.9850436449050903,False
0.02,B0054,0.9850491285324097,False
0.05,B0054,0.9849734902381897,False
0.1,B0054,0.9847187995910645,False
0.2,B0054,0.9857603311538696,False
0.01,B0054,0.9846680164337158,False
0.02,B0054,0.9847049713134766,False
0.05,B0054,0.9847264885902405,False
0.1,B0054,0.984732985496521,False
0.2,B0054,0.984728217124939,False
0.01,B0054,0.9843636751174927,False
0.02,B0054,0.9843558669090271,False
0.05,B0054,0.9843520522117615,False
0.1,B0054,0.9839671850204468,False
0.2,B0054,0.9921911954879761,False
0.01,B0054,0.9842986464500427,False
0.02,B0054,0.9843428730964661,False
0.05,B0054,0.9843288064002991,False
0.1,B0054,0.9840364456176758,False
0.2,B0054,0.9840998649597168,False
0.01,B0054,0.9847259521484375,False
0.02,B0054,0.9847484827041626,False
0.05,B0054,0.9847697019577026,False
0.1,B0054,0.9848130941390991,False
0.2,B0054,0.9847590327262878,False
0.01,B0054,0.9967072010040283,False
0.02,B0054,0.9967036247253418,False
0.05,B0054,0.9966996312141418,False
0.1,B0054,0.9967454075813293,False
0.2,B0054,0.9886667132377625,False
0.01,B0054,0.9843424558639526,False
0.02,B0054,0.9843237400054932,False
0.05,B0054,0.9842891097068787,False
0.1,B0054,0.9844413995742798,False
0.2,B0054,0.9834830164909363,False
0.01,B0054,0.9836903214454651,False
0.02,B0054,0.9837163686752319,False
0.05,B0054,0.9835751056671143,False
0.1,B0054,0.9837324023246765,False
0.2,B0054,0.9837003350257874,False
0.01,B0054,0.9840505719184875,False
0.02,B0054,0.9840586185455322,False
0.05,B0054,0.9839523434638977,False
0.1,B0054,0.9837113618850708,False
0.2,B0054,0.9829263091087341,False
0.01,B0054,0.9835553169250488,False
0.02,B0054,0.9835560321807861,False
0.05,B0054,0.9835608005523682,False
0.1,B0054,0.9835547208786011,False
0.2,B0054,0.9834007024765015,False
0.01,B0054,0.9962995052337646,False
0.02,B0054,0.9962964057922363,False
0.05,B0054,0.9963065385818481,False
0.1,B0054,0.9953290820121765,False
0.2,B0054,0.9963568449020386,False
0.01,B0054,0.9839069247245789,False
0.02,B0054,0.9839581847190857,False
0.05,B0054,0.9839617609977722,False
0.1,B0054,0.9840736985206604,False
0.2,B0054,0.9834429621696472,False
0.01,B0054,0.9971490502357483,False
0.02,B0054,0.9971393346786499,False
0.05,B0054,0.9971423149108887,False
0.1,B0054,0.9971315860748291,False
0.2,B0054,0.9972386956214905,False
0.01,B0054,0.9837668538093567,False
0.02,B0054,0.9837795495986938,False
0.05,B0054,0.9837179183959961,False
0.1,B0054,0.983472466468811,False
0.2,B0054,0.982860803604126,False
0.01,B0054,0.9835546016693115,False
0.02,B0054,0.9835562705993652,False
0.05,B0054,0.9835628867149353,False
0.1,B0054,0.983547031879425,False
0.2,B0054,0.984218955039978,False
0.01,B0054,0.9969648718833923,False
0.02,B0054,0.9969626069068909,False
0.05,B0054,0.9969617128372192,False
0.1,B0054,0.9959299564361572,False
0.2,B0054,0.9948984384536743,False
0.01,B0054,0.9842326641082764,False
0.02,B0054,0.9842506647109985,False
0.05,B0054,0.9842485785484314,False
0.1,B0054,0.9840072989463806,False
0.2,B0054,0.9838813543319702,False
0.01,B0054,0.9825599193572998,False
0.02,B0054,0.9825928211212158,False
0.05,B0054,0.9824817180633545,False
0.1,B0054,0.982630729675293,False
0.2,B0054,0.9813641905784607,False
0.01,B0054,0.9840162992477417,False
0.02,B0054,0.9840255975723267,False
0.05,B0054,0.9840012788772583,False
0.1,B0054,0.9842160940170288,False
0.2,B0054,0.989224910736084,False
0.01,B0054,0.983850359916687,False
0.02,B0054,0.9838535785675049,False
0.05,B0054,0.9838776588439941,False
0.1,B0054,0.9838946461677551,False
0.2,B0054,0.9830051064491272,False
0.01,B0054,0.996346652507782,False
0.02,B0054,0.996345043182373,False
0.05,B0054,0.9957841038703918,False
0.1,B0054,0.9963794946670532,False
0.2,B0054,0.9962855577468872,False
0.01,B0054,0.9835063219070435,False
0.02,B0054,0.9835045337677002,False
0.05,B0054,0.9834657311439514,False
0.1,B0054,0.9836708307266235,False
0.2,B0054,0.9833137392997742,False
0.01,B0054,0.9849855303764343,False
0.02,B0054,0.9850215315818787,False
0.05,B0054,0.9860487580299377,False
0.1,B0054,0.9847203493118286,False
0.2,B0054,0.985483705997467,False
0.01,B0054,0.9823670387268066,False
0.02,B0054,0.9823296666145325,False
0.05,B0054,0.982374906539917,False
0.1,B0054,0.9823281168937683,False
0.2,B0054,0.9822337627410889,False
0.01,B0054,0.982585072517395,False
0.02,B0054,0.9825491309165955,False
0.05,B0054,0.9824860095977783,False
0.1,B0054,0.9821726083755493,False
0.2,B0054,0.9826161861419678,False
0.01,B0054,0.9828253388404846,False
0.02,B0054,0.9828729033470154,False
0.05,B0054,0.9835992455482483,False
0.1,B0054,0.9829238653182983,False
0.2,B0054,0.9829013347625732,False
0.01,B0054,0.9889436364173889,False
0.02,B0054,0.9896734356880188,False
0.05,B0054,0.9888669848442078,False
0.1,B0054,0.9847121238708496,False
0.2,B0054,0.9916183948516846,False
0.01,B0054,0.9824858903884888,False
0.02,B0054,0.982518196105957,False
0.05,B0054,0.9824970364570618,False
0.1,B0054,0.9824941158294678,False
0.2,B0054,0.9883584380149841,False
0.01,B0054,0.9947478771209717,False
0.02,B0054,0.9947448968887329,False
0.05,B0054,0.9938844442367554,False
0.1,B0054,0.9947009086608887,False
0.2,B0054,0.9947385787963867,False
0.01,B0054,0.9830049872398376,False
0.02,B0054,0.9829545021057129,False
0.05,B0054,0.9830100536346436,False
0.1,B0054,0.9830489158630371,False
0.2,B0054,0.9814208745956421,False
0.01,B0054,0.984350860118866,False
0.02,B0054,0.98429274559021,False
0.05,B0054,0.9843380451202393,False
0.1,B0054,0.9851367473602295,False
0.2,B0054,0.9842833280563354,False
0.01,B0054,0.9826490879058838,False
0.02,B0054,0.9826464056968689,False
0.05,B0054,0.9825164079666138,False
0.1,B0054,0.9825478792190552,False
0.2,B0054,0.9830013513565063,False
0.01,B0054,0.9822554588317871,False
0.02,B0054,0.9821962714195251,False
0.05,B0054,0.9822153449058533,False
0.1,B0054,0.9882556796073914,False
0.2,B0054,0.9812415838241577,False
0.01,B0054,0.9822710752487183,False
0.02,B0054,0.9822761416435242,False
0.05,B0054,0.9822919368743896,False
0.1,B0054,0.9822860956192017,False
0.2,B0054,0.9817980527877808,False
0.01,B0054,0.982042670249939,False
0.02,B0054,0.9823815822601318,False
0.05,B0054,0.9820549488067627,False
0.1,B0054,0.9821058511734009,False
0.2,B0054,0.9886118769645691,False
0.01,B0054,0.9825912714004517,False
0.02,B0054,0.9826003909111023,False
0.05,B0054,0.9826059341430664,False
0.1,B0054,0.9826119542121887,False
0.2,B0054,0.9810312986373901,False
0.01,B0054,0.9945054054260254,False
0.02,B0054,0.994452953338623,False
0.05,B0054,0.9943375587463379,False
0.1,B0054,0.9943194389343262,False
0.2,B0054,0.9918333292007446,False
0.01,B0054,0.983078122138977,False
0.02,B0054,0.9831188321113586,False
0.05,B0054,0.9830993413925171,False
0.1,B0054,0.9831106662750244,False
0.2,B0054,0.9817742109298706,False
0.01,B0054,0.9815067052841187,False
0.02,B0054,0.9814770221710205,False
0.05,B0054,0.9815261363983154,False
0.1,B0054,0.9815053939819336,False
0.2,B0054,0.9820348024368286,False
0.01,B0054,0.9839930534362793,False
0.02,B0054,0.98326176404953,False
0.05,B0054,0.9832163453102112,False
0.1,B0054,0.9832255244255066,False
0.2,B0054,0.9827824234962463,False
0.01,B0054,0.9835865497589111,False
0.02,B0054,0.9835872650146484,False
0.05,B0054,0.983631432056427,False
0.1,B0054,0.9855319857597351,False
0.2,B0054,0.9823250770568848,False
0.01,B0054,0.9830324649810791,False
0.02,B0054,0.9829898476600647,False
0.05,B0054,0.9830440878868103,False
0.1,B0054,0.9856852293014526,False
0.2,B0054,0.982853889465332,False
0.01,B0054,0.9830037355422974,False
0.02,B0054,0.9830397367477417,False
0.05,B0054,0.9828921556472778,False
0.1,B0054,0.9833500981330872,False
0.2,B0054,0.9841462969779968,False
0.01,B0054,0.9853270053863525,False
0.02,B0054,0.9850486516952515,False
0.05,B0054,0.9853827953338623,False
0.1,B0054,0.9850379228591919,False
0.2,B0054,0.9850786924362183,False
0.01,B0054,0.9823247194290161,False
0.02,B0054,0.9823334813117981,False
0.05,B0054,0.9823340177536011,False
0.1,B0054,0.9816169142723083,False
0.2,B0054,0.9805218577384949,True
0.01,B0054,0.9945120811462402,False
0.02,B0054,0.9944940209388733,False
0.05,B0054,0.9941490888595581,False
0.1,B0054,0.9945298433303833,False
0.2,B0054,0.9941401481628418,False
0.01,B0054,0.9819349646568298,False
0.02,B0054,0.9819259643554688,False
0.05,B0054,0.9819614887237549,False
0.1,B0054,0.9819737076759338,False
0.2,B0054,0.9822424054145813,False
0.01,B0054,0.9847278594970703,False
0.02,B0054,0.9846851825714111,False
0.05,B0054,0.9840133190155029,False
0.1,B0054,0.9848610758781433,False
0.2,B0054,0.9828975796699524,False
0.01,B0054,0.9819622039794922,False
0.02,B0054,0.9813807010650635,False
0.05,B0054,0.981438159942627,False
0.1,B0054,0.981478750705719,False
0.2,B0054,0.9831584692001343,False
0.01,B0054,0.9819611310958862,False
0.02,B0054,0.982001006603241,False
0.05,B0054,0.981957733631134,False
0.1,B0054,0.9820278882980347,False
0.2,B0054,0.9804086089134216,True
0.01,B0054,0.9837048053741455,False
0.02,B0054,0.9827791452407837,False
0.05,B0054,0.9827786684036255,False
0.1,B0054,0.982611894607544,False
0.2,B0054,0.9827456474304199,False
0.01,B0054,0.9809321165084839,True
0.02,B0054,0.9809046983718872,True
0.05,B0054,0.9809316396713257,True
0.1,B0054,0.9809478521347046,True
0.2,B0054,0.9881445169448853,False
0.01,B0055,0.9715288877487183,True
0.02,B0055,0.9715188145637512,True
0.05,B0055,0.9714534282684326,True
0.1,B0055,0.9715225696563721,True
0.2,B0055,0.9716274738311768,True
0.01,B0055,0.9974664449691772,False
0.02,B0055,0.9974690675735474,False
0.05,B0055,0.9974712133407593,False
0.1,B0055,0.9974716901779175,False
0.2,B0055,0.9973053336143494,False
0.01,B0055,0.9980961680412292,False
0.02,B0055,0.9980946779251099,False
0.05,B0055,0.9981157779693604,False
0.1,B0055,0.9980624318122864,False
0.2,B0055,0.9981589913368225,False
0.01,B0055,0.9973058700561523,False
0.02,B0055,0.9973011612892151,False
0.05,B0055,0.9972827434539795,False
0.1,B0055,0.9973241686820984,False
0.2,B0055,0.9970951676368713,False
0.01,B0055,0.9984731674194336,False
0.02,B0055,0.9984817504882812,False
0.05,B0055,0.9984280467033386,False
0.1,B0055,0.9984422922134399,False
0.2,B0055,0.9983705878257751,False
0.01,B0055,0.9976025223731995,False
0.02,B0055,0.9976006746292114,False
0.05,B0055,0.9976049661636353,False
0.1,B0055,0.9976096749305725,False
0.2,B0055,0.997746467590332,False
0.01,B0055,0.9942296743392944,False
0.02,B0055,0.9942166805267334,False
0.05,B0055,0.9942330121994019,False
0.1,B0055,0.9942253828048706,False
0.2,B0055,0.99429851770401,False
0.01,B0055,0.9929511547088623,False
0.02,B0055,0.9929549098014832,False
0.05,B0055,0.9929612278938293,False
0.1,B0055,0.9896149635314941,False
0.2,B0055,0.9880116581916809,False
0.01,B0055,0.9978716969490051,False
0.02,B0055,0.9978716969490051,False
0.05,B0055,0.9978799819946289,False
0.1,B0055,0.9978846311569214,False
0.2,B0055,0.9977716207504272,False
0.01,B0055,0.9978172779083252,False
0.02,B0055,0.9978218078613281,False
0.05,B0055,0.9978151321411133,False
0.1,B0055,0.9979106187820435,False
0.2,B0055,0.9877548217773438,False
0.01,B0055,0.9931603670120239,False
0.02,B0055,0.9931540489196777,False
0.05,B0055,0.9931609630584717,False
0.1,B0055,0.9932364225387573,False
0.2,B0055,0.9932371377944946,False
0.01,B0055,0.9976028203964233,False
0.02,B0055,0.9976111650466919,False
0.05,B0055,0.9962689280509949,False
0.1,B0055,0.9935024976730347,False
0.2,B0055,0.9875060319900513,False
0.01,B0055,0.9976024627685547,False
0.02,B0055,0.9976035356521606,False
0.05,B0055,0.9976308345794678,False
0.1,B0055,0.9976066946983337,False
0.2,B0055,0.9980096220970154,False
0.01,B0055,0.9973287582397461,False
0.02,B0055,0.9973186254501343,False
0.05,B0055,0.9973384737968445,False
0.1,B0055,0.9968533515930176,False
0.2,B0055,0.9975898265838623,False
0.01,B0055,0.9972048401832581,False
0.02,B0055,0.9972044825553894,False
0.05,B0055,0.9972025156021118,False
0.1,B0055,0.997225284576416,False
0.2,B0055,0.9972862005233765,False
0.01,B0055,0.997164785861969,False
0.02,B0055,0.9971632957458496,False
0.05,B0055,0.9971886873245239,False
0.1,B0055,0.9971674680709839,False
0.2,B0055,0.985476016998291,False
0.01,B0055,0.9968825578689575,False
0.02,B0055,0.9968865513801575,False
0.05,B0055,0.9968917965888977,False
0.1,B0055,0.9968593716621399,False
0.2,B0055,0.9968092441558838,False
0.01,B0055,0.9967607259750366,False
0.02,B0055,0.9967691898345947,False
0.05,B0055,0.9967648983001709,False
0.1,B0055,0.9968439936637878,False
0.2,B0055,0.9966681003570557,False
0.01,B0055,0.9971238374710083,False
0.02,B0055,0.9971232414245605,False
0.05,B0055,0.997096598148346,False
0.1,B0055,0.9971362352371216,False
0.2,B0055,0.997424304485321,False
0.01,B0055,0.9972043633460999,False
0.02,B0055,0.9971941709518433,False
0.05,B0055,0.9972059726715088,False
0.1,B0055,0.9973358511924744,False
0.2,B0055,0.997588038444519,False
0.01,B0055,0.9969823956489563,False
0.02,B0055,0.9969781637191772,False
0.05,B0055,0.9969863891601562,False
0.1,B0055,0.9963520765304565,False
0.2,B0055,0.9894750714302063,False
0.01,B0055,0.9968073964118958,False
0.02,B0055,0.9968048334121704,False
0.05,B0055,0.9968419671058655,False
0.1,B0055,0.9968461394309998,False
0.2,B0055,0.9970794916152954,False
0.01,B0055,0.9964324831962585,False
0.02,B0055,0.9964202642440796,False
0.05,B0055,0.9964181780815125,False
0.1,B0055,0.9964162111282349,False
0.2,B0055,0.9966243505477905,False
0.01,B0055,0.9964890480041504,False
0.02,B0055,0.9964867830276489,False
0.05,B0055,0.9964964985847473,False
0.1,B0055,0.9965850710868835,False
0.2,B0055,0.9959352016448975,False
0.01,B0055,0.995781421661377,False
0.02,B0055,0.9957811832427979,False
0.05,B0055,0.9957275986671448,False
0.1,B0055,0.9958051443099976,False
0.2,B0055,0.9953004121780396,False
0.01,B0055,0.9962216019630432,False
0.02,B0055,0.9962159395217896,False
0.05,B0055,0.995368480682373,False
0.1,B0055,0.9962328672409058,False
0.2,B0055,0.9929314255714417,False
0.01,B0055,0.9961411952972412,False
0.02,B0055,0.996158242225647,False
0.05,B0055,0.9961576461791992,False
0.1,B0055,0.9961754083633423,False
0.2,B0055,0.996131420135498,False
0.01,B0055,0.9963704943656921,False
0.02,B0055,0.9963837265968323,False
0.05,B0055,0.9964274168014526,False
0.1,B0055,0.9964097142219543,False
0.2,B0055,0.988527238368988,False
0.01,B0055,0.9963428378105164,False
0.02,B0055,0.9963400959968567,False
0.05,B0055,0.9963449835777283,False
0.1,B0055,0.9964802265167236,False
0.2,B0055,0.9959460496902466,False
0.01,B0055,0.9957995414733887,False
0.02,B0055,0.9957937002182007,False
0.05,B0055,0.9958375692367554,False
0.1,B0055,0.9958062171936035,False
0.2,B0055,0.996178388595581,False
0.01,B0055,0.9961019158363342,False
0.02,B0055,0.9961062669754028,False
0.05,B0055,0.9961075782775879,False
0.1,B0055,0.9941123723983765,False
0.2,B0055,0.996176540851593,False
0.01,B0055,0.9961482286453247,False
0.02,B0055,0.9961572885513306,False
0.05,B0055,0.9961733818054199,False
0.1,B0055,0.9961631298065186,False
0.2,B0055,0.9960526823997498,False
0.01,B0055,0.9951972961425781,False
0.02,B0055,0.9952075481414795,False
0.05,B0055,0.9952112436294556,False
0.1,B0055,0.9937613606452942,False
0.2,B0055,0.995225191116333,False
0.01,B0055,0.9955853819847107,False
0.02,B0055,0.9955885410308838,False
0.05,B0055,0.9956007599830627,False
0.1,B0055,0.9955893754959106,False
0.2,B0055,0.9924744367599487,False
0.01,B0055,0.9958299994468689,False
0.02,B0055,0.9958409070968628,False
0.05,B0055,0.9958226680755615,False
0.1,B0055,0.9958231449127197,False
0.2,B0055,0.9960194826126099,False
0.01,B0055,0.9958871603012085,False
0.02,B0055,0.9958847165107727,False
0.05,B0055,0.995902419090271,False
0.1,B0055,0.9958961009979248,False
0.2,B0055,0.9955536127090454,False
0.01,B0055,0.9955525398254395,False
0.02,B0055,0.9955540895462036,False
0.05,B0055,0.995563268661499,False
0.1,B0055,0.9955316781997681,False
0.2,B0055,0.9951595067977905,False
0.01,B0055,0.9959811568260193,False
0.02,B0055,0.9959794878959656,False
0.05,B0055,0.9959632158279419,False
0.1,B0055,0.9957858324050903,False
0.2,B0055,0.9960120320320129,False
0.01,B0055,0.995854914188385,False
0.02,B0055,0.9958630800247192,False
0.05,B0055,0.995884895324707,False
0.1,B0055,0.9975452423095703,False
0.2,B0055,0.9954257011413574,False
0.01,B0055,0.996136486530304,False
0.02,B0055,0.996143639087677,False
0.05,B0055,0.9960936307907104,False
0.1,B0055,0.9961214065551758,False
0.2,B0055,0.991976261138916,False
0.01,B0055,0.9953895211219788,False
0.02,B0055,0.9953864812850952,False
0.05,B0055,0.9953896999359131,False
0.1,B0055,0.9953469038009644,False
0.2,B0055,0.9952244758605957,False
0.01,B0055,0.9955571889877319,False
0.02,B0055,0.9955601692199707,False
0.05,B0055,0.9955695867538452,False
0.1,B0055,0.9956948757171631,False
0.2,B0055,0.9926118850708008,False
0.01,B0055,0.995841383934021,False
0.02,B0055,0.9958480000495911,False
0.05,B0055,0.9957333207130432,False
0.1,B0055,0.9958635568618774,False
0.2,B0055,0.992752194404602,False
0.01,B0055,0.9941242337226868,False
0.02,B0055,0.9941154718399048,False
0.05,B0055,0.9940943121910095,False
0.1,B0055,0.9939960241317749,False
0.2,B0055,0.9937304854393005,False
0.01,B0055,0.9954394102096558,False
0.02,B0055,0.9954326152801514,False
0.05,B0055,0.995490312576294,False
0.1,B0055,0.9954895973205566,False
0.2,B0055,0.9911935329437256,False
0.01,B0055,0.9952192306518555,False
0.02,B0055,0.9952249526977539,False
0.05,B0055,0.995202362537384,False
0.1,B0055,0.9948562383651733,False
0.2,B0055,0.9953696727752686,False
0.01,B0055,0.9946768283843994,False
0.02,B0055,0.9943459033966064,False
0.05,B0055,0.9946956634521484,False
0.1,B0055,0.9947273135185242,False
0.2,B0055,0.9945822954177856,False
0.01,B0055,0.9895034432411194,False
0.02,B0055,0.9895269870758057,False
0.05,B0055,0.9895322322845459,False
0.1,B0055,0.9895650148391724,False
0.2,B0055,0.9887107014656067,False
0.01,B0055,0.9934043884277344,False
0.02,B0055,0.993410587310791,False
0.05,B0055,0.9934330582618713,False
0.1,B0055,0.9936161041259766,False
0.2,B0055,0.9931886196136475,False
0.01,B0055,0.9940095543861389,False
0.02,B0055,0.9940130710601807,False
0.05,B0055,0.994084358215332,False
0.1,B0055,0.9940922856330872,False
0.2,B0055,0.9944042563438416,False
0.01,B0055,0.9935587644577026,False
0.02,B0055,0.9935712814331055,False
0.05,B0055,0.9935619831085205,False
0.1,B0055,0.9946770668029785,False
0.2,B0055,0.9938400387763977,False
0.01,B0055,0.9940361976623535,False
0.02,B0055,0.9940205216407776,False
0.05,B0055,0.9940481185913086,False
0.1,B0055,0.9937880635261536,False
0.2,B0055,0.9892297983169556,False
0.01,B0055,0.9942362308502197,False
0.02,B0055,0.9942321181297302,False
0.05,B0055,0.9936507940292358,False
0.1,B0055,0.9942741990089417,False
0.2,B0055,0.9928786158561707,False
0.01,B0055,0.9951603412628174,False
0.02,B0055,0.9951761364936829,False
0.05,B0055,0.9951887130737305,False
0.1,B0055,0.9950023889541626,False
0.2,B0055,0.9931842088699341,False
0.01,B0055,0.995132327079773,False
0.02,B0055,0.9951489567756653,False
0.05,B0055,0.9951349496841431,False
0.1,B0055,0.9953904151916504,False
0.2,B0055,0.9908375144004822,False
0.01,B0055,0.9951766133308411,False
0.02,B0055,0.9951805472373962,False
0.05,B0055,0.9952046871185303,False
0.1,B0055,0.9949572086334229,False
0.2,B0055,0.9951503276824951,False
0.01,B0055,0.9946740865707397,False
0.02,B0055,0.9946735501289368,False
0.05,B0055,0.9947152137756348,False
0.1,B0055,0.9947377443313599,False
0.2,B0055,0.9946105480194092,False
0.01,B0055,0.9952611923217773,False
0.02,B0055,0.9952602982521057,False
0.05,B0055,0.9952732920646667,False
0.1,B0055,0.996991753578186,False
0.2,B0055,0.994811475276947,False
0.01,B0055,0.9934270977973938,False
0.02,B0055,0.993405818939209,False
0.05,B0055,0.993441104888916,False
0.1,B0055,0.9933996200561523,False
0.2,B0055,0.993028998374939,False
0.01,B0055,0.995239794254303,False
0.02,B0055,0.9952235221862793,False
0.05,B0055,0.9952356815338135,False
0.1,B0055,0.9953034520149231,False
0.2,B0055,0.9881113171577454,False
0.01,B0055,0.9951754808425903,False
0.02,B0055,0.9951714277267456,False
0.05,B0055,0.995213508605957,False
0.1,B0055,0.9952598810195923,False
0.2,B0055,0.9951984286308289,False
0.01,B0055,0.9940207004547119,False
0.02,B0055,0.9940233826637268,False
0.05,B0055,0.9940245747566223,False
0.1,B0055,0.9941656589508057,False
0.2,B0055,0.9935920238494873,False
0.01,B0055,0.9949277639389038,False
0.02,B0055,0.9949126243591309,False
0.05,B0055,0.9948856830596924,False
0.1,B0055,0.994952917098999,False
0.2,B0055,0.9946240782737732,False
0.01,B0055,0.993217945098877,False
0.02,B0055,0.9932310581207275,False
0.05,B0055,0.9932396411895752,False
0.1,B0055,0.9932434558868408,False
0.2,B0055,0.993598222732544,False
0.01,B0055,0.9953591227531433,False
0.02,B0055,0.9953482151031494,False
0.05,B0055,0.9953640699386597,False
0.1,B0055,0.9940943717956543,False
0.2,B0055,0.9952689409255981,False
0.01,B0055,0.9946722984313965,False
0.02,B0055,0.9946786165237427,False
0.05,B0055,0.9946587085723877,False
0.1,B0055,0.9947239756584167,False
0.2,B0055,0.9946286082267761,False
0.01,B0055,0.9933428168296814,False
0.02,B0055,0.9933508634567261,False
0.05,B0055,0.993340015411377,False
0.1,B0055,0.9933822154998779,False
0.2,B0055,0.9923665523529053,False
0.01,B0055,0.994420051574707,False
0.02,B0055,0.9944351315498352,False
0.05,B0055,0.9944582581520081,False
0.1,B0055,0.9944427013397217,False
0.2,B0055,0.9936434030532837,False
0.01,B0055,0.9947711229324341,False
0.02,B0055,0.9947789907455444,False
0.05,B0055,0.9948025345802307,False
0.1,B0055,0.994830846786499,False
0.2,B0055,0.9955857992172241,False
0.01,B0055,0.992556631565094,False
0.02,B0055,0.9925642609596252,False
0.05,B0055,0.9934050440788269,False
0.1,B0055,0.9924892783164978,False
0.2,B0055,0.9921589493751526,False
0.01,B0055,0.9945281744003296,False
0.02,B0055,0.9945431351661682,False
0.05,B0055,0.9946003556251526,False
0.1,B0055,0.9936903715133667,False
0.2,B0055,0.9944801926612854,False
0.01,B0055,0.9940376281738281,False
0.02,B0055,0.9940416812896729,False
0.05,B0055,0.9940513372421265,False
0.1,B0055,0.994322657585144,False
0.2,B0055,0.9937935471534729,False
0.01,B0055,0.9941614866256714,False
0.02,B0055,0.9941611289978027,False
0.05,B0055,0.9941719770431519,False
0.1,B0055,0.9943079948425293,False
0.2,B0055,0.9942950010299683,False
0.01,B0055,0.9943872094154358,False
0.02,B0055,0.994356632232666,False
0.05,B0055,0.9943321347236633,False
0.1,B0055,0.994365930557251,False
0.2,B0055,0.9947987198829651,False
0.01,B0055,0.9930804967880249,False
0.02,B0055,0.993093729019165,False
0.05,B0055,0.9931138753890991,False
0.1,B0055,0.9931212663650513,False
0.2,B0055,0.9932364225387573,False
0.01,B0055,0.9947870969772339,False
0.02,B0055,0.9947901368141174,False
0.05,B0055,0.9948632717132568,False
0.1,B0055,0.9947695732116699,False
0.2,B0055,0.9933844804763794,False
0.01,B0055,0.9946579337120056,False
0.02,B0055,0.9946680068969727,False
0.05,B0055,0.9946826696395874,False
0.1,B0055,0.9946781396865845,False
0.2,B0055,0.9888644218444824,False
0.01,B0055,0.9946221113204956,False
0.02,B0055,0.994159460067749,False
0.05,B0055,0.9941901564598083,False
0.1,B0055,0.9942007064819336,False
0.2,B0055,0.9941308498382568,False
0.01,B0055,0.9947510361671448,False
0.02,B0055,0.9947785139083862,False
0.05,B0055,0.9947923421859741,False
0.1,B0055,0.9947618246078491,False
0.2,B0055,0.994939386844635,False
0.01,B0055,0.994662344455719,False
0.02,B0055,0.9946705102920532,False
0.05,B0055,0.9946844577789307,False
0.1,B0055,0.9946943521499634,False
0.2,B0055,0.9954490661621094,False
0.01,B0055,0.9937824010848999,False
0.02,B0055,0.9938020706176758,False
0.05,B0055,0.9938209056854248,False
0.1,B0055,0.9940767884254456,False
0.2,B0055,0.9937385320663452,False
0.01,B0055,0.9916398525238037,False
0.02,B0055,0.9916733503341675,False
0.05,B0055,0.9916473627090454,False
0.1,B0055,0.991668701171875,False
0.2,B0055,0.9921588897705078,False
0.01,B0055,0.9926452040672302,False
0.02,B0055,0.9926706552505493,False
0.05,B0055,0.9927040338516235,False
0.1,B0055,0.9927055835723877,False
0.2,B0055,0.9932954907417297,False
0.01,B0055,0.9943380951881409,False
0.02,B0055,0.9943331480026245,False
0.05,B0055,0.9943645000457764,False
0.1,B0055,0.9943579435348511,False
0.2,B0055,0.9936554431915283,False
0.01,B0055,0.9922385215759277,False
0.02,B0055,0.9922391772270203,False
0.05,B0055,0.9922133684158325,False
0.1,B0055,0.9919819831848145,False
0.2,B0055,0.9920023083686829,False
0.01,B0055,0.9945170283317566,False
0.02,B0055,0.9945169687271118,False
0.05,B0055,0.9945184588432312,False
0.1,B0055,0.9944963455200195,False
0.2,B0055,0.9938924312591553,False
0.01,B0055,0.9946004748344421,False
0.02,B0055,0.9946104884147644,False
0.05,B0055,0.9941973090171814,False
0.1,B0055,0.994594156742096,False
0.2,B0055,0.9909998774528503,False
0.01,B0055,0.9913680553436279,False
0.02,B0055,0.9913600087165833,False
0.05,B0055,0.9913780689239502,False
0.1,B0055,0.9914085268974304,False
0.2,B0055,0.9914422035217285,False
0.01,B0055,0.9937351942062378,False
0.02,B0055,0.9937486052513123,False
0.05,B0055,0.9937612414360046,False
0.1,B0055,0.993733286857605,False
0.2,B0055,0.9926031231880188,False
0.01,B0055,0.9873725771903992,False
0.02,B0055,0.9873251914978027,False
0.05,B0055,0.9873436093330383,False
0.1,B0055,0.9876261949539185,False
0.2,B0055,0.9871718883514404,False
0.01,B0055,0.9900844097137451,False
0.02,B0055,0.9900915622711182,False
0.05,B0055,0.9901071786880493,False
0.1,B0055,0.9901254177093506,False
0.2,B0055,0.9898718595504761,False
0.01,B0055,0.9934840798377991,False
0.02,B0055,0.9935035109519958,False
0.05,B0055,0.99350905418396,False
0.1,B0055,0.9924548268318176,False
0.2,B0055,0.993610143661499,False
0.01,B0055,0.9912922382354736,False
0.02,B0055,0.9913075566291809,False
0.05,B0055,0.9913278818130493,False
0.1,B0055,0.9915066361427307,False
0.2,B0055,0.9901223182678223,False
0.01,B0055,0.9940752983093262,False
0.02,B0055,0.9937304258346558,False
0.05,B0055,0.9937400221824646,False
0.1,B0055,0.9937180280685425,False
0.2,B0055,0.9938733577728271,False
0.01,B0055,0.9937566518783569,False
0.02,B0055,0.9937554597854614,False
0.05,B0055,0.9937593340873718,False
0.1,B0055,0.9941335916519165,False
0.2,B0055,0.9899548292160034,False
0.01,B0055,0.9938764572143555,False
0.02,B0055,0.993874192237854,False
0.05,B0055,0.993876576423645,False
0.1,B0055,0.9938960075378418,False
0.2,B0055,0.994087815284729,False
0.01,B0055,0.9921495914459229,False
0.02,B0055,0.992152750492096,False
0.05,B0055,0.9921767115592957,False
0.1,B0055,0.9921530485153198,False
0.2,B0055,0.9921265840530396,False
0.01,B0055,0.9935734272003174,False
0.02,B0055,0.9935814142227173,False
0.05,B0055,0.993603527545929,False
0.1,B0055,0.9936802983283997,False
0.2,B0055,0.992861270904541,False
0.01,B0055,0.9935829639434814,False
0.02,B0055,0.9935821294784546,False
0.05,B0055,0.993563711643219,False
0.1,B0055,0.9935686588287354,False
0.2,B0055,0.9935907125473022,False
0.01,B0055,0.9918191432952881,False
0.02,B0055,0.9917879104614258,False
0.05,B0055,0.9918285608291626,False
0.1,B0055,0.9918953776359558,False
0.2,B0055,0.9920446872711182,False
0.01,B0055,0.9927700757980347,False
0.02,B0055,0.9927874803543091,False
0.05,B0055,0.9927220940589905,False
0.1,B0055,0.9938942193984985,False
0.2,B0055,0.992565393447876,False
0.01,B0055,0.9932456016540527,False
0.02,B0055,0.9932191371917725,False
0.05,B0055,0.9932434558868408,False
0.1,B0055,0.9929195642471313,False
0.2,B0055,0.9931673407554626,False
