severity,source_cell_id,similarity_score,detected
0.01,B0006,0.999995231628418,False
0.02,B0006,0.999994695186615,False
0.05,B0006,0.9998947381973267,False
0.1,B0006,0.9998332262039185,False
0.2,B0006,0.9996402859687805,False
0.01,B0006,0.9999551773071289,False
0.02,B0006,0.999665379524231,False
0.05,B0006,0.9992542862892151,False
0.1,B0006,0.9979859590530396,False
0.2,B0006,0.9917024374008179,False
0.01,B0006,0.9999564290046692,False
0.02,B0006,0.999769389629364,False
0.05,B0006,0.9991455674171448,False
0.1,B0006,0.9985572099685669,False
0.2,B0006,0.9887886643409729,False
0.01,B0006,0.999937891960144,False
0.02,B0006,0.999920666217804,False
0.05,B0006,0.9993455410003662,False
0.1,B0006,0.9986289739608765,False
0.2,B0006,0.9914411306381226,False
0.01,B0006,0.9998775720596313,False
0.02,B0006,0.9996786117553711,False
0.05,B0006,0.9993661642074585,False
0.1,B0006,0.9980032444000244,False
0.2,B0006,0.9920887351036072,False
0.01,B0006,0.9999014139175415,False
0.02,B0006,0.9997567534446716,False
0.05,B0006,0.9992640018463135,False
0.1,B0006,0.997143030166626,False
0.2,B0006,0.9858563542366028,False
0.01,B0006,0.9998757243156433,False
0.02,B0006,0.9997506737709045,False
0.05,B0006,0.9984241724014282,False
0.1,B0006,0.9965280890464783,False
0.2,B0006,0.9940025806427002,False
0.01,B0006,0.9999396800994873,False
0.02,B0006,0.9997518062591553,False
0.05,B0006,0.9992433786392212,False
0.1,B0006,0.9980965852737427,False
0.2,B0006,0.9884838461875916,False
0.01,B0006,0.9999967813491821,False
0.02,B0006,0.9999483227729797,False
0.05,B0006,0.9999873638153076,False
0.1,B0006,0.9999765157699585,False
0.2,B0006,0.9994264841079712,False
0.01,B0006,0.9999188780784607,False
0.02,B0006,0.9998596906661987,False
0.05,B0006,0.9989791512489319,False
0.1,B0006,0.9965576529502869,False
0.2,B0006,0.9905167818069458,False
0.01,B0006,0.999954342842102,False
0.02,B0006,0.9999580979347229,False
0.05,B0006,0.9998338222503662,False
0.1,B0006,0.9999604225158691,False
0.2,B0006,0.9992178082466125,False
0.01,B0006,0.9999929666519165,False
0.02,B0006,0.9999649524688721,False
0.05,B0006,0.9999090433120728,False
0.1,B0006,0.999932587146759,False
0.2,B0006,0.9995875358581543,False
0.01,B0006,0.9999268054962158,False
0.02,B0006,0.999799370765686,False
0.05,B0006,0.9994681477546692,False
0.1,B0006,0.9983935356140137,False
0.2,B0006,0.9820091724395752,False
0.01,B0006,0.9999098777770996,False
0.02,B0006,0.999873697757721,False
0.05,B0006,0.9993233680725098,False
0.1,B0006,0.9975229501724243,False
0.2,B0006,0.9928277134895325,False
0.01,B0006,0.9999516010284424,False
0.02,B0006,0.9999616742134094,False
0.05,B0006,0.9999691247940063,False
0.1,B0006,0.9998316764831543,False
0.2,B0006,0.9989129304885864,False
0.01,B0006,0.9999000430107117,False
0.02,B0006,0.9998654723167419,False
0.05,B0006,0.9998459815979004,False
0.1,B0006,0.9996234774589539,False
0.2,B0006,0.9999228715896606,False
0.01,B0006,0.9999388456344604,False
0.02,B0006,0.9999130368232727,False
0.05,B0006,0.9998378753662109,False
0.1,B0006,0.9999433755874634,False
0.2,B0006,0.99837726354599,False
0.01,B0006,0.9998548030853271,False
0.02,B0006,0.9997581839561462,False
0.05,B0006,0.9984972476959229,False
0.1,B0006,0.9965711236000061,False
0.2,B0006,0.9832197427749634,False
0.01,B0006,0.9999301433563232,False
0.02,B0006,0.9999539852142334,False
0.05,B0006,0.9999545812606812,False
0.1,B0006,0.9998016357421875,False
0.2,B0006,0.9999468922615051,False
0.01,B0006,0.9998027086257935,False
0.02,B0006,0.9998312592506409,False
0.05,B0006,0.9997739195823669,False
0.1,B0006,0.9997610449790955,False
0.2,B0006,0.9985741972923279,False
0.01,B0006,0.9999207258224487,False
0.02,B0006,0.9997552633285522,False
0.05,B0006,0.9988783001899719,False
0.1,B0006,0.9974404573440552,False
0.2,B0006,0.991308867931366,False
0.01,B0006,0.9996898770332336,False
0.02,B0006,0.9996817111968994,False
0.05,B0006,0.9986235499382019,False
0.1,B0006,0.9973461627960205,False
0.2,B0006,0.9880439639091492,False
0.01,B0006,0.9996253848075867,False
0.02,B0006,0.9995849132537842,False
0.05,B0006,0.9997574687004089,False
0.1,B0006,0.9993098974227905,False
0.2,B0006,0.9993491172790527,False
0.01,B0006,0.9995324015617371,False
0.02,B0006,0.9995070099830627,False
0.05,B0006,0.9992519021034241,False
0.1,B0006,0.9944984912872314,False
0.2,B0006,0.9933614730834961,False
0.01,B0006,0.999443531036377,False
0.02,B0006,0.9994839429855347,False
0.05,B0006,0.9995318651199341,False
0.1,B0006,0.999505341053009,False
0.2,B0006,0.9994866847991943,False
0.01,B0006,0.9989444613456726,False
0.02,B0006,0.9990881681442261,False
0.05,B0006,0.9987742900848389,False
0.1,B0006,0.9965236186981201,False
0.2,B0006,0.9864155650138855,False
0.01,B0006,0.9994049072265625,False
0.02,B0006,0.9992079734802246,False
0.05,B0006,0.9992905855178833,False
0.1,B0006,0.9993016123771667,False
0.2,B0006,0.9980777502059937,False
0.01,B0006,0.9992788434028625,False
0.02,B0006,0.9993390440940857,False
0.05,B0006,0.998331606388092,False
0.1,B0006,0.9991210103034973,False
0.2,B0006,0.9976093769073486,False
0.01,B0006,0.9994239807128906,False
0.02,B0006,0.999452531337738,False
0.05,B0006,0.9990986585617065,False
0.1,B0006,0.9983023405075073,False
0.2,B0006,0.9993773698806763,False
0.01,B0006,0.9994694590568542,False
0.02,B0006,0.9992802739143372,False
0.05,B0006,0.9976833462715149,False
0.1,B0006,0.9969052076339722,False
0.2,B0006,0.993437647819519,False
0.01,B0006,0.9993925094604492,False
0.02,B0006,0.9995110630989075,False
0.05,B0006,0.9993797540664673,False
0.1,B0006,0.9990178942680359,False
0.2,B0006,0.9997044801712036,False
0.01,B0006,0.9996283054351807,False
0.02,B0006,0.9996292591094971,False
0.05,B0006,0.9995086193084717,False
0.1,B0006,0.9975640773773193,False
0.2,B0006,0.9997672438621521,False
0.01,B0006,0.9992597699165344,False
0.02,B0006,0.999280571937561,False
0.05,B0006,0.9983626008033752,False
0.1,B0006,0.9953914284706116,False
0.2,B0006,0.9897393584251404,False
0.01,B0006,0.9991883039474487,False
0.02,B0006,0.998998761177063,False
0.05,B0006,0.9977694153785706,False
0.1,B0006,0.9972158670425415,False
0.2,B0006,0.9922975301742554,False
0.01,B0006,0.9990312457084656,False
0.02,B0006,0.9990875720977783,False
0.05,B0006,0.9992650151252747,False
0.1,B0006,0.9991813898086548,False
0.2,B0006,0.9993188381195068,False
0.01,B0006,0.9994727373123169,False
0.02,B0006,0.999581515789032,False
0.05,B0006,0.9995139837265015,False
0.1,B0006,0.9990648627281189,False
0.2,B0006,0.9990546703338623,False
0.01,B0006,0.999321699142456,False
0.02,B0006,0.9993054866790771,False
0.05,B0006,0.9993476867675781,False
0.1,B0006,0.999359130859375,False
0.2,B0006,0.999375581741333,False
0.01,B0006,0.9989563822746277,False
0.02,B0006,0.9986459016799927,False
0.05,B0006,0.9980893135070801,False
0.1,B0006,0.9950716495513916,False
0.2,B0006,0.986883282661438,False
0.01,B0006,0.9988069534301758,False
0.02,B0006,0.9986013770103455,False
0.05,B0006,0.9980566501617432,False
0.1,B0006,0.9975889921188354,False
0.2,B0006,0.9862173795700073,False
0.01,B0006,0.9992530941963196,False
0.02,B0006,0.9992355704307556,False
0.05,B0006,0.9980814456939697,False
0.1,B0006,0.9983769655227661,False
0.2,B0006,0.9743227958679199,True
0.01,B0006,0.9991793632507324,False
0.02,B0006,0.9986157417297363,False
0.05,B0006,0.9981808066368103,False
0.1,B0006,0.9968612790107727,False
0.2,B0006,0.9889417886734009,False
0.01,B0006,0.9991476535797119,False
0.02,B0006,0.9989497661590576,False
0.05,B0006,0.9966526031494141,False
0.1,B0006,0.9972792863845825,False
0.2,B0006,0.986055850982666,False
0.01,B0006,0.9990891218185425,False
0.02,B0006,0.9986574649810791,False
0.05,B0006,0.9979798793792725,False
0.1,B0006,0.9915124773979187,False
0.2,B0006,0.9540114402770996,True
0.01,B0006,0.9994542598724365,False
0.02,B0006,0.999430775642395,False
0.05,B0006,0.9995468258857727,False
0.1,B0006,0.9993751049041748,False
0.2,B0006,0.9990023970603943,False
0.01,B0006,0.9985436797142029,False
0.02,B0006,0.9986164569854736,False
0.05,B0006,0.9978060722351074,False
0.1,B0006,0.9939695000648499,False
0.2,B0006,0.990135908126831,False
0.01,B0006,0.9987807869911194,False
0.02,B0006,0.9988601207733154,False
0.05,B0006,0.998586118221283,False
0.1,B0006,0.9981884956359863,False
0.2,B0006,0.9983254075050354,False
0.01,B0006,0.9983389377593994,False
0.02,B0006,0.9982481002807617,False
0.05,B0006,0.9971436262130737,False
0.1,B0006,0.9948379993438721,False
0.2,B0006,0.9921650290489197,False
0.01,B0006,0.9993579387664795,False
0.02,B0006,0.9994516968727112,False
0.05,B0006,0.99957275390625,False
0.1,B0006,0.9979360103607178,False
0.2,B0006,0.9926016926765442,False
0.01,B0006,0.9997059106826782,False
0.02,B0006,0.9996741414070129,False
0.05,B0006,0.9979985356330872,False
0.1,B0006,0.997776985168457,False
0.2,B0006,0.968286395072937,True
0.01,B0006,0.9997178316116333,False
0.02,B0006,0.9997873306274414,False
0.05,B0006,0.9986385703086853,False
0.1,B0006,0.9962919354438782,False
0.2,B0006,0.9911681413650513,False
0.01,B0006,0.9994753003120422,False
0.02,B0006,0.9993137121200562,False
0.05,B0006,0.998475193977356,False
0.1,B0006,0.9967178702354431,False
0.2,B0006,0.989089846611023,False
0.01,B0006,0.9993997812271118,False
0.02,B0006,0.9989961981773376,False
0.05,B0006,0.9978712797164917,False
0.1,B0006,0.9954275488853455,False
0.2,B0006,0.9897007942199707,False
0.01,B0006,0.9987436532974243,False
0.02,B0006,0.9982531070709229,False
0.05,B0006,0.9969236254692078,False
0.1,B0006,0.9933849573135376,False
0.2,B0006,0.9948707818984985,False
0.01,B0006,0.9988638162612915,False
0.02,B0006,0.9988207817077637,False
0.05,B0006,0.9988137483596802,False
0.1,B0006,0.999107301235199,False
0.2,B0006,0.9988535642623901,False
0.01,B0006,0.9973339438438416,False
0.02,B0006,0.9970654845237732,False
0.05,B0006,0.9966399073600769,False
0.1,B0006,0.9945390224456787,False
0.2,B0006,0.9334866404533386,True
0.01,B0006,0.9976254105567932,False
0.02,B0006,0.9969829320907593,False
0.05,B0006,0.9966962337493896,False
0.1,B0006,0.9878436326980591,False
0.2,B0006,0.9854422211647034,False
0.01,B0006,0.9976360201835632,False
0.02,B0006,0.9975312948226929,False
0.05,B0006,0.9981600642204285,False
0.1,B0006,0.994253396987915,False
0.2,B0006,0.9820920825004578,False
0.01,B0006,0.9961110353469849,False
0.02,B0006,0.9953384399414062,False
0.05,B0006,0.9931372404098511,False
0.1,B0006,0.9877011775970459,False
0.2,B0006,0.9278916120529175,True
0.01,B0006,0.9955469369888306,False
0.02,B0006,0.9968743324279785,False
0.05,B0006,0.9892688989639282,False
0.1,B0006,0.9869532585144043,False
0.2,B0006,0.9617739915847778,True
0.01,B0006,0.9956471920013428,False
0.02,B0006,0.9944238066673279,False
0.05,B0006,0.9959323406219482,False
0.1,B0006,0.9779382348060608,True
0.2,B0006,0.9890009760856628,False
0.01,B0006,0.9962307214736938,False
0.02,B0006,0.9936245083808899,False
0.05,B0006,0.9965423345565796,False
0.1,B0006,0.9921728372573853,False
0.2,B0006,0.9715655446052551,True
0.01,B0006,0.9953694343566895,False
0.02,B0006,0.9955195188522339,False
0.05,B0006,0.9935200214385986,False
0.1,B0006,0.9951357841491699,False
0.2,B0006,0.9952895641326904,False
0.01,B0006,0.994845986366272,False
0.02,B0006,0.9948403835296631,False
0.05,B0006,0.9945266842842102,False
0.1,B0006,0.9948605298995972,False
0.2,B0006,0.9896653294563293,False
0.01,B0006,0.994163990020752,False
0.02,B0006,0.9930362105369568,False
0.05,B0006,0.9942010045051575,False
0.1,B0006,0.9933211803436279,False
0.2,B0006,0.961102306842804,True
0.01,B0006,0.9949101209640503,False
0.02,B0006,0.9921387434005737,False
0.05,B0006,0.9914032220840454,False
0.1,B0006,0.9853115677833557,False
0.2,B0006,0.9418397545814514,True
0.01,B0006,0.9925917983055115,False
0.02,B0006,0.9919172525405884,False
0.05,B0006,0.9909543991088867,False
0.1,B0006,0.9974741339683533,False
0.2,B0006,0.9662806987762451,True
0.01,B0006,0.9925264120101929,False
0.02,B0006,0.9918151497840881,False
0.05,B0006,0.9918469786643982,False
0.1,B0006,0.9767478108406067,True
0.2,B0006,0.9848586916923523,False
0.01,B0006,0.9919679164886475,False
0.02,B0006,0.9914951920509338,False
0.05,B0006,0.9845571517944336,False
0.1,B0006,0.9672062397003174,True
0.2,B0006,0.9873596429824829,False
0.01,B0006,0.9906689524650574,False
0.02,B0006,0.9896194934844971,False
0.05,B0006,0.9896566867828369,False
0.1,B0006,0.977112352848053,True
0.2,B0006,0.9450976848602295,True
0.01,B0006,0.9908202886581421,False
0.02,B0006,0.989219069480896,False
0.05,B0006,0.9896185398101807,False
0.1,B0006,0.9865870475769043,False
0.2,B0006,0.9280483722686768,True
0.01,B0006,0.9939873814582825,False
0.02,B0006,0.9917693138122559,False
0.05,B0006,0.9904284477233887,False
0.1,B0006,0.9858983159065247,False
0.2,B0006,0.9909287691116333,False
0.01,B0006,0.9921607971191406,False
0.02,B0006,0.9919369220733643,False
0.05,B0006,0.9923506379127502,False
0.1,B0006,0.9989570379257202,False
0.2,B0006,0.9860328435897827,False
0.01,B0006,0.9915047883987427,False
0.02,B0006,0.989240288734436,False
0.05,B0006,0.9919503331184387,False
0.1,B0006,0.9913188219070435,False
0.2,B0006,0.9894359707832336,False
0.01,B0006,0.9913008213043213,False
0.02,B0006,0.990940511226654,False
0.05,B0006,0.9920347332954407,False
0.1,B0006,0.9984526038169861,False
0.2,B0006,0.9929257035255432,False
0.01,B0006,0.9878542423248291,False
0.02,B0006,0.9893983602523804,False
0.05,B0006,0.9828424453735352,False
0.1,B0006,0.9618897438049316,True
0.2,B0006,0.9447031021118164,True
0.01,B0006,0.9880228042602539,False
0.02,B0006,0.9877744317054749,False
0.05,B0006,0.9867085218429565,False
0.1,B0006,0.970507800579071,True
0.2,B0006,0.9495657682418823,True
0.01,B0006,0.9868713021278381,False
0.02,B0006,0.9888655543327332,False
0.05,B0006,0.9803446531295776,True
0.1,B0006,0.9886788129806519,False
0.2,B0006,0.9324961304664612,True
0.01,B0006,0.9924579858779907,False
0.02,B0006,0.9921312928199768,False
0.05,B0006,0.9930068850517273,False
0.1,B0006,0.9990233182907104,False
0.2,B0006,0.9959521889686584,False
0.01,B0006,0.9912093281745911,False
0.02,B0006,0.9907432794570923,False
0.05,B0006,0.9912253618240356,False
0.1,B0006,0.9810206294059753,False
0.2,B0006,0.9766268134117126,True
0.01,B0006,0.9887474179267883,False
0.02,B0006,0.9859722852706909,False
0.05,B0006,0.9870972037315369,False
0.1,B0006,0.9850285053253174,False
0.2,B0006,0.9354396462440491,True
0.01,B0006,0.9880188703536987,False
0.02,B0006,0.9934923648834229,False
0.05,B0006,0.9863297343254089,False
0.1,B0006,0.9933411478996277,False
0.2,B0006,0.9708907604217529,True
0.01,B0006,0.9871845841407776,False
0.02,B0006,0.9849180579185486,False
0.05,B0006,0.9932106733322144,False
0.1,B0006,0.988882303237915,False
0.2,B0006,0.976763904094696,True
0.01,B0006,0.9864398837089539,False
0.02,B0006,0.9877830743789673,False
0.05,B0006,0.985773503780365,False
0.1,B0006,0.9868530631065369,False
0.2,B0006,0.990001916885376,False
0.01,B0006,0.9865612983703613,False
0.02,B0006,0.9860575199127197,False
0.05,B0006,0.9938967823982239,False
0.1,B0006,0.9828550219535828,False
0.2,B0006,0.9904346466064453,False
0.01,B0006,0.9892321825027466,False
0.02,B0006,0.9871959686279297,False
0.05,B0006,0.9831541776657104,False
0.1,B0006,0.9738937020301819,True
0.2,B0006,0.9789941310882568,True
0.01,B0006,0.9874876141548157,False
0.02,B0006,0.9878396987915039,False
0.05,B0006,0.9894522428512573,False
0.1,B0006,0.9886118173599243,False
0.2,B0006,0.9896131753921509,False
0.01,B0006,0.9865747094154358,False
0.02,B0006,0.9858405590057373,False
0.05,B0006,0.9862784147262573,False
0.1,B0006,0.991087794303894,False
0.2,B0006,0.9859312772750854,False
0.01,B0006,0.9825975894927979,False
0.02,B0006,0.9900038838386536,False
0.05,B0006,0.9811599254608154,False
0.1,B0006,0.9905112385749817,False
0.2,B0006,0.9716280698776245,True
0.01,B0006,0.9842565059661865,False
0.02,B0006,0.9859517216682434,False
0.05,B0006,0.9891804456710815,False
0.1,B0006,0.9963737726211548,False
0.2,B0006,0.8769245147705078,True
0.01,B0006,0.9939711093902588,False
0.02,B0006,0.9899889230728149,False
0.05,B0006,0.9916232824325562,False
0.1,B0006,0.9915645718574524,False
0.2,B0006,0.9579793214797974,True
0.01,B0006,0.9942401051521301,False
0.02,B0006,0.9930183291435242,False
0.05,B0006,0.9934351444244385,False
0.1,B0006,0.9963303804397583,False
0.2,B0006,0.9973461627960205,False
0.01,B0006,0.9909366369247437,False
0.02,B0006,0.9872965812683105,False
0.05,B0006,0.9870795011520386,False
0.1,B0006,0.9863802194595337,False
0.2,B0006,0.8858894109725952,True
0.01,B0006,0.9885140657424927,False
0.02,B0006,0.985885500907898,False
0.05,B0006,0.9813358187675476,False
0.1,B0006,0.9718980193138123,True
0.2,B0006,0.9828402400016785,False
0.01,B0006,0.9915918111801147,False
0.02,B0006,0.9855353236198425,False
0.05,B0006,0.9886215329170227,False
0.1,B0006,0.9788529872894287,True
0.2,B0006,0.9693049192428589,True
0.01,B0006,0.9894499778747559,False
0.02,B0006,0.9902300834655762,False
0.05,B0006,0.9879233837127686,False
0.1,B0006,0.9902992844581604,False
0.2,B0006,0.9910133481025696,False
0.01,B0006,0.9859558939933777,False
0.02,B0006,0.986958384513855,False
0.05,B0006,0.9862542748451233,False
0.1,B0006,0.9861539602279663,False
0.2,B0006,0.9692862033843994,True
0.01,B0006,0.9881767630577087,False
0.02,B0006,0.9927399754524231,False
0.05,B0006,0.9902406334877014,False
0.1,B0006,0.9841506481170654,False
0.2,B0006,0.9911819100379944,False
0.01,B0006,0.9865728616714478,False
0.02,B0006,0.9858841896057129,False
0.05,B0006,0.9873985052108765,False
0.1,B0006,0.9956324100494385,False
0.2,B0006,0.9840950965881348,False
0.01,B0006,0.9858507513999939,False
0.02,B0006,0.9815948009490967,False
0.05,B0006,0.9848528504371643,False
0.1,B0006,0.9795036315917969,True
0.2,B0006,0.9765504002571106,True
0.01,B0006,0.9882946610450745,False
0.02,B0006,0.986807107925415,False
0.05,B0006,0.9925606846809387,False
0.1,B0006,0.9870513081550598,False
0.2,B0006,0.9909461736679077,False
0.01,B0006,0.9891640543937683,False
0.02,B0006,0.9843111038208008,False
0.05,B0006,0.9908688068389893,False
0.1,B0006,0.9842946529388428,False
0.2,B0006,0.9673205018043518,True
0.01,B0006,0.9839912056922913,False
0.02,B0006,0.9811989665031433,False
0.05,B0006,0.9864940047264099,False
0.1,B0006,0.9882099628448486,False
0.2,B0006,0.8921359181404114,True
0.01,B0006,0.9852965474128723,False
0.02,B0006,0.9838582277297974,False
0.05,B0006,0.991658091545105,False
0.1,B0006,0.986775815486908,False
0.2,B0006,0.9816767573356628,False
0.01,B0006,0.9860206842422485,False
0.02,B0006,0.9890531301498413,False
0.05,B0006,0.9846574664115906,False
0.1,B0006,0.9904711246490479,False
0.2,B0006,0.9903343319892883,False
0.01,B0006,0.9814848899841309,False
0.02,B0006,0.9820245504379272,False
0.05,B0006,0.975143313407898,True
0.1,B0006,0.975558876991272,True
0.2,B0006,0.9592173099517822,True
0.01,B0006,0.9799054265022278,True
0.02,B0006,0.9768390655517578,True
0.05,B0006,0.9883908033370972,False
0.1,B0006,0.9644978642463684,True
0.2,B0006,0.9138832092285156,True
0.01,B0006,0.9852107763290405,False
0.02,B0006,0.985292375087738,False
0.05,B0006,0.9840422868728638,False
0.1,B0006,0.9764057993888855,True
0.2,B0006,0.9704233407974243,True
0.01,B0006,0.9823775291442871,False
0.02,B0006,0.9815845489501953,False
0.05,B0006,0.9865355491638184,False
0.1,B0006,0.984268307685852,False
0.2,B0006,0.9980369806289673,False
0.01,B0006,0.9782631397247314,True
0.02,B0006,0.9815136194229126,False
0.05,B0006,0.9828720092773438,False
0.1,B0006,0.9719102382659912,True
0.2,B0006,0.9911781549453735,False
0.01,B0006,0.9767647981643677,True
0.02,B0006,0.9829203486442566,False
0.05,B0006,0.9630452990531921,True
0.1,B0006,0.9798582792282104,True
0.2,B0006,0.9673597812652588,True
0.01,B0006,0.9815835952758789,False
0.02,B0006,0.978061854839325,True
0.05,B0006,0.9791063666343689,True
0.1,B0006,0.9701228141784668,True
0.2,B0006,0.9458818435668945,True
0.01,B0006,0.9829399585723877,False
0.02,B0006,0.9812209606170654,False
0.05,B0006,0.984178900718689,False
0.1,B0006,0.9863765239715576,False
0.2,B0006,0.9717837572097778,True
0.01,B0006,0.9770087599754333,True
0.02,B0006,0.9728922247886658,True
0.05,B0006,0.9761580228805542,True
0.1,B0006,0.9802744388580322,True
0.2,B0006,0.9700115919113159,True
0.01,B0006,0.9729256629943848,True
0.02,B0006,0.9714739322662354,True
0.05,B0006,0.9658558368682861,True
0.1,B0006,0.9745743274688721,True
0.2,B0006,0.9574131965637207,True
0.01,B0006,0.9752995371818542,True
0.02,B0006,0.9742851853370667,True
0.05,B0006,0.9690527319908142,True
0.1,B0006,0.9655835628509521,True
0.2,B0006,0.8607549667358398,True
0.01,B0006,0.9779330492019653,True
0.02,B0006,0.9793030023574829,True
0.05,B0006,0.9805252552032471,True
0.1,B0006,0.9851105213165283,False
0.2,B0006,0.9800354242324829,True
0.01,B0006,0.9749887585639954,True
0.02,B0006,0.9775750637054443,True
0.05,B0006,0.988112211227417,False
0.1,B0006,0.9724925756454468,True
0.2,B0006,0.9597302079200745,True
0.01,B0006,0.9741294384002686,True
0.02,B0006,0.9741064310073853,True
0.05,B0006,0.9700311422348022,True
0.1,B0006,0.9632545709609985,True
0.2,B0006,0.9902045726776123,False
0.01,B0006,0.975462019443512,True
0.02,B0006,0.9696842432022095,True
0.05,B0006,0.9764372110366821,True
0.1,B0006,0.9331420660018921,True
0.2,B0006,0.8682241439819336,True
0.01,B0006,0.9817667603492737,False
0.02,B0006,0.9758769869804382,True
0.05,B0006,0.9745460152626038,True
0.1,B0006,0.9800863265991211,True
0.2,B0006,0.9686076045036316,True
0.01,B0006,0.9819486737251282,False
0.02,B0006,0.9828789234161377,False
0.05,B0006,0.978824257850647,True
0.1,B0006,0.9893850684165955,False
0.2,B0006,0.9606019854545593,True
0.01,B0006,0.9781630039215088,True
0.02,B0006,0.9798827767372131,True
0.05,B0006,0.9803681969642639,True
0.1,B0006,0.9872193932533264,False
0.2,B0006,0.9831435680389404,False
0.01,B0006,0.9809571504592896,True
0.02,B0006,0.9872733354568481,False
0.05,B0006,0.9804112911224365,True
0.1,B0006,0.9765005111694336,True
0.2,B0006,0.9856511354446411,False
0.01,B0006,0.9801970720291138,True
0.02,B0006,0.9800053238868713,True
0.05,B0006,0.9782677888870239,True
0.1,B0006,0.9829756021499634,False
0.2,B0006,0.9951593279838562,False
0.01,B0006,0.9758173227310181,True
0.02,B0006,0.9740539193153381,True
0.05,B0006,0.9763226509094238,True
0.1,B0006,0.9714522361755371,True
0.2,B0006,0.9673465490341187,True
0.01,B0006,0.9780291318893433,True
0.02,B0006,0.9783792495727539,True
0.05,B0006,0.9786432385444641,True
0.1,B0006,0.9906954765319824,False
0.2,B0006,0.9621246457099915,True
0.01,B0006,0.9791035056114197,True
0.02,B0006,0.979665219783783,True
0.05,B0006,0.9779598712921143,True
0.1,B0006,0.9805488586425781,True
0.2,B0006,0.9978607892990112,False
0.01,B0006,0.978496789932251,True
0.02,B0006,0.9846774935722351,False
0.05,B0006,0.9783157110214233,True
0.1,B0006,0.9820042252540588,False
0.2,B0006,0.9972848296165466,False
0.01,B0006,0.9736441969871521,True
0.02,B0006,0.9738756418228149,True
0.05,B0006,0.9740787744522095,True
0.1,B0006,0.9928236603736877,False
0.2,B0006,0.9543769359588623,True
0.01,B0006,0.9782320261001587,True
0.02,B0006,0.9771913290023804,True
0.05,B0006,0.9766465425491333,True
0.1,B0006,0.980208694934845,True
0.2,B0006,0.9774601459503174,True
0.01,B0006,0.976677417755127,True
0.02,B0006,0.9776688814163208,True
0.05,B0006,0.9814242720603943,False
0.1,B0006,0.9757105112075806,True
0.2,B0006,0.9836527705192566,False
0.01,B0006,0.9812937378883362,False
0.02,B0006,0.977088987827301,True
0.05,B0006,0.9697883129119873,True
0.1,B0006,0.9790846109390259,True
0.2,B0006,0.9886077642440796,False
0.01,B0006,0.9770290851593018,True
0.02,B0006,0.9710865020751953,True
0.05,B0006,0.9742245674133301,True
0.1,B0006,0.9566880464553833,True
0.2,B0006,0.9369259476661682,True
0.01,B0006,0.9771261811256409,True
0.02,B0006,0.986487865447998,False
0.05,B0006,0.9769006967544556,True
0.1,B0006,0.9859408736228943,False
0.2,B0006,0.9575214982032776,True
0.01,B0006,0.9792073965072632,True
0.02,B0006,0.9735326170921326,True
0.05,B0006,0.9691386222839355,True
0.1,B0006,0.9547685384750366,True
0.2,B0006,0.9693304896354675,True
0.01,B0006,0.9763324856758118,True
0.02,B0006,0.9805202484130859,True
0.05,B0006,0.972959041595459,True
0.1,B0006,0.9697144031524658,True
0.2,B0006,0.9528270959854126,True
0.01,B0006,0.9786970615386963,True
0.02,B0006,0.9797807335853577,True
0.05,B0006,0.9786648750305176,True
0.1,B0006,0.9839088320732117,False
0.2,B0006,0.9739183783531189,True
0.01,B0006,0.9736924767494202,True
0.02,B0006,0.9830964803695679,False
0.05,B0006,0.9801048636436462,True
0.1,B0006,0.9796419143676758,True
0.2,B0006,0.959198534488678,True
0.01,B0006,0.9754915237426758,True
0.02,B0006,0.9753749370574951,True
0.05,B0006,0.9758090376853943,True
0.1,B0006,0.9816551804542542,False
0.2,B0006,0.9775501489639282,True
0.01,B0006,0.9755828976631165,True
0.02,B0006,0.974426805973053,True
0.05,B0006,0.9741902351379395,True
0.1,B0006,0.9796614646911621,True
0.2,B0006,0.940585196018219,True
0.01,B0006,0.9771965146064758,True
0.02,B0006,0.9673389196395874,True
0.05,B0006,0.9789866209030151,True
0.1,B0006,0.990935206413269,False
0.2,B0006,0.9671084880828857,True
0.01,B0006,0.9762783646583557,True
0.02,B0006,0.9821682572364807,False
0.05,B0006,0.9746944308280945,True
0.1,B0006,0.9909515976905823,False
0.2,B0006,0.9758095145225525,True
0.01,B0006,0.9757794737815857,True
0.02,B0006,0.9745477437973022,True
0.05,B0006,0.9736604690551758,True
0.1,B0006,0.9934536218643188,False
0.2,B0006,0.9984225630760193,False
0.01,B0006,0.9746758937835693,True
0.02,B0006,0.9739390015602112,True
0.05,B0006,0.9739000797271729,True
0.1,B0006,0.9658989906311035,True
0.2,B0006,0.9794740676879883,True
0.01,B0006,0.969889223575592,True
0.02,B0006,0.9703735113143921,True
0.05,B0006,0.970352292060852,True
0.1,B0006,0.9700883626937866,True
0.2,B0006,0.9415230751037598,True
0.01,B0006,0.9725632071495056,True
0.02,B0006,0.9657320976257324,True
0.05,B0006,0.9853173494338989,False
0.1,B0006,0.9853175282478333,False
0.2,B0006,0.951820433139801,True
0.01,B0006,0.972218930721283,True
0.02,B0006,0.9639491438865662,True
0.05,B0006,0.9765592217445374,True
0.1,B0006,0.9452288746833801,True
0.2,B0006,0.8529883027076721,True
0.01,B0006,0.9681316018104553,True
0.02,B0006,0.9671929478645325,True
0.05,B0006,0.9600834250450134,True
0.1,B0006,0.9873176217079163,False
0.2,B0006,0.982440710067749,False
0.01,B0006,0.9724441766738892,True
0.02,B0006,0.970464825630188,True
0.05,B0006,0.9818227291107178,False
0.1,B0006,0.9602753520011902,True
0.2,B0006,0.8710535764694214,True
0.01,B0006,0.9722617864608765,True
0.02,B0006,0.9706931114196777,True
0.05,B0006,0.9619836807250977,True
0.1,B0006,0.9568953514099121,True
0.2,B0006,0.9903260469436646,False
0.01,B0006,0.9729616045951843,True
0.02,B0006,0.9798577427864075,True
0.05,B0006,0.9731284379959106,True
0.1,B0006,0.9716365337371826,True
0.2,B0006,0.977868914604187,True
0.01,B0006,0.9723355174064636,True
0.02,B0006,0.9686452150344849,True
0.05,B0006,0.9557665586471558,True
0.1,B0006,0.9634652733802795,True
0.2,B0006,0.9377374649047852,True
0.01,B0006,0.9690026044845581,True
0.02,B0006,0.9702191352844238,True
0.05,B0006,0.9735211133956909,True
0.1,B0006,0.9786276817321777,True
0.2,B0006,0.9715439081192017,True
0.01,B0006,0.9695833325386047,True
0.02,B0006,0.9734301567077637,True
0.05,B0006,0.9740468263626099,True
0.1,B0006,0.9671319127082825,True
0.2,B0006,0.9860844016075134,False
0.01,B0006,0.96334308385849,True
0.02,B0006,0.9623318910598755,True
0.05,B0006,0.94167160987854,True
0.1,B0006,0.9245476722717285,True
0.2,B0006,0.942209005355835,True
0.01,B0006,0.9721382856369019,True
0.02,B0006,0.9578006863594055,True
0.05,B0006,0.9636231064796448,True
0.1,B0006,0.9612433910369873,True
0.2,B0006,0.9824876189231873,False
0.01,B0006,0.9644076228141785,True
0.02,B0006,0.9647922515869141,True
0.05,B0006,0.9681136012077332,True
0.1,B0006,0.989911675453186,False
0.2,B0006,0.9979470372200012,False
0.01,B0006,0.9650382399559021,True
0.02,B0006,0.9623297452926636,True
0.05,B0006,0.9753826856613159,True
0.1,B0006,0.9532793760299683,True
0.2,B0006,0.7751622796058655,True
0.01,B0006,0.9698003530502319,True
0.02,B0006,0.9640560746192932,True
0.05,B0006,0.9812018275260925,False
0.1,B0006,0.984353244304657,False
0.2,B0006,0.9417630434036255,True
0.01,B0006,0.9609869718551636,True
0.02,B0006,0.9634726047515869,True
0.05,B0006,0.9646196365356445,True
0.1,B0006,0.9728463888168335,True
0.2,B0006,0.9628614187240601,True
0.01,B0006,0.9621656537055969,True
0.02,B0006,0.9538986086845398,True
0.05,B0006,0.9554212093353271,True
0.1,B0006,0.9702576398849487,True
0.2,B0006,0.9078377485275269,True
0.01,B0006,0.9583640098571777,True
0.02,B0006,0.9639546871185303,True
0.05,B0006,0.9634925127029419,True
0.1,B0006,0.9818929433822632,False
0.2,B0006,0.9927898049354553,False
0.01,B0006,0.9565331935882568,True
0.02,B0006,0.968529462814331,True
0.05,B0006,0.9493697285652161,True
0.1,B0006,0.8799299001693726,True
0.2,B0006,0.7662206292152405,True
0.01,B0006,0.9565631151199341,True
0.02,B0006,0.9579378366470337,True
0.05,B0006,0.9601669907569885,True
0.1,B0006,0.9526344537734985,True
0.2,B0006,0.9549582004547119,True
0.01,B0006,0.9574819803237915,True
0.02,B0006,0.9702914357185364,True
0.05,B0006,0.957500159740448,True
0.1,B0006,0.959003746509552,True
0.2,B0006,0.8872197866439819,True
0.01,B0006,0.9561015367507935,True
0.02,B0006,0.9588704705238342,True
0.05,B0006,0.9749226570129395,True
0.1,B0006,0.9624300599098206,True
0.2,B0006,0.9678497314453125,True
0.01,B0006,0.9607071876525879,True
0.02,B0006,0.9664372205734253,True
0.05,B0006,0.9635340571403503,True
0.1,B0006,0.9646307826042175,True
0.2,B0006,0.984177827835083,False
0.01,B0006,0.9600874185562134,True
0.02,B0006,0.9597215056419373,True
0.05,B0006,0.9792419075965881,True
0.1,B0006,0.9706897139549255,True
0.2,B0006,0.985821008682251,False
0.01,B0007,0.999794065952301,False
0.02,B0007,0.9994556307792664,False
0.05,B0007,0.9985406398773193,False
0.1,B0007,0.9975812435150146,False
0.2,B0007,0.959250807762146,True
0.01,B0007,0.9999514222145081,False
0.02,B0007,0.9999834895133972,False
0.05,B0007,0.9999533891677856,False
0.1,B0007,0.9996128082275391,False
0.2,B0007,0.9998881816864014,False
0.01,B0007,0.9999440908432007,False
0.02,B0007,0.9997239708900452,False
0.05,B0007,0.999735414981842,False
0.1,B0007,0.9952901005744934,False
0.2,B0007,0.9993266463279724,False
0.01,B0007,0.9999653697013855,False
0.02,B0007,0.9999735355377197,False
0.05,B0007,0.9994837641716003,False
0.1,B0007,0.9999479055404663,False
0.2,B0007,0.9997565746307373,False
0.01,B0007,0.999901533126831,False
0.02,B0007,0.9997903108596802,False
0.05,B0007,0.9993726015090942,False
0.1,B0007,0.9962441325187683,False
0.2,B0007,0.9905357360839844,False
0.01,B0007,0.999801516532898,False
0.02,B0007,0.9996664524078369,False
0.05,B0007,0.9995725154876709,False
0.1,B0007,0.9967817068099976,False
0.2,B0007,0.9923292398452759,False
0.01,B0007,0.9998424053192139,False
0.02,B0007,0.9996787905693054,False
0.05,B0007,0.9995978474617004,False
0.1,B0007,0.9984768629074097,False
0.2,B0007,0.9898004531860352,False
0.01,B0007,0.9997627139091492,False
0.02,B0007,0.9997471570968628,False
0.05,B0007,0.9996819496154785,False
0.1,B0007,0.9996792078018188,False
0.2,B0007,0.9994462728500366,False
0.01,B0007,0.9997536540031433,False
0.02,B0007,0.9996641874313354,False
0.05,B0007,0.9991468191146851,False
0.1,B0007,0.9973500967025757,False
0.2,B0007,0.9891115427017212,False
0.01,B0007,0.9994704723358154,False
0.02,B0007,0.9991676807403564,False
0.05,B0007,0.9992270469665527,False
0.1,B0007,0.9977844953536987,False
0.2,B0007,0.9953970313072205,False
0.01,B0007,0.9994471669197083,False
0.02,B0007,0.9992004036903381,False
0.05,B0007,0.9989936947822571,False
0.1,B0007,0.9961385130882263,False
0.2,B0007,0.9873778820037842,False
0.01,B0007,0.9996587634086609,False
0.02,B0007,0.9996693134307861,False
0.05,B0007,0.9993411302566528,False
0.1,B0007,0.9974120855331421,False
0.2,B0007,0.9852265119552612,False
0.01,B0007,0.9994981288909912,False
0.02,B0007,0.9993758201599121,False
0.05,B0007,0.9990646243095398,False
0.1,B0007,0.9964628219604492,False
0.2,B0007,0.9925927519798279,False
0.01,B0007,0.9993649125099182,False
0.02,B0007,0.9991919994354248,False
0.05,B0007,0.9985189437866211,False
0.1,B0007,0.997729480266571,False
0.2,B0007,0.988660454750061,False
0.01,B0007,0.9994329214096069,False
0.02,B0007,0.9994531273841858,False
0.05,B0007,0.9989855289459229,False
0.1,B0007,0.9971413016319275,False
0.2,B0007,0.9889823794364929,False
0.01,B0007,0.9995443224906921,False
0.02,B0007,0.9992399215698242,False
0.05,B0007,0.9985024929046631,False
0.1,B0007,0.9985308051109314,False
0.2,B0007,0.9905279874801636,False
0.01,B0007,0.9986401796340942,False
0.02,B0007,0.9983471632003784,False
0.05,B0007,0.9981681108474731,False
0.1,B0007,0.9955857992172241,False
0.2,B0007,0.9886733293533325,False
0.01,B0007,0.9988198280334473,False
0.02,B0007,0.9986353516578674,False
0.05,B0007,0.9987824559211731,False
0.1,B0007,0.9991381764411926,False
0.2,B0007,0.9984908103942871,False
0.01,B0007,0.9989384412765503,False
0.02,B0007,0.9985494613647461,False
0.05,B0007,0.9989334940910339,False
0.1,B0007,0.9984327554702759,False
0.2,B0007,0.9917940497398376,False
0.01,B0007,0.9997224807739258,False
0.02,B0007,0.9997445940971375,False
0.05,B0007,0.9991822242736816,False
0.1,B0007,0.9997361302375793,False
0.2,B0007,0.9992896914482117,False
0.01,B0007,0.9995633363723755,False
0.02,B0007,0.9995972514152527,False
0.05,B0007,0.9993728399276733,False
0.1,B0007,0.9979698061943054,False
0.2,B0007,0.9903149008750916,False
0.01,B0007,0.9994592070579529,False
0.02,B0007,0.9994645118713379,False
0.05,B0007,0.9994596242904663,False
0.1,B0007,0.9993094205856323,False
0.2,B0007,0.9993155598640442,False
0.01,B0007,0.9993427395820618,False
0.02,B0007,0.9990074634552002,False
0.05,B0007,0.9986313581466675,False
0.1,B0007,0.9974299669265747,False
0.2,B0007,0.9926350116729736,False
0.01,B0007,0.999433159828186,False
0.02,B0007,0.9991211295127869,False
0.05,B0007,0.9984564781188965,False
0.1,B0007,0.9964196085929871,False
0.2,B0007,0.9904671907424927,False
0.01,B0007,0.9983665943145752,False
0.02,B0007,0.9978866577148438,False
0.05,B0007,0.9967329502105713,False
0.1,B0007,0.9976048469543457,False
0.2,B0007,0.9885243773460388,False
0.01,B0007,0.9984085559844971,False
0.02,B0007,0.9977297782897949,False
0.05,B0007,0.9972506165504456,False
0.1,B0007,0.9972962737083435,False
0.2,B0007,0.9929810762405396,False
0.01,B0007,0.9985548257827759,False
0.02,B0007,0.9983981251716614,False
0.05,B0007,0.9978348612785339,False
0.1,B0007,0.9969251751899719,False
0.2,B0007,0.9906793236732483,False
0.01,B0007,0.9981574416160583,False
0.02,B0007,0.997970700263977,False
0.05,B0007,0.9985305666923523,False
0.1,B0007,0.99790358543396,False
0.2,B0007,0.9984965920448303,False
0.01,B0007,0.9979782104492188,False
0.02,B0007,0.9984099864959717,False
0.05,B0007,0.9971451759338379,False
0.1,B0007,0.9948934316635132,False
0.2,B0007,0.9859996438026428,False
0.01,B0007,0.9984743595123291,False
0.02,B0007,0.9982060790061951,False
0.05,B0007,0.997757613658905,False
0.1,B0007,0.9987187385559082,False
0.2,B0007,0.993487536907196,False
0.01,B0007,0.9990015029907227,False
0.02,B0007,0.9989815950393677,False
0.05,B0007,0.9992417693138123,False
0.1,B0007,0.9988470673561096,False
0.2,B0007,0.9935700297355652,False
0.01,B0007,0.9988042116165161,False
0.02,B0007,0.9989211559295654,False
0.05,B0007,0.9980396032333374,False
0.1,B0007,0.9972728490829468,False
0.2,B0007,0.9911986589431763,False
0.01,B0007,0.9982362985610962,False
0.02,B0007,0.9988542795181274,False
0.05,B0007,0.9979720115661621,False
0.1,B0007,0.9988740682601929,False
0.2,B0007,0.9926692247390747,False
0.01,B0007,0.9980482459068298,False
0.02,B0007,0.9987022876739502,False
0.05,B0007,0.9972060322761536,False
0.1,B0007,0.9987316131591797,False
0.2,B0007,0.9930887222290039,False
0.01,B0007,0.997042179107666,False
0.02,B0007,0.9987806081771851,False
0.05,B0007,0.9986077547073364,False
0.1,B0007,0.9983371496200562,False
0.2,B0007,0.9900128841400146,False
0.01,B0007,0.9983307719230652,False
0.02,B0007,0.9983677864074707,False
0.05,B0007,0.9985346794128418,False
0.1,B0007,0.9988062381744385,False
0.2,B0007,0.9966714382171631,False
0.01,B0007,0.9987250566482544,False
0.02,B0007,0.9986384510993958,False
0.05,B0007,0.9972068071365356,False
0.1,B0007,0.9986099600791931,False
0.2,B0007,0.9913620948791504,False
0.01,B0007,0.9981347918510437,False
0.02,B0007,0.9985848665237427,False
0.05,B0007,0.9989720582962036,False
0.1,B0007,0.9961320757865906,False
0.2,B0007,0.990479588508606,False
0.01,B0007,0.9972586035728455,False
0.02,B0007,0.9976438283920288,False
0.05,B0007,0.9957937002182007,False
0.1,B0007,0.9923843145370483,False
0.2,B0007,0.9858197569847107,False
0.01,B0007,0.9981411099433899,False
0.02,B0007,0.9979944229125977,False
0.05,B0007,0.9981666207313538,False
0.1,B0007,0.9985529184341431,False
0.2,B0007,0.9884788990020752,False
0.01,B0007,0.99868243932724,False
0.02,B0007,0.9981170892715454,False
0.05,B0007,0.9968410134315491,False
0.1,B0007,0.9962963461875916,False
0.2,B0007,0.9873575568199158,False
0.01,B0007,0.9992001056671143,False
0.02,B0007,0.9988263249397278,False
0.05,B0007,0.99773770570755,False
0.1,B0007,0.9986778497695923,False
0.2,B0007,0.9905927181243896,False
0.01,B0007,0.9983027577400208,False
0.02,B0007,0.9984476566314697,False
0.05,B0007,0.9983234405517578,False
0.1,B0007,0.998293936252594,False
0.2,B0007,0.9980034828186035,False
0.01,B0007,0.9978765845298767,False
0.02,B0007,0.9987625479698181,False
0.05,B0007,0.9981703162193298,False
0.1,B0007,0.9983809590339661,False
0.2,B0007,0.9986940622329712,False
0.01,B0007,0.9972288608551025,False
0.02,B0007,0.9973396062850952,False
0.05,B0007,0.996216893196106,False
0.1,B0007,0.9937339425086975,False
0.2,B0007,0.9841638207435608,False
0.01,B0007,0.9970577359199524,False
0.02,B0007,0.9971233010292053,False
0.05,B0007,0.9966908693313599,False
0.1,B0007,0.9988524317741394,False
0.2,B0007,0.9912514090538025,False
0.01,B0007,0.997189998626709,False
0.02,B0007,0.9968291521072388,False
0.05,B0007,0.9950962662696838,False
0.1,B0007,0.9931622743606567,False
0.2,B0007,0.9866868257522583,False
0.01,B0007,0.999173641204834,False
0.02,B0007,0.9992464780807495,False
0.05,B0007,0.999123215675354,False
0.1,B0007,0.998903751373291,False
0.2,B0007,0.9917117357254028,False
0.01,B0007,0.9993085861206055,False
0.02,B0007,0.9993272423744202,False
0.05,B0007,0.9989240169525146,False
0.1,B0007,0.9974899291992188,False
0.2,B0007,0.9911214113235474,False
0.01,B0007,0.9990426898002625,False
0.02,B0007,0.9992963075637817,False
0.05,B0007,0.9995920062065125,False
0.1,B0007,0.9992834329605103,False
0.2,B0007,0.9988206028938293,False
0.01,B0007,0.9991175532341003,False
0.02,B0007,0.9994242191314697,False
0.05,B0007,0.998731255531311,False
0.1,B0007,0.9991881251335144,False
0.2,B0007,0.9984068274497986,False
0.01,B0007,0.9992742538452148,False
0.02,B0007,0.9991121292114258,False
0.05,B0007,0.9993350505828857,False
0.1,B0007,0.9968284368515015,False
0.2,B0007,0.992241621017456,False
0.01,B0007,0.9992637038230896,False
0.02,B0007,0.9994254112243652,False
0.05,B0007,0.9994090795516968,False
0.1,B0007,0.9963634014129639,False
0.2,B0007,0.9924755692481995,False
0.01,B0007,0.9991973638534546,False
0.02,B0007,0.9994245767593384,False
0.05,B0007,0.9989356994628906,False
0.1,B0007,0.9979037642478943,False
0.2,B0007,0.9892584085464478,False
0.01,B0007,0.9991286993026733,False
0.02,B0007,0.9988420009613037,False
0.05,B0007,0.9985257983207703,False
0.1,B0007,0.9972355365753174,False
0.2,B0007,0.9914189577102661,False
0.01,B0007,0.9993582963943481,False
0.02,B0007,0.9989364743232727,False
0.05,B0007,0.9994362592697144,False
0.1,B0007,0.9978383183479309,False
0.2,B0007,0.9897574782371521,False
0.01,B0007,0.9992690086364746,False
0.02,B0007,0.9986767172813416,False
0.05,B0007,0.9996170401573181,False
0.1,B0007,0.9985973834991455,False
0.2,B0007,0.9754539132118225,True
0.01,B0007,0.9993661046028137,False
0.02,B0007,0.9993222951889038,False
0.05,B0007,0.9994673728942871,False
0.1,B0007,0.9968646764755249,False
0.2,B0007,0.9709354639053345,True
0.01,B0007,0.9993926286697388,False
0.02,B0007,0.9992921352386475,False
0.05,B0007,0.9987928867340088,False
0.1,B0007,0.9975900650024414,False
0.2,B0007,0.9914474487304688,False
0.01,B0007,0.9993775486946106,False
0.02,B0007,0.9993759989738464,False
0.05,B0007,0.9991005659103394,False
0.1,B0007,0.9988880157470703,False
0.2,B0007,0.9995546340942383,False
0.01,B0007,0.9994262456893921,False
0.02,B0007,0.9992926716804504,False
0.05,B0007,0.9992944002151489,False
0.1,B0007,0.9980136156082153,False
0.2,B0007,0.9912534952163696,False
0.01,B0007,0.9992047548294067,False
0.02,B0007,0.9991449117660522,False
0.05,B0007,0.9993306398391724,False
0.1,B0007,0.9990296363830566,False
0.2,B0007,0.9991272687911987,False
0.01,B0007,0.999354362487793,False
0.02,B0007,0.9993541240692139,False
0.05,B0007,0.9989460706710815,False
0.1,B0007,0.9962843656539917,False
0.2,B0007,0.9993958473205566,False
0.01,B0007,0.9993678331375122,False
0.02,B0007,0.9995099902153015,False
0.05,B0007,0.9993884563446045,False
0.1,B0007,0.9984520673751831,False
0.2,B0007,0.9935972094535828,False
0.01,B0007,0.9995181560516357,False
0.02,B0007,0.9995371699333191,False
0.05,B0007,0.9992551803588867,False
0.1,B0007,0.9990465044975281,False
0.2,B0007,0.9993619918823242,False
0.01,B0007,0.9997302889823914,False
0.02,B0007,0.9994794130325317,False
0.05,B0007,0.9987054467201233,False
0.1,B0007,0.9974653720855713,False
0.2,B0007,0.9887068867683411,False
0.01,B0007,0.9995795488357544,False
0.02,B0007,0.9994916915893555,False
0.05,B0007,0.9993943572044373,False
0.1,B0007,0.9979366064071655,False
0.2,B0007,0.9961192607879639,False
0.01,B0007,0.9994713664054871,False
0.02,B0007,0.9992595314979553,False
0.05,B0007,0.9995503425598145,False
0.1,B0007,0.9996320605278015,False
0.2,B0007,0.9986444711685181,False
0.01,B0007,0.9995167255401611,False
0.02,B0007,0.9994981288909912,False
0.05,B0007,0.9991337656974792,False
0.1,B0007,0.9994623064994812,False
0.2,B0007,0.9992964267730713,False
0.01,B0007,0.9996473789215088,False
0.02,B0007,0.9996174573898315,False
0.05,B0007,0.9990817904472351,False
0.1,B0007,0.9978524446487427,False
0.2,B0007,0.9617427587509155,True
0.01,B0007,0.9995506405830383,False
0.02,B0007,0.9995825290679932,False
0.05,B0007,0.9996117353439331,False
0.1,B0007,0.9995855093002319,False
0.2,B0007,0.9993934631347656,False
0.01,B0007,0.9996346235275269,False
0.02,B0007,0.9995810985565186,False
0.05,B0007,0.9989460706710815,False
0.1,B0007,0.9976881742477417,False
0.2,B0007,0.9867699146270752,False
0.01,B0007,0.99959397315979,False
0.02,B0007,0.9995949268341064,False
0.05,B0007,0.9995290040969849,False
0.1,B0007,0.9994450807571411,False
0.2,B0007,0.9983779788017273,False
0.01,B0007,0.9994773864746094,False
0.02,B0007,0.9994652271270752,False
0.05,B0007,0.9988552331924438,False
0.1,B0007,0.9985402226448059,False
0.2,B0007,0.991134524345398,False
0.01,B0007,0.9995866417884827,False
0.02,B0007,0.9994977712631226,False
0.05,B0007,0.9988938570022583,False
0.1,B0007,0.9994224309921265,False
0.2,B0007,0.9994561076164246,False
0.01,B0007,0.9996569752693176,False
0.02,B0007,0.9995185136795044,False
0.05,B0007,0.9992873668670654,False
0.1,B0007,0.9981337785720825,False
0.2,B0007,0.9924447536468506,False
0.01,B0007,0.9995310306549072,False
0.02,B0007,0.9993830323219299,False
0.05,B0007,0.9985832571983337,False
0.1,B0007,0.9972307085990906,False
0.2,B0007,0.9902423620223999,False
0.01,B0007,0.9996275305747986,False
0.02,B0007,0.9995412826538086,False
0.05,B0007,0.9990774989128113,False
0.1,B0007,0.9973169565200806,False
0.2,B0007,0.9863974452018738,False
0.01,B0007,0.9994944334030151,False
0.02,B0007,0.9995502233505249,False
0.05,B0007,0.9995095133781433,False
0.1,B0007,0.9993511438369751,False
0.2,B0007,0.9995364546775818,False
0.01,B0007,0.9991388320922852,False
0.02,B0007,0.9992635250091553,False
0.05,B0007,0.9983228445053101,False
0.1,B0007,0.9972561001777649,False
0.2,B0007,0.9869532585144043,False
0.01,B0007,0.999589741230011,False
0.02,B0007,0.9993470311164856,False
0.05,B0007,0.9990101456642151,False
0.1,B0007,0.9967800378799438,False
0.2,B0007,0.9930397272109985,False
0.01,B0007,0.9997683167457581,False
0.02,B0007,0.9995914101600647,False
0.05,B0007,0.9988704323768616,False
0.1,B0007,0.9962098598480225,False
0.2,B0007,0.9920487403869629,False
0.01,B0007,0.9997991919517517,False
0.02,B0007,0.9996415972709656,False
0.05,B0007,0.9973753690719604,False
0.1,B0007,0.9936418533325195,False
0.2,B0007,0.9877893328666687,False
0.01,B0007,0.9997496008872986,False
0.02,B0007,0.9997206926345825,False
0.05,B0007,0.9991597533226013,False
0.1,B0007,0.9978951811790466,False
0.2,B0007,0.990446925163269,False
0.01,B0007,0.9996309876441956,False
0.02,B0007,0.9994144439697266,False
0.05,B0007,0.9989849328994751,False
0.1,B0007,0.9961696863174438,False
0.2,B0007,0.9860889911651611,False
0.01,B0007,0.9994335174560547,False
0.02,B0007,0.9993555545806885,False
0.05,B0007,0.9985795021057129,False
0.1,B0007,0.9956041574478149,False
0.2,B0007,0.988510251045227,False
0.01,B0007,0.9996755123138428,False
0.02,B0007,0.9994869232177734,False
0.05,B0007,0.9989161491394043,False
0.1,B0007,0.9964642524719238,False
0.2,B0007,0.9895411729812622,False
0.01,B0007,0.9997729063034058,False
0.02,B0007,0.9994860291481018,False
0.05,B0007,0.9987523555755615,False
0.1,B0007,0.9943544864654541,False
0.2,B0007,0.9908140301704407,False
0.01,B0007,0.9998594522476196,False
0.02,B0007,0.9998672008514404,False
0.05,B0007,0.9997943639755249,False
0.1,B0007,0.9998316764831543,False
0.2,B0007,0.9988139867782593,False
0.01,B0007,0.999530553817749,False
0.02,B0007,0.999445378780365,False
0.05,B0007,0.9982345104217529,False
0.1,B0007,0.9970591068267822,False
0.2,B0007,0.9883235692977905,False
0.01,B0007,0.999644935131073,False
0.02,B0007,0.9994320869445801,False
0.05,B0007,0.9994510412216187,False
0.1,B0007,0.9895772933959961,False
0.2,B0007,0.9871938824653625,False
0.01,B0007,0.9997333288192749,False
0.02,B0007,0.9996063709259033,False
0.05,B0007,0.998396098613739,False
0.1,B0007,0.9975820779800415,False
0.2,B0007,0.9939006567001343,False
0.01,B0007,0.9997068047523499,False
0.02,B0007,0.999626636505127,False
0.05,B0007,0.9986921548843384,False
0.1,B0007,0.9984195232391357,False
0.2,B0007,0.969323992729187,True
0.01,B0007,0.9997296333312988,False
0.02,B0007,0.9997517466545105,False
0.05,B0007,0.9987885355949402,False
0.1,B0007,0.9955385327339172,False
0.2,B0007,0.9850173592567444,False
0.01,B0007,0.9997292160987854,False
0.02,B0007,0.9996308088302612,False
0.05,B0007,0.998948335647583,False
0.1,B0007,0.9973843097686768,False
0.2,B0007,0.9890320301055908,False
0.01,B0007,0.9998310208320618,False
0.02,B0007,0.9997267723083496,False
0.05,B0007,0.9998159408569336,False
0.1,B0007,0.9998185634613037,False
0.2,B0007,0.9992380142211914,False
0.01,B0007,0.9997496604919434,False
0.02,B0007,0.9996451139450073,False
0.05,B0007,0.9991215467453003,False
0.1,B0007,0.9973024725914001,False
0.2,B0007,0.9888935089111328,False
0.01,B0007,0.9997142553329468,False
0.02,B0007,0.9998596906661987,False
0.05,B0007,0.9996111392974854,False
0.1,B0007,0.9996369481086731,False
0.2,B0007,0.9991296529769897,False
0.01,B0007,0.9996989965438843,False
0.02,B0007,0.9994953870773315,False
0.05,B0007,0.999010443687439,False
0.1,B0007,0.9987115859985352,False
0.2,B0007,0.9876535534858704,False
0.01,B0007,0.9997954368591309,False
0.02,B0007,0.9997629523277283,False
0.05,B0007,0.9995393753051758,False
0.1,B0007,0.9996620416641235,False
0.2,B0007,0.9998303055763245,False
0.01,B0007,0.9998175501823425,False
0.02,B0007,0.9994008541107178,False
0.05,B0007,0.9992641806602478,False
0.1,B0007,0.9976127743721008,False
0.2,B0007,0.9891680479049683,False
0.01,B0007,0.9998559355735779,False
0.02,B0007,0.9998615384101868,False
0.05,B0007,0.999859631061554,False
0.1,B0007,0.9956423044204712,False
0.2,B0007,0.9988681077957153,False
0.01,B0007,0.999657392501831,False
0.02,B0007,0.9993610978126526,False
0.05,B0007,0.9996055960655212,False
0.1,B0007,0.9989833235740662,False
0.2,B0007,0.9930745363235474,False
0.01,B0007,0.9998151659965515,False
0.02,B0007,0.9998241662979126,False
0.05,B0007,0.9994373917579651,False
0.1,B0007,0.9980089068412781,False
0.2,B0007,0.9927129745483398,False
0.01,B0007,0.9998332262039185,False
0.02,B0007,0.9997600317001343,False
0.05,B0007,0.9994373321533203,False
0.1,B0007,0.9977295398712158,False
0.2,B0007,0.9930169582366943,False
0.01,B0007,0.9998863339424133,False
0.02,B0007,0.9997444152832031,False
0.05,B0007,0.9992302656173706,False
0.1,B0007,0.9969491958618164,False
0.2,B0007,0.983890175819397,False
0.01,B0007,0.9998239278793335,False
0.02,B0007,0.9998078346252441,False
0.05,B0007,0.9998430609703064,False
0.1,B0007,0.9998183846473694,False
0.2,B0007,0.9997337460517883,False
0.01,B0007,0.9996849298477173,False
0.02,B0007,0.9994509816169739,False
0.05,B0007,0.9973157644271851,False
0.1,B0007,0.9974100589752197,False
0.2,B0007,0.9639710783958435,True
0.01,B0007,0.9994043111801147,False
0.02,B0007,0.9994461536407471,False
0.05,B0007,0.9981017112731934,False
0.1,B0007,0.9983710050582886,False
0.2,B0007,0.983143150806427,False
0.01,B0007,0.999698281288147,False
0.02,B0007,0.9996609091758728,False
0.05,B0007,0.9989101886749268,False
0.1,B0007,0.9994980096817017,False
0.2,B0007,0.9997328519821167,False
0.01,B0007,0.9997949004173279,False
0.02,B0007,0.9997581243515015,False
0.05,B0007,0.9995800256729126,False
0.1,B0007,0.999845027923584,False
0.2,B0007,0.9983667135238647,False
0.01,B0007,0.9997616410255432,False
0.02,B0007,0.9994707107543945,False
0.05,B0007,0.9989336729049683,False
0.1,B0007,0.9954169392585754,False
0.2,B0007,0.9943562746047974,False
0.01,B0007,0.9995735883712769,False
0.02,B0007,0.9987565279006958,False
0.05,B0007,0.9988404512405396,False
0.1,B0007,0.9932601451873779,False
0.2,B0007,0.9937349557876587,False
0.01,B0007,0.9993776082992554,False
0.02,B0007,0.9995065927505493,False
0.05,B0007,0.9980270862579346,False
0.1,B0007,0.9974737167358398,False
0.2,B0007,0.9907417297363281,False
0.01,B0007,0.9992177486419678,False
0.02,B0007,0.9987592697143555,False
0.05,B0007,0.9979408979415894,False
0.1,B0007,0.9901471734046936,False
0.2,B0007,0.986985981464386,False
0.01,B0007,0.9997468590736389,False
0.02,B0007,0.9997975826263428,False
0.05,B0007,0.9997605085372925,False
0.1,B0007,0.9993590116500854,False
0.2,B0007,0.9998578429222107,False
0.01,B0007,0.9997079372406006,False
0.02,B0007,0.9995612502098083,False
0.05,B0007,0.9988089799880981,False
0.1,B0007,0.9978870749473572,False
0.2,B0007,0.9846193194389343,False
0.01,B0007,0.999661386013031,False
0.02,B0007,0.9994803667068481,False
0.05,B0007,0.9991577863693237,False
0.1,B0007,0.99561607837677,False
0.2,B0007,0.98530113697052,False
0.01,B0007,0.9995086789131165,False
0.02,B0007,0.999671220779419,False
0.05,B0007,0.99837327003479,False
0.1,B0007,0.9976984262466431,False
0.2,B0007,0.9967706203460693,False
0.01,B0007,0.9993919730186462,False
0.02,B0007,0.9996805191040039,False
0.05,B0007,0.9992801547050476,False
0.1,B0007,0.9946558475494385,False
0.2,B0007,0.9941308498382568,False
0.01,B0007,0.9994869828224182,False
0.02,B0007,0.9997381567955017,False
0.05,B0007,0.9993377327919006,False
0.1,B0007,0.9934800267219543,False
0.2,B0007,0.9935460090637207,False
0.01,B0007,0.999706506729126,False
0.02,B0007,0.9997727870941162,False
0.05,B0007,0.9997156262397766,False
0.1,B0007,0.99888676404953,False
0.2,B0007,0.9888335466384888,False
0.01,B0007,0.9994701743125916,False
0.02,B0007,0.9994772672653198,False
0.05,B0007,0.9988906383514404,False
0.1,B0007,0.9958546757698059,False
0.2,B0007,0.9726177453994751,True
0.01,B0007,0.9996740818023682,False
0.02,B0007,0.999582827091217,False
0.05,B0007,0.9988664388656616,False
0.1,B0007,0.997634768486023,False
0.2,B0007,0.9879348874092102,False
0.01,B0007,0.9997014999389648,False
0.02,B0007,0.9988956451416016,False
0.05,B0007,0.9994254112243652,False
0.1,B0007,0.9997333288192749,False
0.2,B0007,0.9991463422775269,False
0.01,B0007,0.9996307492256165,False
0.02,B0007,0.9994902610778809,False
0.05,B0007,0.9985760450363159,False
0.1,B0007,0.9953883290290833,False
0.2,B0007,0.9822467565536499,False
0.01,B0007,0.9995055198669434,False
0.02,B0007,0.9990295171737671,False
0.05,B0007,0.9983303546905518,False
0.1,B0007,0.9969009160995483,False
0.2,B0007,0.9899485111236572,False
0.01,B0007,0.9995042681694031,False
0.02,B0007,0.9994222521781921,False
0.05,B0007,0.9986842274665833,False
0.1,B0007,0.996575117111206,False
0.2,B0007,0.9898301959037781,False
0.01,B0007,0.9996211528778076,False
0.02,B0007,0.9995520114898682,False
0.05,B0007,0.9995244145393372,False
0.1,B0007,0.9991686344146729,False
0.2,B0007,0.9989763498306274,False
0.01,B0007,0.9993453621864319,False
0.02,B0007,0.999265193939209,False
0.05,B0007,0.9980297088623047,False
0.1,B0007,0.9956291913986206,False
0.2,B0007,0.9520814418792725,True
0.01,B0007,0.9994078874588013,False
0.02,B0007,0.9994763135910034,False
0.05,B0007,0.9976018667221069,False
0.1,B0007,0.9973433017730713,False
0.2,B0007,0.9897493124008179,False
0.01,B0007,0.9992582201957703,False
0.02,B0007,0.998939573764801,False
0.05,B0007,0.9984901547431946,False
0.1,B0007,0.9942712783813477,False
0.2,B0007,0.9554155468940735,True
0.01,B0007,0.999405026435852,False
0.02,B0007,0.9989784955978394,False
0.05,B0007,0.9986753463745117,False
0.1,B0007,0.9969623684883118,False
0.2,B0007,0.9895725846290588,False
0.01,B0007,0.9993138313293457,False
0.02,B0007,0.999695897102356,False
0.05,B0007,0.9979151487350464,False
0.1,B0007,0.9869028925895691,False
0.2,B0007,0.9694950580596924,True
0.01,B0007,0.9995445609092712,False
0.02,B0007,0.9994415044784546,False
0.05,B0007,0.9983104467391968,False
0.1,B0007,0.9967964291572571,False
0.2,B0007,0.9891161918640137,False
0.01,B0007,0.9990896582603455,False
0.02,B0007,0.9990300536155701,False
0.05,B0007,0.9973732233047485,False
0.1,B0007,0.9966501593589783,False
0.2,B0007,0.9856082201004028,False
0.01,B0007,0.9995742440223694,False
0.02,B0007,0.9995995759963989,False
0.05,B0007,0.9965028166770935,False
0.1,B0007,0.9995831847190857,False
0.2,B0007,0.9993966817855835,False
0.01,B0007,0.9994245767593384,False
0.02,B0007,0.9993773698806763,False
0.05,B0007,0.9979441165924072,False
0.1,B0007,0.9960872530937195,False
0.2,B0007,0.9879000782966614,False
0.01,B0007,0.9994593262672424,False
0.02,B0007,0.9991568922996521,False
0.05,B0007,0.9975358247756958,False
0.1,B0007,0.9954169988632202,False
0.2,B0007,0.9696840643882751,True
0.01,B0007,0.9991968870162964,False
0.02,B0007,0.998816728591919,False
0.05,B0007,0.9977536201477051,False
0.1,B0007,0.9972785711288452,False
0.2,B0007,0.9801685810089111,True
0.01,B0007,0.9994985461235046,False
0.02,B0007,0.9995027184486389,False
0.05,B0007,0.9996800422668457,False
0.1,B0007,0.9980519413948059,False
0.2,B0007,0.9978869557380676,False
0.01,B0007,0.9990736842155457,False
0.02,B0007,0.9990528225898743,False
0.05,B0007,0.9980970025062561,False
0.1,B0007,0.9973067045211792,False
0.2,B0007,0.9838151931762695,False
0.01,B0007,0.9992518424987793,False
0.02,B0007,0.9990662336349487,False
0.05,B0007,0.9983741044998169,False
0.1,B0007,0.995445966720581,False
0.2,B0007,0.9873456358909607,False
0.01,B0007,0.999299943447113,False
0.02,B0007,0.9991661310195923,False
0.05,B0007,0.9983607530593872,False
0.1,B0007,0.9962881803512573,False
0.2,B0007,0.9897738099098206,False
0.01,B0007,0.9989891052246094,False
0.02,B0007,0.9986457824707031,False
0.05,B0007,0.9966212511062622,False
0.1,B0007,0.9940949082374573,False
0.2,B0007,0.9926226735115051,False
0.01,B0007,0.9986509084701538,False
0.02,B0007,0.998885989189148,False
0.05,B0007,0.9991783499717712,False
0.1,B0007,0.9981178641319275,False
0.2,B0007,0.9972583055496216,False
0.01,B0007,0.9988433122634888,False
0.02,B0007,0.9986258745193481,False
0.05,B0007,0.9976268410682678,False
0.1,B0007,0.9951692819595337,False
0.2,B0007,0.9885282516479492,False
0.01,B0007,0.9989815950393677,False
0.02,B0007,0.9989131689071655,False
0.05,B0007,0.9992718696594238,False
0.1,B0007,0.9968084096908569,False
0.2,B0007,0.9881505370140076,False
0.01,B0007,0.9988369345664978,False
0.02,B0007,0.9990557432174683,False
0.05,B0007,0.9966758489608765,False
0.1,B0007,0.9971556663513184,False
0.2,B0007,0.991204023361206,False
0.01,B0007,0.998707115650177,False
0.02,B0007,0.9983389377593994,False
0.05,B0007,0.9979262351989746,False
0.1,B0007,0.9941885471343994,False
0.2,B0007,0.9859177470207214,False
0.01,B0007,0.9995912909507751,False
0.02,B0007,0.9995821714401245,False
0.05,B0007,0.999598503112793,False
0.1,B0007,0.9995847940444946,False
0.2,B0007,0.9996016025543213,False
0.01,B0007,0.9992673397064209,False
0.02,B0007,0.999087393283844,False
0.05,B0007,0.9978083372116089,False
0.1,B0007,0.9960108995437622,False
0.2,B0007,0.9911858439445496,False
0.01,B0007,0.9992727637290955,False
0.02,B0007,0.9986132383346558,False
0.05,B0007,0.9983909130096436,False
0.1,B0007,0.9962493181228638,False
0.2,B0007,0.9887006282806396,False
0.01,B0007,0.9992222189903259,False
0.02,B0007,0.9989866614341736,False
0.05,B0007,0.9993496537208557,False
0.1,B0007,0.9994384050369263,False
0.2,B0007,0.9986872673034668,False
0.01,B0007,0.9991255402565002,False
0.02,B0007,0.9991098046302795,False
0.05,B0007,0.9958406686782837,False
0.1,B0007,0.9991176724433899,False
0.2,B0007,0.9991331100463867,False
0.01,B0007,0.998425304889679,False
0.02,B0007,0.9981088638305664,False
0.05,B0007,0.9970733523368835,False
0.1,B0007,0.9918489456176758,False
0.2,B0007,0.9901868104934692,False
0.01,B0007,0.9988048672676086,False
0.02,B0007,0.9976893663406372,False
0.05,B0007,0.9948364496231079,False
0.1,B0007,0.9962162375450134,False
0.2,B0007,0.9720245003700256,True
0.01,B0007,0.9983459115028381,False
0.02,B0007,0.9979851245880127,False
0.05,B0007,0.9947174191474915,False
0.1,B0007,0.9847991466522217,False
0.2,B0007,0.9693496227264404,True
0.01,B0007,0.9983416795730591,False
0.02,B0007,0.998555064201355,False
0.05,B0007,0.9977140426635742,False
0.1,B0007,0.994741678237915,False
0.2,B0007,0.9835055470466614,False
0.01,B0007,0.9990401864051819,False
0.02,B0007,0.9974141120910645,False
0.05,B0007,0.9983216524124146,False
0.1,B0007,0.996020495891571,False
0.2,B0007,0.9849154353141785,False
0.01,B0007,0.9989261627197266,False
0.02,B0007,0.9989846348762512,False
0.05,B0007,0.998920738697052,False
0.1,B0007,0.9989445209503174,False
0.2,B0007,0.998765766620636,False
0.01,B0007,0.9983670711517334,False
0.02,B0007,0.9985343813896179,False
0.05,B0007,0.9977301359176636,False
0.1,B0007,0.9948210120201111,False
0.2,B0007,0.9871970415115356,False
0.01,B0007,0.9985127449035645,False
0.02,B0007,0.9985295534133911,False
0.05,B0007,0.9974268674850464,False
0.1,B0007,0.9952269196510315,False
0.2,B0007,0.9888215661048889,False
0.01,B0007,0.998613715171814,False
0.02,B0007,0.9975346922874451,False
0.05,B0007,0.9974921941757202,False
0.1,B0007,0.9816570281982422,False
0.2,B0007,0.9722927808761597,True
0.01,B0007,0.9987591505050659,False
0.02,B0007,0.9987894296646118,False
0.05,B0007,0.998020350933075,False
0.1,B0007,0.9990651607513428,False
0.2,B0007,0.9988471269607544,False
0.01,B0007,0.9981347322463989,False
0.02,B0007,0.9968551993370056,False
0.05,B0007,0.995094358921051,False
0.1,B0007,0.9871017932891846,False
0.2,B0007,0.9940118193626404,False
0.01,B0007,0.9992070198059082,False
0.02,B0007,0.9988502860069275,False
0.05,B0007,0.9968656897544861,False
0.1,B0007,0.9957283139228821,False
0.2,B0007,0.9895586967468262,False
0.01,B0007,0.9992507100105286,False
0.02,B0007,0.9981686472892761,False
0.05,B0007,0.9957892894744873,False
0.1,B0007,0.9975408911705017,False
0.2,B0007,0.9933344125747681,False
0.01,B0025,0.9978011846542358,False
0.02,B0025,0.9979861974716187,False
0.05,B0025,0.9977716207504272,False
0.1,B0025,0.9912121295928955,False
0.2,B0025,0.9001604318618774,True
0.01,B0025,0.9983397126197815,False
0.02,B0025,0.9972115755081177,False
0.05,B0025,0.9974691867828369,False
0.1,B0025,0.9677811861038208,True
0.2,B0025,0.9435373544692993,True
0.01,B0025,0.9992469549179077,False
0.02,B0025,0.9987169504165649,False
0.05,B0025,0.9992179274559021,False
0.1,B0025,0.9803786277770996,True
0.2,B0025,0.9818087816238403,False
0.01,B0025,0.9982510805130005,False
0.02,B0025,0.9982119202613831,False
0.05,B0025,0.9973342418670654,False
0.1,B0025,0.9867726564407349,False
0.2,B0025,0.9315351247787476,True
0.01,B0025,0.9968448877334595,False
0.02,B0025,0.9971624612808228,False
0.05,B0025,0.9966017007827759,False
0.1,B0025,0.9604441523551941,True
0.2,B0025,0.9799869060516357,True
0.01,B0025,0.9927859306335449,False
0.02,B0025,0.9891449213027954,False
0.05,B0025,0.9929239153862,False
0.1,B0025,0.9733148813247681,True
0.2,B0025,0.9802796244621277,True
0.01,B0025,0.9920240640640259,False
0.02,B0025,0.9913051128387451,False
0.05,B0025,0.9927651882171631,False
0.1,B0025,0.9811010360717773,False
0.2,B0025,0.9885725378990173,False
0.01,B0025,0.9924712777137756,False
0.02,B0025,0.9930216670036316,False
0.05,B0025,0.9845015406608582,False
0.1,B0025,0.958952784538269,True
0.2,B0025,0.9161393642425537,True
0.01,B0025,0.9863086342811584,False
0.02,B0025,0.988600492477417,False
0.05,B0025,0.9741204380989075,True
0.1,B0025,0.9319106936454773,True
0.2,B0025,0.8717895746231079,True
0.01,B0025,0.9871442317962646,False
0.02,B0025,0.9878624081611633,False
0.05,B0025,0.9856787323951721,False
0.1,B0025,0.9740987420082092,True
0.2,B0025,0.9298322200775146,True
0.01,B0025,0.9845776557922363,False
0.02,B0025,0.9846217036247253,False
0.05,B0025,0.9849609136581421,False
0.1,B0025,0.9782851934432983,True
0.2,B0025,0.968353271484375,True
0.01,B0025,0.9768338799476624,True
0.02,B0025,0.9773619771003723,True
0.05,B0025,0.9770020246505737,True
0.1,B0025,0.9408426284790039,True
0.2,B0025,0.9305605292320251,True
0.01,B0025,0.9658600091934204,True
0.02,B0025,0.9668827056884766,True
0.05,B0025,0.9670220613479614,True
0.1,B0025,0.9805037975311279,True
0.2,B0025,0.9617977142333984,True
0.01,B0025,0.9164997935295105,True
0.02,B0025,0.9318198561668396,True
0.05,B0025,0.9354106187820435,True
0.1,B0025,0.8566825985908508,True
0.2,B0025,0.7866960763931274,True
0.01,B0025,0.9762223362922668,True
0.02,B0025,0.9747584462165833,True
0.05,B0025,0.9635166525840759,True
0.1,B0025,0.9769710302352905,True
0.2,B0025,0.9314388036727905,True
0.01,B0025,0.9785871505737305,True
0.02,B0025,0.9754335880279541,True
0.05,B0025,0.9774879813194275,True
0.1,B0025,0.9304896593093872,True
0.2,B0025,0.9023085832595825,True
0.01,B0025,0.994184136390686,False
0.02,B0025,0.993139386177063,False
0.05,B0025,0.9893588423728943,False
0.1,B0025,0.9906637072563171,False
0.2,B0025,0.9261080026626587,True
0.01,B0025,0.9938457012176514,False
0.02,B0025,0.9940688014030457,False
0.05,B0025,0.9921266436576843,False
0.1,B0025,0.9932830333709717,False
0.2,B0025,0.9274186491966248,True
0.01,B0025,0.9900531768798828,False
0.02,B0025,0.9877389669418335,False
0.05,B0025,0.9876791834831238,False
0.1,B0025,0.9908260107040405,False
0.2,B0025,0.9481666684150696,True
0.01,B0025,0.9930505156517029,False
0.02,B0025,0.9928810596466064,False
0.05,B0025,0.9912630319595337,False
0.1,B0025,0.9890719652175903,False
0.2,B0025,0.9104959964752197,True
0.01,B0025,0.9924350380897522,False
0.02,B0025,0.9915744662284851,False
0.05,B0025,0.9908879995346069,False
0.1,B0025,0.9869821667671204,False
0.2,B0025,0.98151695728302,False
0.01,B0025,0.9901309013366699,False
0.02,B0025,0.9847103357315063,False
0.05,B0025,0.9912505149841309,False
0.1,B0025,0.9936814308166504,False
0.2,B0025,0.9782471656799316,True
0.01,B0025,0.9879563450813293,False
0.02,B0025,0.9824470281600952,False
0.05,B0025,0.964501142501831,True
0.1,B0025,0.9364655017852783,True
0.2,B0025,0.9715539216995239,True
0.01,B0025,0.9933153390884399,False
0.02,B0025,0.9940245151519775,False
0.05,B0025,0.9918879270553589,False
0.1,B0025,0.9837987422943115,False
0.2,B0025,0.948214590549469,True
0.01,B0025,0.9968435168266296,False
0.02,B0025,0.9956917762756348,False
0.05,B0025,0.9754929542541504,True
0.1,B0025,0.9619402289390564,True
0.2,B0025,0.9757204651832581,True
0.01,B0025,0.9984163045883179,False
0.02,B0025,0.998333752155304,False
0.05,B0025,0.9813981652259827,False
0.1,B0025,0.9694178104400635,True
0.2,B0025,0.9638521671295166,True
0.01,B0025,0.9975014328956604,False
0.02,B0025,0.9951601624488831,False
0.05,B0025,0.9952673316001892,False
0.1,B0025,0.9907138347625732,False
0.2,B0025,0.9395155906677246,True
0.01,B0025,0.9967527985572815,False
0.02,B0025,0.9966563582420349,False
0.05,B0025,0.9967604279518127,False
0.1,B0025,0.9927843809127808,False
0.2,B0025,0.9883973002433777,False
0.01,B0029,0.9983131885528564,False
0.02,B0029,0.9983530044555664,False
0.05,B0029,0.996846079826355,False
0.1,B0029,0.9940034747123718,False
0.2,B0029,0.9794915318489075,True
0.01,B0029,0.9998744130134583,False
0.02,B0029,0.999738335609436,False
0.05,B0029,0.998509407043457,False
0.1,B0029,0.9957980513572693,False
0.2,B0029,0.9848297238349915,False
0.01,B0029,0.9996034502983093,False
0.02,B0029,0.9989578723907471,False
0.05,B0029,0.9988042116165161,False
0.1,B0029,0.9987931251525879,False
0.2,B0029,0.9844055771827698,False
0.01,B0029,0.9997971653938293,False
0.02,B0029,0.9990203380584717,False
0.05,B0029,0.9983270168304443,False
0.1,B0029,0.9935073256492615,False
0.2,B0029,0.9751259088516235,True
0.01,B0029,0.9997113943099976,False
0.02,B0029,0.9993475079536438,False
0.05,B0029,0.9976266622543335,False
0.1,B0029,0.9932123422622681,False
0.2,B0029,0.9801307916641235,True
0.01,B0029,0.9991880059242249,False
0.02,B0029,0.9994034767150879,False
0.05,B0029,0.9964472055435181,False
0.1,B0029,0.9936078190803528,False
0.2,B0029,0.9765004515647888,True
0.01,B0029,0.999602198600769,False
0.02,B0029,0.999069333076477,False
0.05,B0029,0.9994413256645203,False
0.1,B0029,0.992944598197937,False
0.2,B0029,0.9705920219421387,True
0.01,B0029,0.9998338222503662,False
0.02,B0029,0.9997103214263916,False
0.05,B0029,0.9987077713012695,False
0.1,B0029,0.995391845703125,False
0.2,B0029,0.9787654876708984,True
0.01,B0029,0.9996281862258911,False
0.02,B0029,0.9994454383850098,False
0.05,B0029,0.9976603984832764,False
0.1,B0029,0.993561863899231,False
0.2,B0029,0.9773219227790833,True
0.01,B0029,0.9995754361152649,False
0.02,B0029,0.9996055364608765,False
0.05,B0029,0.9974842071533203,False
0.1,B0029,0.9990464448928833,False
0.2,B0029,0.96527099609375,True
0.01,B0029,0.9993925094604492,False
0.02,B0029,0.9997789263725281,False
0.05,B0029,0.9977067708969116,False
0.1,B0029,0.9930412769317627,False
0.2,B0029,0.9910695552825928,False
0.01,B0029,0.999539315700531,False
0.02,B0029,0.9989259243011475,False
0.05,B0029,0.997208833694458,False
0.1,B0029,0.9964475035667419,False
0.2,B0029,0.9516171216964722,True
0.01,B0029,0.9998844265937805,False
0.02,B0029,0.9997363090515137,False
0.05,B0029,0.9982857704162598,False
0.1,B0029,0.9962138533592224,False
0.2,B0029,0.9868727922439575,False
0.01,B0029,0.9999213218688965,False
0.02,B0029,0.9995502233505249,False
0.05,B0029,0.9992327690124512,False
0.1,B0029,0.9960122108459473,False
0.2,B0029,0.9964047074317932,False
0.01,B0029,0.9995974898338318,False
0.02,B0029,0.9990497827529907,False
0.05,B0029,0.9991634488105774,False
0.1,B0029,0.9991430640220642,False
0.2,B0029,0.9900565147399902,False
0.01,B0029,0.9996671676635742,False
0.02,B0029,0.9994851350784302,False
0.05,B0029,0.9985208511352539,False
0.1,B0029,0.9950321912765503,False
0.2,B0029,0.9823275804519653,False
0.01,B0029,0.9998133778572083,False
0.02,B0029,0.9987550973892212,False
0.05,B0029,0.9966167211532593,False
0.1,B0029,0.9940603375434875,False
0.2,B0029,0.9822983741760254,False
0.01,B0029,0.9998549222946167,False
0.02,B0029,0.9994763135910034,False
0.05,B0029,0.9965808391571045,False
0.1,B0029,0.9931952953338623,False
0.2,B0029,0.984808623790741,False
0.01,B0029,0.999713659286499,False
0.02,B0029,0.9989709854125977,False
0.05,B0029,0.996909499168396,False
0.1,B0029,0.9931783080101013,False
0.2,B0029,0.9792335033416748,True
0.01,B0029,0.9997125267982483,False
0.02,B0029,0.9994953274726868,False
0.05,B0029,0.9970560669898987,False
0.1,B0029,0.9941126108169556,False
0.2,B0029,0.9796721339225769,True
0.01,B0029,0.9996731281280518,False
0.02,B0029,0.9989837408065796,False
0.05,B0029,0.9974639415740967,False
0.1,B0029,0.9946696162223816,False
0.2,B0029,0.9798117876052856,True
0.01,B0029,0.9997336268424988,False
0.02,B0029,0.9989198446273804,False
0.05,B0029,0.99866783618927,False
0.1,B0029,0.9972103834152222,False
0.2,B0029,0.9684126973152161,True
0.01,B0029,0.9997516870498657,False
0.02,B0029,0.99908447265625,False
0.05,B0029,0.9966519474983215,False
0.1,B0029,0.9939982891082764,False
0.2,B0029,0.9785303473472595,True
0.01,B0029,0.9994317293167114,False
0.02,B0029,0.9988453984260559,False
0.05,B0029,0.9985281229019165,False
0.1,B0029,0.9947453141212463,False
0.2,B0029,0.9820382595062256,False
0.01,B0029,0.9996951222419739,False
0.02,B0029,0.9988794326782227,False
0.05,B0029,0.9960809350013733,False
0.1,B0029,0.9943116903305054,False
0.2,B0029,0.9748408794403076,True
0.01,B0029,0.9997837543487549,False
0.02,B0029,0.9995599985122681,False
0.05,B0029,0.9983731508255005,False
0.1,B0029,0.9967539310455322,False
0.2,B0029,0.9834717512130737,False
0.01,B0029,0.9996882677078247,False
0.02,B0029,0.998519778251648,False
0.05,B0029,0.996527910232544,False
0.1,B0029,0.9963797330856323,False
0.2,B0029,0.9773068428039551,True
0.01,B0029,0.9994608163833618,False
0.02,B0029,0.9998379349708557,False
0.05,B0029,0.9994213581085205,False
0.1,B0029,0.9939911961555481,False
0.2,B0029,0.9880086183547974,False
0.01,B0029,0.9998152852058411,False
0.02,B0029,0.9994871020317078,False
0.05,B0029,0.9977715611457825,False
0.1,B0029,0.992863118648529,False
0.2,B0029,0.974703311920166,True
0.01,B0029,0.9995172023773193,False
0.02,B0029,0.9989575743675232,False
0.05,B0029,0.9966722726821899,False
0.1,B0029,0.9926098585128784,False
0.2,B0029,0.9651778936386108,True
0.01,B0029,0.9997066259384155,False
0.02,B0029,0.9996361136436462,False
0.05,B0029,0.9993042945861816,False
0.1,B0029,0.9949177503585815,False
0.2,B0029,0.9893348813056946,False
0.01,B0029,0.999553918838501,False
0.02,B0029,0.9993736743927002,False
0.05,B0029,0.9983099699020386,False
0.1,B0029,0.9959096312522888,False
0.2,B0029,0.9808782339096069,True
0.01,B0029,0.999699056148529,False
0.02,B0029,0.9984593987464905,False
0.05,B0029,0.9962650537490845,False
0.1,B0029,0.9916630983352661,False
0.2,B0029,0.9969944357872009,False
0.01,B0029,0.9995216727256775,False
0.02,B0029,0.998805820941925,False
0.05,B0029,0.9972608089447021,False
0.1,B0029,0.9959941506385803,False
0.2,B0029,0.9799010753631592,True
0.01,B0029,0.9995838403701782,False
0.02,B0029,0.9993754625320435,False
0.05,B0029,0.9983817338943481,False
0.1,B0029,0.995215654373169,False
0.2,B0029,0.9884557127952576,False
0.01,B0029,0.9991869926452637,False
0.02,B0029,0.9993512630462646,False
0.05,B0029,0.9976533651351929,False
0.1,B0029,0.9976644515991211,False
0.2,B0029,0.9878643751144409,False
0.01,B0029,0.9992900490760803,False
0.02,B0029,0.9979177713394165,False
0.05,B0029,0.9947733879089355,False
0.1,B0029,0.9992768168449402,False
0.2,B0029,0.9741295576095581,True
0.01,B0029,0.9995711445808411,False
0.02,B0029,0.9993230104446411,False
0.05,B0029,0.9956135749816895,False
0.1,B0029,0.9962755441665649,False
0.2,B0029,0.9895285367965698,False
0.01,B0029,0.9992120265960693,False
0.02,B0029,0.9983693957328796,False
0.05,B0029,0.9994953870773315,False
0.1,B0029,0.992501974105835,False
0.2,B0029,0.9420332908630371,True
0.01,B0029,0.9994453191757202,False
0.02,B0029,0.9989781379699707,False
0.05,B0029,0.9976274371147156,False
0.1,B0029,0.9924281239509583,False
0.2,B0029,0.9772652387619019,True
0.01,B0034,0.9944983124732971,False
0.02,B0034,0.994365930557251,False
0.05,B0034,0.9924642443656921,False
0.1,B0034,0.9909219741821289,False
0.2,B0034,0.9807690382003784,True
0.01,B0034,0.9974467754364014,False
0.02,B0034,0.9984928369522095,False
0.05,B0034,0.976858377456665,True
0.1,B0034,0.9919888973236084,False
0.2,B0034,0.9696863889694214,True
0.01,B0034,0.9994903802871704,False
0.02,B0034,0.9972482323646545,False
0.05,B0034,0.9942012429237366,False
0.1,B0034,0.9961568117141724,False
0.2,B0034,0.9263721704483032,True
0.01,B0034,0.9988729953765869,False
0.02,B0034,0.998923122882843,False
0.05,B0034,0.9977851510047913,False
0.1,B0034,0.9692661762237549,True
0.2,B0034,0.9719417095184326,True
0.01,B0034,0.9990558624267578,False
0.02,B0034,0.9986746907234192,False
0.05,B0034,0.9859451055526733,False
0.1,B0034,0.9894288778305054,False
0.2,B0034,0.8693791627883911,True
0.01,B0034,0.9973739981651306,False
0.02,B0034,0.9935588836669922,False
0.05,B0034,0.9853305816650391,False
0.1,B0034,0.969832718372345,True
0.2,B0034,0.9668139219284058,True
0.01,B0034,0.9966443777084351,False
0.02,B0034,0.9969298839569092,False
0.05,B0034,0.9940109848976135,False
0.1,B0034,0.9942600727081299,False
0.2,B0034,0.8598843216896057,True
0.01,B0034,0.9968643188476562,False
0.02,B0034,0.9958916902542114,False
0.05,B0034,0.9955371618270874,False
0.1,B0034,0.9704400897026062,True
0.2,B0034,0.9585447907447815,True
0.01,B0034,0.9968075156211853,False
0.02,B0034,0.9970037937164307,False
0.05,B0034,0.9930055141448975,False
0.1,B0034,0.9587822556495667,True
0.2,B0034,0.9042168259620667,True
0.01,B0034,0.9963005781173706,False
0.02,B0034,0.9965741634368896,False
0.05,B0034,0.9898964762687683,False
0.1,B0034,0.9833149313926697,False
0.2,B0034,0.8896406292915344,True
0.01,B0034,0.9963325262069702,False
0.02,B0034,0.9965857863426208,False
0.05,B0034,0.9934249520301819,False
0.1,B0034,0.9886142015457153,False
0.2,B0034,0.9699346423149109,True
0.01,B0034,0.9972223043441772,False
0.02,B0034,0.990668535232544,False
0.05,B0034,0.9927080869674683,False
0.1,B0034,0.9889362454414368,False
0.2,B0034,0.9694667458534241,True
0.01,B0034,0.9973089098930359,False
0.02,B0034,0.9906114339828491,False
0.05,B0034,0.9862231612205505,False
0.1,B0034,0.9879578948020935,False
0.2,B0034,0.8753290176391602,True
0.01,B0034,0.9963908195495605,False
0.02,B0034,0.9953546524047852,False
0.05,B0034,0.9772357940673828,True
0.1,B0034,0.9698225259780884,True
0.2,B0034,0.9323979616165161,True
0.01,B0034,0.9951124787330627,False
0.02,B0034,0.9953494071960449,False
0.05,B0034,0.9936789274215698,False
0.1,B0034,0.9907159805297852,False
0.2,B0034,0.9491835832595825,True
0.01,B0034,0.9964746832847595,False
0.02,B0034,0.9943583011627197,False
0.05,B0034,0.9950811862945557,False
0.1,B0034,0.9824717044830322,False
0.2,B0034,0.9725393056869507,True
0.01,B0034,0.9967353343963623,False
0.02,B0034,0.9964392185211182,False
0.05,B0034,0.9840860366821289,False
0.1,B0034,0.9896561503410339,False
0.2,B0034,0.9103040099143982,True
0.01,B0034,0.9967865943908691,False
0.02,B0034,0.9967901110649109,False
0.05,B0034,0.992893636226654,False
0.1,B0034,0.965716540813446,True
0.2,B0034,0.9587410092353821,True
0.01,B0034,0.9962801933288574,False
0.02,B0034,0.9956021308898926,False
0.05,B0034,0.995524525642395,False
0.1,B0034,0.9864274263381958,False
0.2,B0034,0.9701210856437683,True
0.01,B0034,0.9958268404006958,False
0.02,B0034,0.9961162805557251,False
0.05,B0034,0.9749383926391602,True
0.1,B0034,0.9698790311813354,True
0.2,B0034,0.9358113408088684,True
0.01,B0034,0.996666431427002,False
0.02,B0034,0.9961961507797241,False
0.05,B0034,0.9948714971542358,False
0.1,B0034,0.9963600635528564,False
0.2,B0034,0.9079771041870117,True
0.01,B0034,0.999052882194519,False
0.02,B0034,0.9992300868034363,False
0.05,B0034,0.9916425943374634,False
0.1,B0034,0.99153071641922,False
0.2,B0034,0.947687029838562,True
0.01,B0034,0.9978194236755371,False
0.02,B0034,0.9965201616287231,False
0.05,B0034,0.9951012134552002,False
0.1,B0034,0.9690083265304565,True
0.2,B0034,0.9722701907157898,True
0.01,B0034,0.9975741505622864,False
0.02,B0034,0.9977355003356934,False
0.05,B0034,0.99800705909729,False
0.1,B0034,0.9910128712654114,False
0.2,B0034,0.9099213480949402,True
0.01,B0034,0.9962282180786133,False
0.02,B0034,0.9967467188835144,False
0.05,B0034,0.9935659170150757,False
0.1,B0034,0.9811998605728149,False
0.2,B0034,0.8828204274177551,True
0.01,B0034,0.9968328475952148,False
0.02,B0034,0.9969813227653503,False
0.05,B0034,0.9941788911819458,False
0.1,B0034,0.9890323877334595,False
0.2,B0034,0.9183646440505981,True
0.01,B0034,0.9972727298736572,False
0.02,B0034,0.9957051873207092,False
0.05,B0034,0.99244624376297,False
0.1,B0034,0.9815889000892639,False
0.2,B0034,0.9117810130119324,True
0.01,B0034,0.9979547262191772,False
0.02,B0034,0.9971210956573486,False
0.05,B0034,0.9964892864227295,False
0.1,B0034,0.9793843030929565,True
0.2,B0034,0.9730139970779419,True
0.01,B0034,0.9969485998153687,False
0.02,B0034,0.9963412284851074,False
0.05,B0034,0.997066855430603,False
0.1,B0034,0.9909725785255432,False
0.2,B0034,0.9446327090263367,True
0.01,B0034,0.9961825609207153,False
0.02,B0034,0.995620608329773,False
0.05,B0034,0.9951767921447754,False
0.1,B0034,0.9810540676116943,False
0.2,B0034,0.9591382741928101,True
0.01,B0034,0.9962045550346375,False
0.02,B0034,0.9952865839004517,False
0.05,B0034,0.9958049654960632,False
0.1,B0034,0.985174298286438,False
0.2,B0034,0.964836597442627,True
0.01,B0034,0.9955829381942749,False
0.02,B0034,0.9946795105934143,False
0.05,B0034,0.9953988790512085,False
0.1,B0034,0.9868069291114807,False
0.2,B0034,0.8827992677688599,True
0.01,B0034,0.9964005947113037,False
0.02,B0034,0.9949613213539124,False
0.05,B0034,0.991277277469635,False
0.1,B0034,0.9686630964279175,True
0.2,B0034,0.9179143905639648,True
0.01,B0034,0.9969534873962402,False
0.02,B0034,0.9942848682403564,False
0.05,B0034,0.9910775423049927,False
0.1,B0034,0.9766709804534912,True
0.2,B0034,0.9401034116744995,True
0.01,B0034,0.9953538775444031,False
0.02,B0034,0.9955171942710876,False
0.05,B0034,0.992250382900238,False
0.1,B0034,0.9507849812507629,True
0.2,B0034,0.890825092792511,True
0.01,B0034,0.9960002303123474,False
0.02,B0034,0.9947419166564941,False
0.05,B0034,0.9921559691429138,False
0.1,B0034,0.9893957376480103,False
0.2,B0034,0.945056676864624,True
0.01,B0034,0.9954382181167603,False
0.02,B0034,0.9948007464408875,False
0.05,B0034,0.9911181926727295,False
0.1,B0034,0.9843932390213013,False
0.2,B0034,0.9213762283325195,True
0.01,B0034,0.995431125164032,False
0.02,B0034,0.9973958134651184,False
0.05,B0034,0.9930157661437988,False
0.1,B0034,0.9916088581085205,False
0.2,B0034,0.9433709383010864,True
0.01,B0034,0.9953385591506958,False
0.02,B0034,0.9934335947036743,False
0.05,B0034,0.9954954981803894,False
0.1,B0034,0.9900623559951782,False
0.2,B0034,0.9718548059463501,True
0.01,B0034,0.9970583915710449,False
0.02,B0034,0.9977548122406006,False
0.05,B0034,0.9950742721557617,False
0.1,B0034,0.9943469762802124,False
0.2,B0034,0.9875600337982178,False
0.01,B0034,0.996788501739502,False
0.02,B0034,0.9961874485015869,False
0.05,B0034,0.995230495929718,False
0.1,B0034,0.9831691384315491,False
0.2,B0034,0.9362499117851257,True
0.01,B0034,0.996471107006073,False
0.02,B0034,0.9954013824462891,False
0.05,B0034,0.9911898970603943,False
0.1,B0034,0.9542640447616577,True
0.2,B0034,0.8728646636009216,True
0.01,B0034,0.9987162351608276,False
0.02,B0034,0.9986895322799683,False
0.05,B0034,0.9928901791572571,False
0.1,B0034,0.9770675301551819,True
0.2,B0034,0.9629760384559631,True
0.01,B0034,0.996065616607666,False
0.02,B0034,0.9949841499328613,False
0.05,B0034,0.9956170320510864,False
0.1,B0034,0.9911441802978516,False
0.2,B0034,0.9824352264404297,False
0.01,B0034,0.9965856075286865,False
0.02,B0034,0.9978981614112854,False
0.05,B0034,0.9950417280197144,False
0.1,B0034,0.9804920554161072,True
0.2,B0034,0.951484203338623,True
0.01,B0034,0.9851859211921692,False
0.02,B0034,0.9842849969863892,False
0.05,B0034,0.9931604862213135,False
0.1,B0034,0.9907165765762329,False
0.2,B0034,0.9773184061050415,True
0.01,B0034,0.99847811460495,False
0.02,B0034,0.9992559552192688,False
0.05,B0034,0.99742591381073,False
0.1,B0034,0.9945862293243408,False
0.2,B0034,0.9688303470611572,True
0.01,B0034,0.9983956217765808,False
0.02,B0034,0.9971463084220886,False
0.05,B0034,0.9904336929321289,False
0.1,B0034,0.9664424061775208,True
0.2,B0034,0.8877793550491333,True
0.01,B0034,0.9972214698791504,False
0.02,B0034,0.9967416524887085,False
0.05,B0034,0.9945709705352783,False
0.1,B0034,0.9901574850082397,False
0.2,B0034,0.9137489795684814,True
0.01,B0034,0.9968785047531128,False
0.02,B0034,0.9964498281478882,False
0.05,B0034,0.9909751415252686,False
0.1,B0034,0.9890906810760498,False
0.2,B0034,0.9595364332199097,True
0.01,B0034,0.9942232370376587,False
0.02,B0034,0.996627688407898,False
0.05,B0034,0.9955704212188721,False
0.1,B0034,0.9901540875434875,False
0.2,B0034,0.9601192474365234,True
0.01,B0034,0.9966377019882202,False
0.02,B0034,0.9980708360671997,False
0.05,B0034,0.9941338896751404,False
0.1,B0034,0.9811673760414124,False
0.2,B0034,0.9608774781227112,True
0.01,B0034,0.9952993988990784,False
0.02,B0034,0.9955158233642578,False
0.05,B0034,0.9925724267959595,False
0.1,B0034,0.9893442988395691,False
0.2,B0034,0.9933006763458252,False
0.01,B0034,0.9959989786148071,False
0.02,B0034,0.9952988624572754,False
0.05,B0034,0.9913774728775024,False
0.1,B0034,0.9897179007530212,False
0.2,B0034,0.9207292795181274,True
0.01,B0034,0.9969228506088257,False
0.02,B0034,0.9956493377685547,False
0.05,B0034,0.993484616279602,False
0.1,B0034,0.9889801144599915,False
0.2,B0034,0.9348611831665039,True
0.01,B0034,0.9953514933586121,False
0.02,B0034,0.9976187944412231,False
0.05,B0034,0.9945170283317566,False
0.1,B0034,0.9806655049324036,True
0.2,B0034,0.9562244415283203,True
0.01,B0034,0.9931946992874146,False
0.02,B0034,0.9920556545257568,False
0.05,B0034,0.9979513883590698,False
0.1,B0034,0.9859789609909058,False
0.2,B0034,0.9674185514450073,True
0.01,B0034,0.9966402649879456,False
0.02,B0034,0.9972279667854309,False
0.05,B0034,0.995680034160614,False
0.1,B0034,0.9887065291404724,False
0.2,B0034,0.9639644622802734,True
0.01,B0034,0.9963832497596741,False
0.02,B0034,0.997130274772644,False
0.05,B0034,0.9944751858711243,False
0.1,B0034,0.9864909648895264,False
0.2,B0034,0.9443010091781616,True
0.01,B0034,0.9958537220954895,False
0.02,B0034,0.9968210458755493,False
0.05,B0034,0.9932955503463745,False
0.1,B0034,0.9898874163627625,False
0.2,B0034,0.9614547491073608,True
0.01,B0034,0.9963998794555664,False
0.02,B0034,0.9951924681663513,False
0.05,B0034,0.9922689199447632,False
0.1,B0034,0.9878809452056885,False
0.2,B0034,0.8829277157783508,True
0.01,B0034,0.9936897158622742,False
0.02,B0034,0.9938242435455322,False
0.05,B0034,0.9886852502822876,False
0.1,B0034,0.9890471696853638,False
0.2,B0034,0.9690626859664917,True
0.01,B0034,0.9917999505996704,False
0.02,B0034,0.9886040091514587,False
0.05,B0034,0.996277928352356,False
0.1,B0034,0.9908125400543213,False
0.2,B0034,0.9712852835655212,True
0.01,B0034,0.9958032369613647,False
0.02,B0034,0.9970952272415161,False
0.05,B0034,0.9884917140007019,False
0.1,B0034,0.985660970211029,False
0.2,B0034,0.9300124049186707,True
0.01,B0034,0.9971960783004761,False
0.02,B0034,0.9943732023239136,False
0.05,B0034,0.9901037812232971,False
0.1,B0034,0.9680650234222412,True
0.2,B0034,0.9454026222229004,True
0.01,B0034,0.9944276809692383,False
0.02,B0034,0.9939583539962769,False
0.05,B0034,0.9949016571044922,False
0.1,B0034,0.9883146286010742,False
0.2,B0034,0.9625405073165894,True
0.01,B0034,0.997055172920227,False
0.02,B0034,0.9963968396186829,False
0.05,B0034,0.9976831674575806,False
0.1,B0034,0.9913678169250488,False
0.2,B0034,0.9833193421363831,False
0.01,B0034,0.991658091545105,False
0.02,B0034,0.9939738512039185,False
0.05,B0034,0.9905256628990173,False
0.1,B0034,0.9968993067741394,False
0.2,B0034,0.9385250806808472,True
0.01,B0034,0.9961262941360474,False
0.02,B0034,0.9953563213348389,False
0.05,B0034,0.9916054010391235,False
0.1,B0034,0.9883296489715576,False
0.2,B0034,0.9132041931152344,True
0.01,B0034,0.9970317482948303,False
0.02,B0034,0.998432993888855,False
0.05,B0034,0.9945104122161865,False
0.1,B0034,0.9891334176063538,False
0.2,B0034,0.912093460559845,True
0.01,B0034,0.9961203336715698,False
0.02,B0034,0.9966552257537842,False
0.05,B0034,0.9931334257125854,False
0.1,B0034,0.9888390898704529,False
0.2,B0034,0.9143991470336914,True
0.01,B0034,0.9956149458885193,False
0.02,B0034,0.9969741106033325,False
0.05,B0034,0.9944893717765808,False
0.1,B0034,0.9880521893501282,False
0.2,B0034,0.8904310464859009,True
0.01,B0034,0.9965905547142029,False
0.02,B0034,0.9968903064727783,False
0.05,B0034,0.9974854588508606,False
0.1,B0034,0.9926295876502991,False
0.2,B0034,0.9138034582138062,True
0.01,B0034,0.9929172992706299,False
0.02,B0034,0.9898334741592407,False
0.05,B0034,0.9974144697189331,False
0.1,B0034,0.9734421968460083,True
0.2,B0034,0.9424070119857788,True
0.01,B0034,0.9944604635238647,False
0.02,B0034,0.9955688714981079,False
0.05,B0034,0.9937857389450073,False
0.1,B0034,0.9900842905044556,False
0.2,B0034,0.9530625343322754,True
0.01,B0034,0.996795654296875,False
0.02,B0034,0.9947864413261414,False
0.05,B0034,0.9920674562454224,False
0.1,B0034,0.9732580780982971,True
0.2,B0034,0.9112420678138733,True
0.01,B0034,0.994216799736023,False
0.02,B0034,0.9941056966781616,False
0.05,B0034,0.9864099025726318,False
0.1,B0034,0.9603462219238281,True
0.2,B0034,0.8830002546310425,True
0.01,B0034,0.9949102997779846,False
0.02,B0034,0.9956943988800049,False
0.05,B0034,0.9921198487281799,False
0.1,B0034,0.9849108457565308,False
0.2,B0034,0.9029154777526855,True
0.01,B0034,0.9960160851478577,False
0.02,B0034,0.9940800666809082,False
0.05,B0034,0.9890015125274658,False
0.1,B0034,0.9772770404815674,True
0.2,B0034,0.9657695293426514,True
0.01,B0034,0.9950746297836304,False
0.02,B0034,0.9929749965667725,False
0.05,B0034,0.9967830181121826,False
0.1,B0034,0.9852132797241211,False
0.2,B0034,0.966055154800415,True
0.01,B0034,0.9955819845199585,False
0.02,B0034,0.9950733780860901,False
0.05,B0034,0.9953832626342773,False
0.1,B0034,0.9830030202865601,False
0.2,B0034,0.9338948726654053,True
0.01,B0034,0.9960312843322754,False
0.02,B0034,0.9960125088691711,False
0.05,B0034,0.9910165071487427,False
0.1,B0034,0.9854539036750793,False
0.2,B0034,0.8979840278625488,True
0.01,B0034,0.9958927631378174,False
0.02,B0034,0.9966782331466675,False
0.05,B0034,0.9915545582771301,False
0.1,B0034,0.9788324236869812,True
0.2,B0034,0.9386982321739197,True
0.01,B0034,0.9959245324134827,False
0.02,B0034,0.9947363138198853,False
0.05,B0034,0.9916613101959229,False
0.1,B0034,0.9881417155265808,False
0.2,B0034,0.967064380645752,True
0.01,B0034,0.9957689642906189,False
0.02,B0034,0.9963714480400085,False
0.05,B0034,0.994246780872345,False
0.1,B0034,0.9893862009048462,False
0.2,B0034,0.9696826934814453,True
0.01,B0034,0.9960166215896606,False
0.02,B0034,0.992786705493927,False
0.05,B0034,0.9959133863449097,False
0.1,B0034,0.9736263751983643,True
0.2,B0034,0.8943452835083008,True
0.01,B0034,0.9959026575088501,False
0.02,B0034,0.9941229820251465,False
0.05,B0034,0.993492841720581,False
0.1,B0034,0.9865617156028748,False
0.2,B0034,0.9370008707046509,True
0.01,B0034,0.9964659214019775,False
0.02,B0034,0.9947003126144409,False
0.05,B0034,0.9922637939453125,False
0.1,B0034,0.9879657030105591,False
0.2,B0034,0.932772696018219,True
0.01,B0034,0.9954086542129517,False
0.02,B0034,0.9959880113601685,False
0.05,B0034,0.9968850612640381,False
0.1,B0034,0.9793603420257568,True
0.2,B0034,0.9768176078796387,True
0.01,B0034,0.9934306740760803,False
0.02,B0034,0.9924044013023376,False
0.05,B0034,0.9899657964706421,False
0.1,B0034,0.9845685362815857,False
0.2,B0034,0.968672513961792,True
0.01,B0034,0.9932772517204285,False
0.02,B0034,0.9963891506195068,False
0.05,B0034,0.9960576295852661,False
0.1,B0034,0.9872809052467346,False
0.2,B0034,0.9228812456130981,True
0.01,B0034,0.9929591417312622,False
0.02,B0034,0.9886828660964966,False
0.05,B0034,0.9901081323623657,False
0.1,B0034,0.99283367395401,False
0.2,B0034,0.9542616605758667,True
0.01,B0034,0.9968461990356445,False
0.02,B0034,0.996190071105957,False
0.05,B0034,0.9898608326911926,False
0.1,B0034,0.9851535558700562,False
0.2,B0034,0.9435644745826721,True
0.01,B0034,0.9945335984230042,False
0.02,B0034,0.9961106777191162,False
0.05,B0034,0.9916132688522339,False
0.1,B0034,0.9567347168922424,True
0.2,B0034,0.9696736931800842,True
0.01,B0034,0.9949625730514526,False
0.02,B0034,0.995189905166626,False
0.05,B0034,0.9893094301223755,False
0.1,B0034,0.9819717407226562,False
0.2,B0034,0.9575788974761963,True
0.01,B0034,0.9953832626342773,False
0.02,B0034,0.995002031326294,False
0.05,B0034,0.9936343431472778,False
0.1,B0034,0.9803321957588196,True
0.2,B0034,0.9766367673873901,True
0.01,B0034,0.9941261410713196,False
0.02,B0034,0.9930510520935059,False
0.05,B0034,0.9932249784469604,False
0.1,B0034,0.992754340171814,False
0.2,B0034,0.9661980867385864,True
0.01,B0034,0.9957168102264404,False
0.02,B0034,0.9971344470977783,False
0.05,B0034,0.9967265725135803,False
0.1,B0034,0.9981679916381836,False
0.2,B0034,0.961054801940918,True
0.01,B0034,0.9955713152885437,False
0.02,B0034,0.992954671382904,False
0.05,B0034,0.9904711246490479,False
0.1,B0034,0.9746240377426147,True
0.2,B0034,0.9172993898391724,True
0.01,B0034,0.9956896901130676,False
0.02,B0034,0.9954355359077454,False
0.05,B0034,0.9875173568725586,False
0.1,B0034,0.9878599643707275,False
0.2,B0034,0.9488964080810547,True
0.01,B0034,0.9946864247322083,False
0.02,B0034,0.9946941137313843,False
0.05,B0034,0.992952823638916,False
0.1,B0034,0.9793824553489685,True
0.2,B0034,0.9100420475006104,True
0.01,B0034,0.9929856061935425,False
0.02,B0034,0.996532678604126,False
0.05,B0034,0.992479145526886,False
0.1,B0034,0.9823375940322876,False
0.2,B0034,0.9003008008003235,True
0.01,B0034,0.9917522668838501,False
0.02,B0034,0.9942007064819336,False
0.05,B0034,0.9913010597229004,False
0.1,B0034,0.9873150587081909,False
0.2,B0034,0.9425617456436157,True
0.01,B0034,0.9928168058395386,False
0.02,B0034,0.9972007274627686,False
0.05,B0034,0.992699384689331,False
0.1,B0034,0.9914674758911133,False
0.2,B0034,0.9652796983718872,True
0.01,B0034,0.9941760301589966,False
0.02,B0034,0.9951276779174805,False
0.05,B0034,0.9926969408988953,False
0.1,B0034,0.9822027683258057,False
0.2,B0034,0.9738816022872925,True
0.01,B0034,0.9958776235580444,False
0.02,B0034,0.9939125776290894,False
0.05,B0034,0.9956474900245667,False
0.1,B0034,0.9861988425254822,False
0.2,B0034,0.964505672454834,True
0.01,B0034,0.994189977645874,False
0.02,B0034,0.9929730296134949,False
0.05,B0034,0.9910373687744141,False
0.1,B0034,0.9840906858444214,False
0.2,B0034,0.9602023959159851,True
0.01,B0034,0.9935595393180847,False
0.02,B0034,0.9949707984924316,False
0.05,B0034,0.9919478297233582,False
0.1,B0034,0.9838259220123291,False
0.2,B0034,0.9893430471420288,False
0.01,B0034,0.9939656257629395,False
0.02,B0034,0.9901688098907471,False
0.05,B0034,0.9984079599380493,False
0.1,B0034,0.9930174350738525,False
0.2,B0034,0.9302569627761841,True
0.01,B0034,0.996431291103363,False
0.02,B0034,0.9910441637039185,False
0.05,B0034,0.9908239245414734,False
0.1,B0034,0.9776052236557007,True
0.2,B0034,0.9520255923271179,True
0.01,B0034,0.9947043061256409,False
0.02,B0034,0.9946600794792175,False
0.05,B0034,0.9922975301742554,False
0.1,B0034,0.9838770627975464,False
0.2,B0034,0.9857214689254761,False
0.01,B0034,0.9960874915122986,False
0.02,B0034,0.9953685998916626,False
0.05,B0034,0.991058886051178,False
0.1,B0034,0.9836283922195435,False
0.2,B0034,0.9537936449050903,True
0.01,B0034,0.9952353239059448,False
0.02,B0034,0.9935497045516968,False
0.05,B0034,0.992531418800354,False
0.1,B0034,0.9751261472702026,True
0.2,B0034,0.9986017942428589,False
0.01,B0034,0.9828888177871704,False
0.02,B0034,0.9858019351959229,False
0.05,B0034,0.9806569218635559,True
0.1,B0034,0.9777518510818481,True
0.2,B0034,0.9473510384559631,True
0.01,B0034,0.9947279691696167,False
0.02,B0034,0.9935638904571533,False
0.05,B0034,0.9941294193267822,False
0.1,B0034,0.9926488995552063,False
0.2,B0034,0.971447229385376,True
0.01,B0034,0.9968409538269043,False
0.02,B0034,0.9926321506500244,False
0.05,B0034,0.991667628288269,False
0.1,B0034,0.986423671245575,False
0.2,B0034,0.9142742156982422,True
0.01,B0034,0.9949397444725037,False
0.02,B0034,0.9940700531005859,False
0.05,B0034,0.9951854348182678,False
0.1,B0034,0.98224937915802,False
0.2,B0034,0.890824556350708,True
0.01,B0034,0.9948850870132446,False
0.02,B0034,0.994706392288208,False
0.05,B0034,0.9989306926727295,False
0.1,B0034,0.9753090143203735,True
0.2,B0034,0.9521781802177429,True
0.01,B0034,0.9943341016769409,False
0.02,B0034,0.9943928718566895,False
0.05,B0034,0.9926221966743469,False
0.1,B0034,0.9885281324386597,False
0.2,B0034,0.9632169008255005,True
0.01,B0034,0.9949672222137451,False
0.02,B0034,0.9952377080917358,False
0.05,B0034,0.9932458400726318,False
0.1,B0034,0.9886658191680908,False
0.2,B0034,0.9166810512542725,True
0.01,B0034,0.9958431124687195,False
0.02,B0034,0.9939438700675964,False
0.05,B0034,0.9940676689147949,False
0.1,B0034,0.9917165637016296,False
0.2,B0034,0.9526218175888062,True
0.01,B0034,0.9954595565795898,False
0.02,B0034,0.9952065944671631,False
0.05,B0034,0.9932574033737183,False
0.1,B0034,0.9863422513008118,False
0.2,B0034,0.9634880423545837,True
0.01,B0034,0.9950688481330872,False
0.02,B0034,0.9940917491912842,False
0.05,B0034,0.9927710890769958,False
0.1,B0034,0.9674758911132812,True
0.2,B0034,0.9146381616592407,True
0.01,B0034,0.9955780506134033,False
0.02,B0034,0.9948126673698425,False
0.05,B0034,0.9954513311386108,False
0.1,B0034,0.987834095954895,False
0.2,B0034,0.9303324222564697,True
0.01,B0034,0.9948607087135315,False
0.02,B0034,0.9962528347969055,False
0.05,B0034,0.9979621171951294,False
0.1,B0034,0.974335253238678,True
0.2,B0034,0.9976813793182373,False
0.01,B0034,0.9954243898391724,False
0.02,B0034,0.9973978996276855,False
0.05,B0034,0.987027645111084,False
0.1,B0034,0.9871047139167786,False
0.2,B0034,0.9621471166610718,True
0.01,B0034,0.9967495203018188,False
0.02,B0034,0.9972221851348877,False
0.05,B0034,0.9949644804000854,False
0.1,B0034,0.9904370903968811,False
0.2,B0034,0.992472767829895,False
0.01,B0034,0.9947612285614014,False
0.02,B0034,0.9971187710762024,False
0.05,B0034,0.9961674809455872,False
0.1,B0034,0.9785760641098022,True
0.2,B0034,0.9422351121902466,True
0.01,B0034,0.9951530694961548,False
0.02,B0034,0.9947265982627869,False
0.05,B0034,0.9938753843307495,False
0.1,B0034,0.9878350496292114,False
0.2,B0034,0.921454668045044,True
0.01,B0034,0.9918032884597778,False
0.02,B0034,0.9943432807922363,False
0.05,B0034,0.9949193000793457,False
0.1,B0034,0.9906967878341675,False
0.2,B0034,0.9742144346237183,True
0.01,B0034,0.9916439056396484,False
0.02,B0034,0.9931137561798096,False
0.05,B0034,0.9864049553871155,False
0.1,B0034,0.9820400476455688,False
0.2,B0034,0.9581528902053833,True
0.01,B0034,0.9914339780807495,False
0.02,B0034,0.9908706545829773,False
0.05,B0034,0.9968757629394531,False
0.1,B0034,0.9885789752006531,False
0.2,B0034,0.9705086946487427,True
0.01,B0034,0.9940130114555359,False
0.02,B0034,0.997002124786377,False
0.05,B0034,0.99176025390625,False
0.1,B0034,0.9872028827667236,False
0.2,B0034,0.9081403017044067,True
0.01,B0034,0.9944779872894287,False
0.02,B0034,0.9944323897361755,False
0.05,B0034,0.99324631690979,False
0.1,B0034,0.9948347806930542,False
0.2,B0034,0.9424140453338623,True
0.01,B0034,0.995048463344574,False
0.02,B0034,0.9943764805793762,False
0.05,B0034,0.9966656565666199,False
0.1,B0034,0.9895532727241516,False
0.2,B0034,0.9760115146636963,True
0.01,B0034,0.9901033639907837,False
0.02,B0034,0.9957205653190613,False
0.05,B0034,0.9873666763305664,False
0.1,B0034,0.9850302338600159,False
0.2,B0034,0.9734882712364197,True
0.01,B0034,0.9954174160957336,False
0.02,B0034,0.9927345514297485,False
0.05,B0034,0.9922203421592712,False
0.1,B0034,0.9891873598098755,False
0.2,B0034,0.974190354347229,True
0.01,B0034,0.9942668080329895,False
0.02,B0034,0.9958946704864502,False
0.05,B0034,0.9930312633514404,False
0.1,B0034,0.9820100665092468,False
0.2,B0034,0.9233692288398743,True
0.01,B0034,0.9947258234024048,False
0.02,B0034,0.9936814308166504,False
0.05,B0034,0.9979654550552368,False
0.1,B0034,0.9844706654548645,False
0.2,B0034,0.9353709816932678,True
0.01,B0034,0.9945684671401978,False
0.02,B0034,0.9953975677490234,False
0.05,B0034,0.9900138974189758,False
0.1,B0034,0.9835279583930969,False
0.2,B0034,0.9539917707443237,True
0.01,B0034,0.9942396879196167,False
0.02,B0034,0.9967685341835022,False
0.05,B0034,0.9953597187995911,False
0.1,B0034,0.9891818165779114,False
0.2,B0034,0.9554135799407959,True
0.01,B0034,0.9935228824615479,False
0.02,B0034,0.9919203519821167,False
0.05,B0034,0.9915578365325928,False
0.1,B0034,0.9857386350631714,False
0.2,B0034,0.9488692283630371,True
0.01,B0034,0.9946076273918152,False
0.02,B0034,0.9949110746383667,False
0.05,B0034,0.992662787437439,False
0.1,B0034,0.9926114082336426,False
0.2,B0034,0.9708633422851562,True
0.01,B0034,0.996192991733551,False
0.02,B0034,0.9948173761367798,False
0.05,B0034,0.994977593421936,False
0.1,B0034,0.9848316311836243,False
0.2,B0034,0.9615499973297119,True
0.01,B0034,0.9949871897697449,False
0.02,B0034,0.9961013793945312,False
0.05,B0034,0.9919021725654602,False
0.1,B0034,0.9696205854415894,True
0.2,B0034,0.9139081239700317,True
0.01,B0034,0.9944961667060852,False
0.02,B0034,0.9969602823257446,False
0.05,B0034,0.990265965461731,False
0.1,B0034,0.9826380014419556,False
0.2,B0034,0.9130613803863525,True
0.01,B0034,0.9935402870178223,False
0.02,B0034,0.9912969470024109,False
0.05,B0034,0.9911718964576721,False
0.1,B0034,0.9857801198959351,False
0.2,B0034,0.9378783702850342,True
0.01,B0034,0.9889406561851501,False
0.02,B0034,0.9867008924484253,False
0.05,B0034,0.9856739044189453,False
0.1,B0034,0.981216549873352,False
0.2,B0034,0.9962042570114136,False
0.01,B0034,0.9956508278846741,False
0.02,B0034,0.9923719167709351,False
0.05,B0034,0.986940324306488,False
0.1,B0034,0.9855303764343262,False
0.2,B0034,0.9312360286712646,True
0.01,B0034,0.994443416595459,False
0.02,B0034,0.9969774484634399,False
0.05,B0034,0.9913128018379211,False
0.1,B0034,0.9857683181762695,False
0.2,B0034,0.9399118423461914,True
0.01,B0034,0.9924717545509338,False
0.02,B0034,0.9952324032783508,False
0.05,B0034,0.9949980974197388,False
0.1,B0034,0.9883894920349121,False
0.2,B0034,0.938897430896759,True
0.01,B0034,0.9945639371871948,False
0.02,B0034,0.9937722682952881,False
0.05,B0034,0.99460768699646,False
0.1,B0034,0.9875975847244263,False
0.2,B0034,0.9499313235282898,True
0.01,B0034,0.9951426982879639,False
0.02,B0034,0.9959207773208618,False
0.05,B0034,0.9939542412757874,False
0.1,B0034,0.9902514219284058,False
0.2,B0034,0.9363097548484802,True
0.01,B0034,0.9939649105072021,False
0.02,B0034,0.9945068359375,False
0.05,B0034,0.9920849800109863,False
0.1,B0034,0.9900180697441101,False
0.2,B0034,0.9762283563613892,True
0.01,B0034,0.9952918291091919,False
0.02,B0034,0.9951602220535278,False
0.05,B0034,0.9927706718444824,False
0.1,B0034,0.993198037147522,False
0.2,B0034,0.9496986269950867,True
0.01,B0034,0.9934853315353394,False
0.02,B0034,0.9949342012405396,False
0.05,B0034,0.9908479452133179,False
0.1,B0034,0.9879641532897949,False
0.2,B0034,0.9749993681907654,True
0.01,B0034,0.9918996095657349,False
0.02,B0034,0.9958094358444214,False
0.05,B0034,0.9916514158248901,False
0.1,B0034,0.9959807395935059,False
0.2,B0034,0.9840749502182007,False
0.01,B0034,0.9946867227554321,False
0.02,B0034,0.9902064204216003,False
0.05,B0034,0.9975402355194092,False
0.1,B0034,0.9892556667327881,False
0.2,B0034,0.9458794593811035,True
0.01,B0034,0.9953984618186951,False
0.02,B0034,0.9969979524612427,False
0.05,B0034,0.9980575442314148,False
0.1,B0034,0.9902726411819458,False
0.2,B0034,0.9105232954025269,True
0.01,B0034,0.9969490766525269,False
0.02,B0034,0.9976275563240051,False
0.05,B0034,0.9973474144935608,False
0.1,B0034,0.9881120324134827,False
0.2,B0034,0.898656964302063,True
0.01,B0034,0.9967765808105469,False
0.02,B0034,0.9976373910903931,False
0.05,B0034,0.9952389001846313,False
0.1,B0034,0.9833287000656128,False
0.2,B0034,0.9694269895553589,True
0.01,B0034,0.9927688837051392,False
0.02,B0034,0.9965543746948242,False
0.05,B0034,0.9974799156188965,False
0.1,B0034,0.9804518222808838,True
0.2,B0034,0.9711588621139526,True
0.01,B0034,0.9936411380767822,False
0.02,B0034,0.9965512752532959,False
0.05,B0034,0.9931364059448242,False
0.1,B0034,0.9910827279090881,False
0.2,B0034,0.934653103351593,True
0.01,B0034,0.9948709011077881,False
0.02,B0034,0.994755744934082,False
0.05,B0034,0.9913378953933716,False
0.1,B0034,0.9944167137145996,False
0.2,B0034,0.935792863368988,True
0.01,B0034,0.9940555691719055,False
0.02,B0034,0.9948767423629761,False
0.05,B0034,0.9943951368331909,False
0.1,B0034,0.9905921220779419,False
0.2,B0034,0.9110112190246582,True
0.01,B0034,0.9937254786491394,False
0.02,B0034,0.9951260685920715,False
0.05,B0034,0.9909234046936035,False
0.1,B0034,0.9728575944900513,True
0.2,B0034,0.9069781303405762,True
0.01,B0034,0.9931216239929199,False
0.02,B0034,0.9932826161384583,False
0.05,B0034,0.9959307312965393,False
0.1,B0034,0.9896022081375122,False
0.2,B0034,0.912697970867157,True
0.01,B0034,0.991734504699707,False
0.02,B0034,0.9870201349258423,False
0.05,B0034,0.9971176385879517,False
0.1,B0034,0.9859651327133179,False
0.2,B0034,0.9600229859352112,True
0.01,B0034,0.9945886135101318,False
0.02,B0034,0.9939217567443848,False
0.05,B0034,0.9977704286575317,False
0.1,B0034,0.9893462657928467,False
0.2,B0034,0.9460268616676331,True
0.01,B0034,0.993828296661377,False
0.02,B0034,0.9947617053985596,False
0.05,B0034,0.997138261795044,False
0.1,B0034,0.9884310960769653,False
0.2,B0034,0.9937721490859985,False
0.01,B0034,0.9946033954620361,False
0.02,B0034,0.9941576719284058,False
0.05,B0034,0.997650146484375,False
0.1,B0034,0.9943258166313171,False
0.2,B0034,0.9653382897377014,True
0.01,B0034,0.996767520904541,False
0.02,B0034,0.9976592659950256,False
0.05,B0034,0.9976977109909058,False
0.1,B0034,0.9865801930427551,False
0.2,B0034,0.9125726819038391,True
0.01,B0034,0.9916038513183594,False
0.02,B0034,0.9925814270973206,False
0.05,B0034,0.9901965260505676,False
0.1,B0034,0.9961422681808472,False
0.2,B0034,0.949924886226654,True
0.01,B0034,0.9938948154449463,False
0.02,B0034,0.9902090430259705,False
0.05,B0034,0.9979395270347595,False
0.1,B0034,0.9959067702293396,False
0.2,B0034,0.9378732442855835,True
0.01,B0034,0.9949033856391907,False
0.02,B0034,0.9894427061080933,False
0.05,B0034,0.9891623258590698,False
0.1,B0034,0.9891455173492432,False
0.2,B0034,0.9717104434967041,True
0.01,B0034,0.9939445853233337,False
0.02,B0034,0.994093656539917,False
0.05,B0034,0.9961385726928711,False
0.1,B0034,0.9876267910003662,False
0.2,B0034,0.9478676915168762,True
0.01,B0034,0.9940906763076782,False
0.02,B0034,0.995474636554718,False
0.05,B0034,0.9892743825912476,False
0.1,B0034,0.9873445630073547,False
0.2,B0034,0.957850992679596,True
0.01,B0034,0.9960634112358093,False
0.02,B0034,0.9975321292877197,False
0.05,B0034,0.9926368594169617,False
0.1,B0034,0.9960389733314514,False
0.2,B0034,0.9774132966995239,True
0.01,B0034,0.9937683343887329,False
0.02,B0034,0.995076060295105,False
0.05,B0034,0.9937362670898438,False
0.1,B0034,0.9938995242118835,False
0.2,B0034,0.9978472590446472,False
0.01,B0034,0.9956448078155518,False
0.02,B0034,0.9965572357177734,False
0.05,B0034,0.9963403940200806,False
0.1,B0034,0.9884458184242249,False
0.2,B0034,0.9558811187744141,True
0.01,B0034,0.9944851994514465,False
0.02,B0034,0.9971209764480591,False
0.05,B0034,0.9969980716705322,False
0.1,B0034,0.9899990558624268,False
0.2,B0034,0.9976639747619629,False
0.01,B0034,0.996380627155304,False
0.02,B0034,0.9971729516983032,False
0.05,B0034,0.9942923784255981,False
0.1,B0034,0.9834859371185303,False
0.2,B0034,0.9939930438995361,False
0.01,B0034,0.9963740706443787,False
0.02,B0034,0.9953371286392212,False
0.05,B0034,0.9957494735717773,False
0.1,B0034,0.9890987873077393,False
0.2,B0034,0.9600576758384705,True
0.01,B0034,0.9956556558609009,False
0.02,B0034,0.994133472442627,False
0.05,B0034,0.9934003353118896,False
0.1,B0034,0.9864741563796997,False
0.2,B0034,0.913619339466095,True
0.01,B0034,0.9948437213897705,False
0.02,B0034,0.9950823783874512,False
0.05,B0034,0.995372474193573,False
0.1,B0034,0.9900132417678833,False
0.2,B0034,0.934882402420044,True
0.01,B0034,0.9968299269676208,False
0.02,B0034,0.9961917996406555,False
0.05,B0034,0.9932262301445007,False
0.1,B0034,0.9752469062805176,True
0.2,B0034,0.9501064419746399,True
0.01,B0034,0.994871199131012,False
0.02,B0034,0.996485710144043,False
0.05,B0034,0.992668867111206,False
0.1,B0034,0.9792178869247437,True
0.2,B0034,0.9617220163345337,True
0.01,B0034,0.9941913485527039,False
0.02,B0034,0.9941014051437378,False
0.05,B0034,0.9908947944641113,False
0.1,B0034,0.9732598662376404,True
0.2,B0034,0.8881274461746216,True
0.01,B0034,0.9968841075897217,False
0.02,B0034,0.996814489364624,False
0.05,B0034,0.9888702630996704,False
0.1,B0034,0.9863160848617554,False
0.2,B0034,0.9590053558349609,True
0.01,B0034,0.9956825375556946,False
0.02,B0034,0.9942375421524048,False
0.05,B0034,0.9918743968009949,False
0.1,B0034,0.988337516784668,False
0.2,B0034,0.9570403099060059,True
0.01,B0034,0.9967745542526245,False
0.02,B0034,0.9956651329994202,False
0.05,B0034,0.9942507743835449,False
0.1,B0034,0.9847136735916138,False
0.2,B0034,0.9510561227798462,True
0.01,B0034,0.9967742562294006,False
0.02,B0034,0.9961349964141846,False
0.05,B0034,0.9917823672294617,False
0.1,B0034,0.9873740077018738,False
0.2,B0034,0.9637758731842041,True
0.01,B0034,0.9929121732711792,False
0.02,B0034,0.9849927425384521,False
0.05,B0034,0.9922044277191162,False
0.1,B0034,0.9901347756385803,False
0.2,B0034,0.9689573049545288,True
0.01,B0034,0.9908093810081482,False
0.02,B0034,0.9882714152336121,False
0.05,B0034,0.9866175651550293,False
0.1,B0034,0.9954589605331421,False
0.2,B0034,0.9404492378234863,True
0.01,B0034,0.9944581985473633,False
0.02,B0034,0.9945312738418579,False
0.05,B0034,0.9955862760543823,False
0.1,B0034,0.9864574670791626,False
0.2,B0034,0.9746841192245483,True
0.01,B0034,0.9949691295623779,False
0.02,B0034,0.9939516186714172,False
0.05,B0034,0.9929698705673218,False
0.1,B0034,0.9913264513015747,False
0.2,B0034,0.9786245822906494,True
0.01,B0034,0.9962205290794373,False
0.02,B0034,0.9944545030593872,False
0.05,B0034,0.9982036352157593,False
0.1,B0034,0.9984160661697388,False
0.2,B0034,0.9419060945510864,True
0.01,B0054,0.9750338792800903,True
0.02,B0054,0.9813736081123352,False
0.05,B0054,0.9851930141448975,False
0.1,B0054,0.9780761003494263,True
0.2,B0054,0.9802659749984741,True
0.01,B0054,0.9983274936676025,False
0.02,B0054,0.998370349407196,False
0.05,B0054,0.9972116351127625,False
0.1,B0054,0.995729386806488,False
0.2,B0054,0.9877458810806274,False
0.01,B0054,0.9987614154815674,False
0.02,B0054,0.9987469911575317,False
0.05,B0054,0.9967542886734009,False
0.1,B0054,0.9942972660064697,False
0.2,B0054,0.9818300008773804,False
0.01,B0054,0.985260009765625,False
0.02,B0054,0.9857311248779297,False
0.05,B0054,0.9862017631530762,False
0.1,B0054,0.9863401651382446,False
0.2,B0054,0.9810701608657837,False
0.01,B0054,0.9972962737083435,False
0.02,B0054,0.9974563121795654,False
0.05,B0054,0.9955961108207703,False
0.1,B0054,0.9921582341194153,False
0.2,B0054,0.9830158948898315,False
0.01,B0054,0.9856970310211182,False
0.02,B0054,0.9870634078979492,False
0.05,B0054,0.9880186319351196,False
0.1,B0054,0.9856613874435425,False
0.2,B0054,0.9818038940429688,False
0.01,B0054,0.9975675940513611,False
0.02,B0054,0.9961259365081787,False
0.05,B0054,0.9964948296546936,False
0.1,B0054,0.9891809225082397,False
0.2,B0054,0.9602918028831482,True
0.01,B0054,0.9872378706932068,False
0.02,B0054,0.9880571365356445,False
0.05,B0054,0.988271951675415,False
0.1,B0054,0.9860930442810059,False
0.2,B0054,0.9864944219589233,False
0.01,B0054,0.9978685975074768,False
0.02,B0054,0.9976776838302612,False
0.05,B0054,0.9965559244155884,False
0.1,B0054,0.9944307804107666,False
0.2,B0054,0.9800624847412109,True
0.01,B0054,0.9982311725616455,False
0.02,B0054,0.9958038330078125,False
0.05,B0054,0.9969433546066284,False
0.1,B0054,0.9911302924156189,False
0.2,B0054,0.9790631532669067,True
0.01,B0054,0.9854585528373718,False
0.02,B0054,0.9868271350860596,False
0.05,B0054,0.98818039894104,False
0.1,B0054,0.9877357482910156,False
0.2,B0054,0.9780666828155518,True
0.01,B0054,0.9965755939483643,False
0.02,B0054,0.9960141777992249,False
0.05,B0054,0.9977521896362305,False
0.1,B0054,0.9945962429046631,False
0.2,B0054,0.9857695698738098,False
0.01,B0054,0.9891499280929565,False
0.02,B0054,0.9890279173851013,False
0.05,B0054,0.9883099794387817,False
0.1,B0054,0.9867947697639465,False
0.2,B0054,0.9714516401290894,True
0.01,B0054,0.9960072040557861,False
0.02,B0054,0.9948086142539978,False
0.05,B0054,0.9963340759277344,False
0.1,B0054,0.9921305179595947,False
0.2,B0054,0.9671839475631714,True
0.01,B0054,0.996676504611969,False
0.02,B0054,0.9963090419769287,False
0.05,B0054,0.996691107749939,False
0.1,B0054,0.9927729368209839,False
0.2,B0054,0.9753311276435852,True
0.01,B0054,0.9861980676651001,False
0.02,B0054,0.9857805967330933,False
0.05,B0054,0.9885371327400208,False
0.1,B0054,0.9888880848884583,False
0.2,B0054,0.9796746969223022,True
0.01,B0054,0.9865880012512207,False
0.02,B0054,0.9867997169494629,False
0.05,B0054,0.9884880781173706,False
0.1,B0054,0.9886645078659058,False
0.2,B0054,0.9843647480010986,False
0.01,B0054,0.9876061677932739,False
0.02,B0054,0.9874947667121887,False
0.05,B0054,0.9886940717697144,False
0.1,B0054,0.9868056774139404,False
0.2,B0054,0.9824788570404053,False
0.01,B0054,0.9891537427902222,False
0.02,B0054,0.9890114068984985,False
0.05,B0054,0.9896599054336548,False
0.1,B0054,0.9904110431671143,False
0.2,B0054,0.9704668521881104,True
0.01,B0054,0.996890664100647,False
0.02,B0054,0.9963147640228271,False
0.05,B0054,0.9965766668319702,False
0.1,B0054,0.9951314330101013,False
0.2,B0054,0.9989492297172546,False
0.01,B0054,0.9857597351074219,False
0.02,B0054,0.9861297607421875,False
0.05,B0054,0.9871630668640137,False
0.1,B0054,0.9885005950927734,False
0.2,B0054,0.976646900177002,True
0.01,B0054,0.9873328804969788,False
0.02,B0054,0.9884366989135742,False
0.05,B0054,0.9892072677612305,False
0.1,B0054,0.988711953163147,False
0.2,B0054,0.986209511756897,False
0.01,B0054,0.9960958957672119,False
0.02,B0054,0.9982939958572388,False
0.05,B0054,0.9947890043258667,False
0.1,B0054,0.995549201965332,False
0.2,B0054,0.9884846210479736,False
0.01,B0054,0.9884064197540283,False
0.02,B0054,0.9878248572349548,False
0.05,B0054,0.9872493743896484,False
0.1,B0054,0.9879611134529114,False
0.2,B0054,0.9800947904586792,True
0.01,B0054,0.9872546195983887,False
0.02,B0054,0.989501416683197,False
0.05,B0054,0.9887036681175232,False
0.1,B0054,0.9882537126541138,False
0.2,B0054,0.9883248209953308,False
0.01,B0054,0.986544668674469,False
0.02,B0054,0.9867995977401733,False
0.05,B0054,0.9855112433433533,False
0.1,B0054,0.9854940176010132,False
0.2,B0054,0.9588019847869873,True
0.01,B0054,0.9972916841506958,False
0.02,B0054,0.9970976710319519,False
0.05,B0054,0.9971891045570374,False
0.1,B0054,0.9950209856033325,False
0.2,B0054,0.9833986759185791,False
0.01,B0054,0.9976179003715515,False
0.02,B0054,0.9984509944915771,False
0.05,B0054,0.9949710965156555,False
0.1,B0054,0.9939607381820679,False
0.2,B0054,0.9761691689491272,True
0.01,B0054,0.9971847534179688,False
0.02,B0054,0.9963083267211914,False
0.05,B0054,0.9968514442443848,False
0.1,B0054,0.9901281595230103,False
0.2,B0054,0.9897291660308838,False
0.01,B0054,0.9852926731109619,False
0.02,B0054,0.9862967729568481,False
0.05,B0054,0.9870074391365051,False
0.1,B0054,0.9917116761207581,False
0.2,B0054,0.9820477366447449,False
0.01,B0054,0.99715256690979,False
0.02,B0054,0.996577262878418,False
0.05,B0054,0.9985601305961609,False
0.1,B0054,0.9971709251403809,False
0.2,B0054,0.984404444694519,False
0.01,B0054,0.9845635294914246,False
0.02,B0054,0.9844810962677002,False
0.05,B0054,0.9847042560577393,False
0.1,B0054,0.9925668239593506,False
0.2,B0054,0.989070475101471,False
0.01,B0054,0.9873251914978027,False
0.02,B0054,0.9883414506912231,False
0.05,B0054,0.9905857443809509,False
0.1,B0054,0.9908171892166138,False
0.2,B0054,0.9874246716499329,False
0.01,B0054,0.9966896176338196,False
0.02,B0054,0.9956879019737244,False
0.05,B0054,0.9953362941741943,False
0.1,B0054,0.9947100877761841,False
0.2,B0054,0.9815012216567993,False
0.01,B0054,0.9873459935188293,False
0.02,B0054,0.9865316152572632,False
0.05,B0054,0.9892195463180542,False
0.1,B0054,0.9891557693481445,False
0.2,B0054,0.9528412818908691,True
0.01,B0054,0.9850786328315735,False
0.02,B0054,0.9839860200881958,False
0.05,B0054,0.9890106916427612,False
0.1,B0054,0.9911531209945679,False
0.2,B0054,0.9870991706848145,False
0.01,B0054,0.9887813329696655,False
0.02,B0054,0.9884243011474609,False
0.05,B0054,0.9915235638618469,False
0.1,B0054,0.9906760454177856,False
0.2,B0054,0.9876333475112915,False
0.01,B0054,0.9976487755775452,False
0.02,B0054,0.99704909324646,False
0.05,B0054,0.9969567060470581,False
0.1,B0054,0.9928348064422607,False
0.2,B0054,0.9975439310073853,False
0.01,B0054,0.9855620861053467,False
0.02,B0054,0.9860460758209229,False
0.05,B0054,0.9859302639961243,False
0.1,B0054,0.9867860078811646,False
0.2,B0054,0.9797141551971436,True
0.01,B0054,0.9957610964775085,False
0.02,B0054,0.9931655526161194,False
0.05,B0054,0.9943745732307434,False
0.1,B0054,0.9907379150390625,False
0.2,B0054,0.9749486446380615,True
0.01,B0054,0.9975785613059998,False
0.02,B0054,0.9970483183860779,False
0.05,B0054,0.9978635311126709,False
0.1,B0054,0.9962190985679626,False
0.2,B0054,0.9827924966812134,False
0.01,B0054,0.98380446434021,False
0.02,B0054,0.9856579303741455,False
0.05,B0054,0.9853215217590332,False
0.1,B0054,0.9869248867034912,False
0.2,B0054,0.9788258075714111,True
0.01,B0054,0.987891435623169,False
0.02,B0054,0.9848003387451172,False
0.05,B0054,0.9854626059532166,False
0.1,B0054,0.9844232797622681,False
0.2,B0054,0.9633698463439941,True
0.01,B0054,0.9853748083114624,False
0.02,B0054,0.9855896234512329,False
0.05,B0054,0.9874224662780762,False
0.1,B0054,0.9865163564682007,False
0.2,B0054,0.98133385181427,False
0.01,B0054,0.9971134066581726,False
0.02,B0054,0.9975415468215942,False
0.05,B0054,0.9937276244163513,False
0.1,B0054,0.9868753552436829,False
0.2,B0054,0.9812893867492676,False
0.01,B0054,0.9849765300750732,False
0.02,B0054,0.9864500164985657,False
0.05,B0054,0.987318217754364,False
0.1,B0054,0.9889259934425354,False
0.2,B0054,0.9824130535125732,False
0.01,B0054,0.9853340983390808,False
0.02,B0054,0.9845687747001648,False
0.05,B0054,0.9860586524009705,False
0.1,B0054,0.9856728315353394,False
0.2,B0054,0.97642982006073,True
0.01,B0054,0.9846760630607605,False
0.02,B0054,0.9851313233375549,False
0.05,B0054,0.9821040034294128,False
0.1,B0054,0.9817939400672913,False
0.2,B0054,0.9476826786994934,True
0.01,B0054,0.9866174459457397,False
0.02,B0054,0.9853708148002625,False
0.05,B0054,0.9828258752822876,False
0.1,B0054,0.9871338605880737,False
0.2,B0054,0.9785614609718323,True
0.01,B0054,0.9875768423080444,False
0.02,B0054,0.9873688220977783,False
0.05,B0054,0.987584114074707,False
0.1,B0054,0.9890720248222351,False
0.2,B0054,0.9828164577484131,False
0.01,B0054,0.9859201312065125,False
0.02,B0054,0.9851918816566467,False
0.05,B0054,0.987335205078125,False
0.1,B0054,0.9876542687416077,False
0.2,B0054,0.9799203276634216,True
0.01,B0054,0.9868478775024414,False
0.02,B0054,0.9881117343902588,False
0.05,B0054,0.9847567677497864,False
0.1,B0054,0.9827170968055725,False
0.2,B0054,0.9582321643829346,True
0.01,B0054,0.9862220883369446,False
0.02,B0054,0.985122799873352,False
0.05,B0054,0.9856702089309692,False
0.1,B0054,0.9773851633071899,True
0.2,B0054,0.9421692490577698,True
0.01,B0054,0.9861406087875366,False
0.02,B0054,0.9843770861625671,False
0.05,B0054,0.986702561378479,False
0.1,B0054,0.9864684343338013,False
0.2,B0054,0.9721016883850098,True
0.01,B0054,0.986139178276062,False
0.02,B0054,0.9840755462646484,False
0.05,B0054,0.985954761505127,False
0.1,B0054,0.983788013458252,False
0.2,B0054,0.943000853061676,True
0.01,B0054,0.9966233968734741,False
0.02,B0054,0.9983717203140259,False
0.05,B0054,0.995591402053833,False
0.1,B0054,0.9966010451316833,False
0.2,B0054,0.9981189966201782,False
0.01,B0054,0.985720157623291,False
0.02,B0054,0.9836536645889282,False
0.05,B0054,0.9853192567825317,False
0.1,B0054,0.9885814189910889,False
0.2,B0054,0.9723526239395142,True
0.01,B0054,0.984029233455658,False
0.02,B0054,0.9838968515396118,False
0.05,B0054,0.9859979152679443,False
0.1,B0054,0.982660174369812,False
0.2,B0054,0.9844969511032104,False
0.01,B0054,0.9854179620742798,False
0.02,B0054,0.9865586757659912,False
0.05,B0054,0.9879887104034424,False
0.1,B0054,0.9898825883865356,False
0.2,B0054,0.9847142100334167,False
0.01,B0054,0.9834967255592346,False
0.02,B0054,0.9834213256835938,False
0.05,B0054,0.9835456013679504,False
0.1,B0054,0.9842356443405151,False
0.2,B0054,0.9832333326339722,False
0.01,B0054,0.9967519640922546,False
0.02,B0054,0.9961414337158203,False
0.05,B0054,0.9947837591171265,False
0.1,B0054,0.9928562641143799,False
0.2,B0054,0.9480116367340088,True
0.01,B0054,0.9846315979957581,False
0.02,B0054,0.9860274791717529,False
0.05,B0054,0.9874800443649292,False
0.1,B0054,0.9897239804267883,False
0.2,B0054,0.9831371307373047,False
0.01,B0054,0.9968098998069763,False
0.02,B0054,0.99767005443573,False
0.05,B0054,0.9959531426429749,False
0.1,B0054,0.9932332038879395,False
0.2,B0054,0.9885784387588501,False
0.01,B0054,0.9840227365493774,False
0.02,B0054,0.9862103462219238,False
0.05,B0054,0.9842022657394409,False
0.1,B0054,0.986423134803772,False
0.2,B0054,0.9688555002212524,True
0.01,B0054,0.9834410548210144,False
0.02,B0054,0.9839056730270386,False
0.05,B0054,0.9826250076293945,False
0.1,B0054,0.9818539619445801,False
0.2,B0054,0.9843125343322754,False
0.01,B0054,0.9989663362503052,False
0.02,B0054,0.9962875843048096,False
0.05,B0054,0.9937721490859985,False
0.1,B0054,0.9940520524978638,False
0.2,B0054,0.9680110216140747,True
0.01,B0054,0.9854411482810974,False
0.02,B0054,0.9865231513977051,False
0.05,B0054,0.9860662221908569,False
0.1,B0054,0.9874396324157715,False
0.2,B0054,0.9824289083480835,False
0.01,B0054,0.9845572113990784,False
0.02,B0054,0.9848649501800537,False
0.05,B0054,0.9844785928726196,False
0.1,B0054,0.973459005355835,True
0.2,B0054,0.9541254043579102,True
0.01,B0054,0.9838708639144897,False
0.02,B0054,0.9873625040054321,False
0.05,B0054,0.9903460741043091,False
0.1,B0054,0.9855235815048218,False
0.2,B0054,0.9784224033355713,True
0.01,B0054,0.985248327255249,False
0.02,B0054,0.9861757159233093,False
0.05,B0054,0.9870583415031433,False
0.1,B0054,0.9896162152290344,False
0.2,B0054,0.9825133681297302,False
0.01,B0054,0.9964195489883423,False
0.02,B0054,0.9962031841278076,False
0.05,B0054,0.9979027509689331,False
0.1,B0054,0.9935698509216309,False
0.2,B0054,0.997677206993103,False
0.01,B0054,0.9837946891784668,False
0.02,B0054,0.9835361838340759,False
0.05,B0054,0.9842644929885864,False
0.1,B0054,0.9841402769088745,False
0.2,B0054,0.9848766326904297,False
0.01,B0054,0.9859669208526611,False
0.02,B0054,0.9857129454612732,False
0.05,B0054,0.9873719811439514,False
0.1,B0054,0.9873620867729187,False
0.2,B0054,0.9353830814361572,True
0.01,B0054,0.9835269451141357,False
0.02,B0054,0.9853038191795349,False
0.05,B0054,0.9837918281555176,False
0.1,B0054,0.9834908246994019,False
0.2,B0054,0.9787083864212036,True
0.01,B0054,0.9847807288169861,False
0.02,B0054,0.9840690493583679,False
0.05,B0054,0.9841091632843018,False
0.1,B0054,0.9837853908538818,False
0.2,B0054,0.9706274271011353,True
0.01,B0054,0.9848286509513855,False
0.02,B0054,0.9879204034805298,False
0.05,B0054,0.9878602027893066,False
0.1,B0054,0.9880740642547607,False
0.2,B0054,0.9296451807022095,True
0.01,B0054,0.9900377988815308,False
0.02,B0054,0.9880632162094116,False
0.05,B0054,0.9932925701141357,False
0.1,B0054,0.9927167296409607,False
0.2,B0054,0.9898175001144409,False
0.01,B0054,0.9839086532592773,False
0.02,B0054,0.9856457710266113,False
0.05,B0054,0.9843294620513916,False
0.1,B0054,0.9879598617553711,False
0.2,B0054,0.9842814207077026,False
0.01,B0054,0.9948804378509521,False
0.02,B0054,0.9953200817108154,False
0.05,B0054,0.9948381781578064,False
0.1,B0054,0.9956461787223816,False
0.2,B0054,0.9942731261253357,False
0.01,B0054,0.9848566055297852,False
0.02,B0054,0.9854294657707214,False
0.05,B0054,0.9858685731887817,False
0.1,B0054,0.9882330894470215,False
0.2,B0054,0.9827572703361511,False
0.01,B0054,0.9855536222457886,False
0.02,B0054,0.9839603900909424,False
0.05,B0054,0.9834325909614563,False
0.1,B0054,0.9789992570877075,True
0.2,B0054,0.9375693202018738,True
0.01,B0054,0.9825512766838074,False
0.02,B0054,0.9854121804237366,False
0.05,B0054,0.9889161586761475,False
0.1,B0054,0.9900249242782593,False
0.2,B0054,0.9781478047370911,True
0.01,B0054,0.9835980534553528,False
0.02,B0054,0.9848983883857727,False
0.05,B0054,0.9858658909797668,False
0.1,B0054,0.9819399118423462,False
0.2,B0054,0.965933620929718,True
0.01,B0054,0.983588695526123,False
0.02,B0054,0.985825777053833,False
0.05,B0054,0.986504852771759,False
0.1,B0054,0.9873734712600708,False
0.2,B0054,0.9835119247436523,False
0.01,B0054,0.9841593503952026,False
0.02,B0054,0.983536422252655,False
0.05,B0054,0.9835638403892517,False
0.1,B0054,0.9797086119651794,True
0.2,B0054,0.970413863658905,True
0.01,B0054,0.9849898815155029,False
0.02,B0054,0.9822264909744263,False
0.05,B0054,0.9814081192016602,False
0.1,B0054,0.9898021817207336,False
0.2,B0054,0.9841148257255554,False
0.01,B0054,0.9943472146987915,False
0.02,B0054,0.9943330883979797,False
0.05,B0054,0.9959633350372314,False
0.1,B0054,0.9945674538612366,False
0.2,B0054,0.9966415166854858,False
0.01,B0054,0.9843777418136597,False
0.02,B0054,0.9849399924278259,False
0.05,B0054,0.9823647737503052,False
0.1,B0054,0.9788038730621338,True
0.2,B0054,0.9477298259735107,True
0.01,B0054,0.9823614954948425,False
0.02,B0054,0.9820912480354309,False
0.05,B0054,0.9852415323257446,False
0.1,B0054,0.9820632934570312,False
0.2,B0054,0.9833735823631287,False
0.01,B0054,0.9836207628250122,False
0.02,B0054,0.986916720867157,False
0.05,B0054,0.9881511330604553,False
0.1,B0054,0.981796383857727,False
0.2,B0054,0.9877643585205078,False
0.01,B0054,0.9848994016647339,False
0.02,B0054,0.9860953092575073,False
0.05,B0054,0.9847272634506226,False
0.1,B0054,0.9845308065414429,False
0.2,B0054,0.9593178629875183,True
0.01,B0054,0.9846259355545044,False
0.02,B0054,0.9839680194854736,False
0.05,B0054,0.9870933294296265,False
0.1,B0054,0.9885848760604858,False
0.2,B0054,0.9850519895553589,False
0.01,B0054,0.9834994673728943,False
0.02,B0054,0.9847121834754944,False
0.05,B0054,0.9862516522407532,False
0.1,B0054,0.9912437200546265,False
0.2,B0054,0.9874248504638672,False
0.01,B0054,0.986567497253418,False
0.02,B0054,0.9852114319801331,False
0.05,B0054,0.9852573275566101,False
0.1,B0054,0.9838355779647827,False
0.2,B0054,0.9735593795776367,True
0.01,B0054,0.9820167422294617,False
0.02,B0054,0.983579158782959,False
0.05,B0054,0.9816657304763794,False
0.1,B0054,0.9823088645935059,False
0.2,B0054,0.9743630290031433,True
0.01,B0054,0.9947378635406494,False
0.02,B0054,0.9953655004501343,False
0.05,B0054,0.9950103163719177,False
0.1,B0054,0.9915772676467896,False
0.2,B0054,0.9751781225204468,True
0.01,B0054,0.9812614917755127,False
0.02,B0054,0.9830614924430847,False
0.05,B0054,0.9900146126747131,False
0.1,B0054,0.9860274791717529,False
0.2,B0054,0.9826481342315674,False
0.01,B0054,0.9854649305343628,False
0.02,B0054,0.9856579303741455,False
0.05,B0054,0.9897893667221069,False
0.1,B0054,0.9891825318336487,False
0.2,B0054,0.9707817435264587,True
0.01,B0054,0.982089638710022,False
0.02,B0054,0.9827398061752319,False
0.05,B0054,0.9817600846290588,False
0.1,B0054,0.9825546741485596,False
0.2,B0054,0.9826689958572388,False
0.01,B0054,0.9842566251754761,False
0.02,B0054,0.9805774092674255,True
0.05,B0054,0.9818190336227417,False
0.1,B0054,0.983339250087738,False
0.2,B0054,0.9388951063156128,True
0.01,B0054,0.9839243292808533,False
0.02,B0054,0.9831664562225342,False
0.05,B0054,0.9842162132263184,False
0.1,B0054,0.9872927665710449,False
0.2,B0054,0.9883456826210022,False
0.01,B0054,0.9815986752510071,False
0.02,B0054,0.9838601350784302,False
0.05,B0054,0.9852827787399292,False
0.1,B0054,0.9927108883857727,False
0.2,B0054,0.9864861965179443,False
0.01,B0055,0.9710456132888794,True
0.02,B0055,0.9756675362586975,True
0.05,B0055,0.9787615537643433,True
0.1,B0055,0.9737230539321899,True
0.2,B0055,0.9782043695449829,True
0.01,B0055,0.9976710081100464,False
0.02,B0055,0.9982483983039856,False
0.05,B0055,0.997934103012085,False
0.1,B0055,0.9935212731361389,False
0.2,B0055,0.9842517375946045,False
0.01,B0055,0.9979705214500427,False
0.02,B0055,0.9986684918403625,False
0.05,B0055,0.9983630180358887,False
0.1,B0055,0.9946315288543701,False
0.2,B0055,0.9897006750106812,False
0.01,B0055,0.9979711771011353,False
0.02,B0055,0.9958525896072388,False
0.05,B0055,0.9977185130119324,False
0.1,B0055,0.9968534708023071,False
0.2,B0055,0.9830540418624878,False
0.01,B0055,0.9991165399551392,False
0.02,B0055,0.9988994598388672,False
0.05,B0055,0.9967027902603149,False
0.1,B0055,0.9846826791763306,False
0.2,B0055,0.9545062780380249,True
0.01,B0055,0.9986678957939148,False
0.02,B0055,0.9976757764816284,False
0.05,B0055,0.9978604316711426,False
0.1,B0055,0.9881991147994995,False
0.2,B0055,0.9800929427146912,True
0.01,B0055,0.9944161772727966,False
0.02,B0055,0.9949222207069397,False
0.05,B0055,0.9951432943344116,False
0.1,B0055,0.9946706295013428,False
0.2,B0055,0.9883399605751038,False
0.01,B0055,0.992780327796936,False
0.02,B0055,0.9915761947631836,False
0.05,B0055,0.9928078651428223,False
0.1,B0055,0.9840733408927917,False
0.2,B0055,0.9858866930007935,False
0.01,B0055,0.9975897073745728,False
0.02,B0055,0.9972742795944214,False
0.05,B0055,0.9959890842437744,False
0.1,B0055,0.9929031729698181,False
0.2,B0055,0.982923150062561,False
0.01,B0055,0.9977495074272156,False
0.02,B0055,0.9976924657821655,False
0.05,B0055,0.9980128407478333,False
0.1,B0055,0.9909751415252686,False
0.2,B0055,0.9860820770263672,False
0.01,B0055,0.9937466382980347,False
0.02,B0055,0.9945592880249023,False
0.05,B0055,0.9941705465316772,False
0.1,B0055,0.9944252967834473,False
0.2,B0055,0.9863796234130859,False
0.01,B0055,0.9973641037940979,False
0.02,B0055,0.9980733394622803,False
0.05,B0055,0.9963456392288208,False
0.1,B0055,0.9926323890686035,False
0.2,B0055,0.9841233491897583,False
0.01,B0055,0.9974935054779053,False
0.02,B0055,0.9976674318313599,False
0.05,B0055,0.9960586428642273,False
0.1,B0055,0.9952075481414795,False
0.2,B0055,0.9811215400695801,False
0.01,B0055,0.9972902536392212,False
0.02,B0055,0.9974035620689392,False
0.05,B0055,0.9948341846466064,False
0.1,B0055,0.9907611012458801,False
0.2,B0055,0.984019935131073,False
0.01,B0055,0.9968525171279907,False
0.02,B0055,0.9983082413673401,False
0.05,B0055,0.9976105690002441,False
0.1,B0055,0.9945186376571655,False
0.2,B0055,0.9801976680755615,True
0.01,B0055,0.9969508647918701,False
0.02,B0055,0.997665524482727,False
0.05,B0055,0.9946074485778809,False
0.1,B0055,0.9945160150527954,False
0.2,B0055,0.979609489440918,True
0.01,B0055,0.9968113899230957,False
0.02,B0055,0.9976263642311096,False
0.05,B0055,0.9978690147399902,False
0.1,B0055,0.9911550283432007,False
0.2,B0055,0.9896936416625977,False
0.01,B0055,0.9966167211532593,False
0.02,B0055,0.9967281818389893,False
0.05,B0055,0.9934327006340027,False
0.1,B0055,0.9936615824699402,False
0.2,B0055,0.9874514937400818,False
0.01,B0055,0.9984623789787292,False
0.02,B0055,0.9978477358818054,False
0.05,B0055,0.9974765777587891,False
0.1,B0055,0.9931718111038208,False
0.2,B0055,0.9480201005935669,True
0.01,B0055,0.9973082542419434,False
0.02,B0055,0.9977086782455444,False
0.05,B0055,0.9959016442298889,False
0.1,B0055,0.9936426281929016,False
0.2,B0055,0.9832615852355957,False
0.01,B0055,0.9975061416625977,False
0.02,B0055,0.9967187643051147,False
0.05,B0055,0.9977939128875732,False
0.1,B0055,0.997181236743927,False
0.2,B0055,0.9931051731109619,False
0.01,B0055,0.9964654445648193,False
0.02,B0055,0.9958845973014832,False
0.05,B0055,0.9973261952400208,False
0.1,B0055,0.9903024435043335,False
0.2,B0055,0.9799076318740845,True
0.01,B0055,0.9959247708320618,False
0.02,B0055,0.9974383115768433,False
0.05,B0055,0.9947396516799927,False
0.1,B0055,0.9950300455093384,False
0.2,B0055,0.9859161972999573,False
0.01,B0055,0.9959287643432617,False
0.02,B0055,0.9960805773735046,False
0.05,B0055,0.993500828742981,False
0.1,B0055,0.9888445734977722,False
0.2,B0055,0.9783872365951538,True
0.01,B0055,0.9957067370414734,False
0.02,B0055,0.9955226182937622,False
0.05,B0055,0.9947086572647095,False
0.1,B0055,0.9971923828125,False
0.2,B0055,0.9933517575263977,False
0.01,B0055,0.9973746538162231,False
0.02,B0055,0.9979075789451599,False
0.05,B0055,0.9977017641067505,False
0.1,B0055,0.9943940043449402,False
0.2,B0055,0.9403384923934937,True
0.01,B0055,0.9958457946777344,False
0.02,B0055,0.9954541921615601,False
0.05,B0055,0.9972472190856934,False
0.1,B0055,0.9897247552871704,False
0.2,B0055,0.9833365678787231,False
0.01,B0055,0.9965639710426331,False
0.02,B0055,0.996431827545166,False
0.05,B0055,0.9944015741348267,False
0.1,B0055,0.9893955588340759,False
0.2,B0055,0.9829524755477905,False
0.01,B0055,0.9958670139312744,False
0.02,B0055,0.995551347732544,False
0.05,B0055,0.9957363605499268,False
0.1,B0055,0.993251621723175,False
0.2,B0055,0.9681839942932129,True
0.01,B0055,0.9966166019439697,False
0.02,B0055,0.9972670674324036,False
0.05,B0055,0.9966354370117188,False
0.1,B0055,0.99672532081604,False
0.2,B0055,0.9839614033699036,False
0.01,B0055,0.9959173798561096,False
0.02,B0055,0.9960770606994629,False
0.05,B0055,0.9969918727874756,False
0.1,B0055,0.991570770740509,False
0.2,B0055,0.9960612058639526,False
0.01,B0055,0.9965982437133789,False
0.02,B0055,0.9964474439620972,False
0.05,B0055,0.9951164722442627,False
0.1,B0055,0.9949967861175537,False
0.2,B0055,0.9982281923294067,False
0.01,B0055,0.9963487982749939,False
0.02,B0055,0.9967039823532104,False
0.05,B0055,0.9974709749221802,False
0.1,B0055,0.9881711006164551,False
0.2,B0055,0.9884158372879028,False
0.01,B0055,0.9978792667388916,False
0.02,B0055,0.9964004755020142,False
0.05,B0055,0.9959357976913452,False
0.1,B0055,0.9914844632148743,False
0.2,B0055,0.9507911205291748,True
0.01,B0055,0.9951165318489075,False
0.02,B0055,0.9951547384262085,False
0.05,B0055,0.9953281879425049,False
0.1,B0055,0.9920491576194763,False
0.2,B0055,0.9884864687919617,False
0.01,B0055,0.9973225593566895,False
0.02,B0055,0.9974074363708496,False
0.05,B0055,0.9939969778060913,False
0.1,B0055,0.9956532716751099,False
0.2,B0055,0.9863715171813965,False
0.01,B0055,0.9955757260322571,False
0.02,B0055,0.9976539611816406,False
0.05,B0055,0.9959468841552734,False
0.1,B0055,0.9952501058578491,False
0.2,B0055,0.9975656867027283,False
0.01,B0055,0.9977023601531982,False
0.02,B0055,0.9965090751647949,False
0.05,B0055,0.996269702911377,False
0.1,B0055,0.993700385093689,False
0.2,B0055,0.9783825278282166,True
0.01,B0055,0.9959685802459717,False
0.02,B0055,0.9951567649841309,False
0.05,B0055,0.9960527420043945,False
0.1,B0055,0.9904242753982544,False
0.2,B0055,0.9302620887756348,True
0.01,B0055,0.9961853623390198,False
0.02,B0055,0.9958922266960144,False
0.05,B0055,0.9958704710006714,False
0.1,B0055,0.9929593205451965,False
0.2,B0055,0.9993086457252502,False
0.01,B0055,0.9963165521621704,False
0.02,B0055,0.9936724901199341,False
0.05,B0055,0.9973112344741821,False
0.1,B0055,0.9899135828018188,False
0.2,B0055,0.9831414818763733,False
0.01,B0055,0.9947933554649353,False
0.02,B0055,0.9958325028419495,False
0.05,B0055,0.9931401014328003,False
0.1,B0055,0.9855678081512451,False
0.2,B0055,0.9832948446273804,False
0.01,B0055,0.9954292178153992,False
0.02,B0055,0.9962362051010132,False
0.05,B0055,0.995455265045166,False
0.1,B0055,0.9906482696533203,False
0.2,B0055,0.9849337935447693,False
0.01,B0055,0.9945670366287231,False
0.02,B0055,0.9945878386497498,False
0.05,B0055,0.9947969913482666,False
0.1,B0055,0.9951592683792114,False
0.2,B0055,0.9957156181335449,False
0.01,B0055,0.995806097984314,False
0.02,B0055,0.9955794811248779,False
0.05,B0055,0.9950286149978638,False
0.1,B0055,0.9974943399429321,False
0.2,B0055,0.9928714632987976,False
0.01,B0055,0.9969989061355591,False
0.02,B0055,0.9962700605392456,False
0.05,B0055,0.9964269399642944,False
0.1,B0055,0.9929097294807434,False
0.2,B0055,0.9648910760879517,True
0.01,B0055,0.9964829683303833,False
0.02,B0055,0.9964157342910767,False
0.05,B0055,0.9948388934135437,False
0.1,B0055,0.992965579032898,False
0.2,B0055,0.9892352819442749,False
0.01,B0055,0.991051435470581,False
0.02,B0055,0.991412878036499,False
0.05,B0055,0.9933425188064575,False
0.1,B0055,0.9921467304229736,False
0.2,B0055,0.9877885580062866,False
0.01,B0055,0.9951716065406799,False
0.02,B0055,0.995341420173645,False
0.05,B0055,0.9953559637069702,False
0.1,B0055,0.9924193620681763,False
0.2,B0055,0.9706593751907349,True
0.01,B0055,0.9934446811676025,False
0.02,B0055,0.9957978129386902,False
0.05,B0055,0.9942276477813721,False
0.1,B0055,0.9877916574478149,False
0.2,B0055,0.9898056387901306,False
0.01,B0055,0.9950771927833557,False
0.02,B0055,0.994361400604248,False
0.05,B0055,0.9973750710487366,False
0.1,B0055,0.9968831539154053,False
0.2,B0055,0.9874063730239868,False
0.01,B0055,0.9945932030677795,False
0.02,B0055,0.9972860813140869,False
0.05,B0055,0.9965128898620605,False
0.1,B0055,0.9907070398330688,False
0.2,B0055,0.9897608757019043,False
0.01,B0055,0.995052695274353,False
0.02,B0055,0.9960300326347351,False
0.05,B0055,0.9962056279182434,False
0.1,B0055,0.9909536242485046,False
0.2,B0055,0.9952559471130371,False
0.01,B0055,0.9954007267951965,False
0.02,B0055,0.995212197303772,False
0.05,B0055,0.9974624514579773,False
0.1,B0055,0.9971421360969543,False
0.2,B0055,0.9922329783439636,False
0.01,B0055,0.994724452495575,False
0.02,B0055,0.9953157901763916,False
0.05,B0055,0.9962437152862549,False
0.1,B0055,0.9906866550445557,False
0.2,B0055,0.9979488849639893,False
0.01,B0055,0.9970736503601074,False
0.02,B0055,0.9963622093200684,False
0.05,B0055,0.9967480301856995,False
0.1,B0055,0.9941823482513428,False
0.2,B0055,0.9814754724502563,False
0.01,B0055,0.9950459003448486,False
0.02,B0055,0.9983158707618713,False
0.05,B0055,0.997543454170227,False
0.1,B0055,0.9936972260475159,False
0.2,B0055,0.9573314189910889,True
0.01,B0055,0.9962460994720459,False
0.02,B0055,0.9969435930252075,False
0.05,B0055,0.9927846193313599,False
0.1,B0055,0.9959332942962646,False
0.2,B0055,0.9981882572174072,False
0.01,B0055,0.993599534034729,False
0.02,B0055,0.9924228191375732,False
0.05,B0055,0.994592547416687,False
0.1,B0055,0.9934645891189575,False
0.2,B0055,0.9834314584732056,False
0.01,B0055,0.9953400492668152,False
0.02,B0055,0.9973301887512207,False
0.05,B0055,0.9929434061050415,False
0.1,B0055,0.9929186105728149,False
0.2,B0055,0.9863594174385071,False
0.01,B0055,0.9952293634414673,False
0.02,B0055,0.9964874982833862,False
0.05,B0055,0.9971846342086792,False
0.1,B0055,0.9954842329025269,False
0.2,B0055,0.9885143041610718,False
0.01,B0055,0.9957854747772217,False
0.02,B0055,0.9965331554412842,False
0.05,B0055,0.9949932098388672,False
0.1,B0055,0.9961960315704346,False
0.2,B0055,0.9909714460372925,False
0.01,B0055,0.9965200424194336,False
0.02,B0055,0.9938033223152161,False
0.05,B0055,0.9966669678688049,False
0.1,B0055,0.9764454960823059,True
0.2,B0055,0.9769976139068604,True
0.01,B0055,0.9933112859725952,False
0.02,B0055,0.9944278001785278,False
0.05,B0055,0.9949426651000977,False
0.1,B0055,0.9933270215988159,False
0.2,B0055,0.9794235229492188,True
0.01,B0055,0.9963716268539429,False
0.02,B0055,0.9953843355178833,False
0.05,B0055,0.9930551648139954,False
0.1,B0055,0.9903695583343506,False
0.2,B0055,0.9930718541145325,False
0.01,B0055,0.9951746463775635,False
0.02,B0055,0.9950755834579468,False
0.05,B0055,0.9944685697555542,False
0.1,B0055,0.9930688142776489,False
0.2,B0055,0.9989203810691833,False
0.01,B0055,0.993787944316864,False
0.02,B0055,0.9943705797195435,False
0.05,B0055,0.9933000802993774,False
0.1,B0055,0.9960798621177673,False
0.2,B0055,0.9897414445877075,False
0.01,B0055,0.9952934980392456,False
0.02,B0055,0.9964378476142883,False
0.05,B0055,0.9955545663833618,False
0.1,B0055,0.9944018125534058,False
0.2,B0055,0.9830162525177002,False
0.01,B0055,0.9947826862335205,False
0.02,B0055,0.9979231953620911,False
0.05,B0055,0.9960141777992249,False
0.1,B0055,0.9922347664833069,False
0.2,B0055,0.9922953844070435,False
0.01,B0055,0.9941238164901733,False
0.02,B0055,0.9950065612792969,False
0.05,B0055,0.9939446449279785,False
0.1,B0055,0.9897005558013916,False
0.2,B0055,0.9671921730041504,True
0.01,B0055,0.9956203103065491,False
0.02,B0055,0.9932392239570618,False
0.05,B0055,0.992691159248352,False
0.1,B0055,0.9935562610626221,False
0.2,B0055,0.968529224395752,True
0.01,B0055,0.9947909116744995,False
0.02,B0055,0.9963638782501221,False
0.05,B0055,0.9922538995742798,False
0.1,B0055,0.9950822591781616,False
0.2,B0055,0.9911061525344849,False
0.01,B0055,0.9949347376823425,False
0.02,B0055,0.9929972290992737,False
0.05,B0055,0.9955992102622986,False
0.1,B0055,0.9928131699562073,False
0.2,B0055,0.9883619546890259,False
0.01,B0055,0.9958500862121582,False
0.02,B0055,0.9958817958831787,False
0.05,B0055,0.9956058859825134,False
0.1,B0055,0.9860043525695801,False
0.2,B0055,0.9727003574371338,True
0.01,B0055,0.9947876930236816,False
0.02,B0055,0.9945228695869446,False
0.05,B0055,0.9964684247970581,False
0.1,B0055,0.9960035085678101,False
0.2,B0055,0.9914807081222534,False
0.01,B0055,0.9951345324516296,False
0.02,B0055,0.9957787990570068,False
0.05,B0055,0.9970970749855042,False
0.1,B0055,0.9909372329711914,False
0.2,B0055,0.9897811412811279,False
0.01,B0055,0.9965602159500122,False
0.02,B0055,0.9943007230758667,False
0.05,B0055,0.9934808015823364,False
0.1,B0055,0.9938355684280396,False
0.2,B0055,0.9781622886657715,True
0.01,B0055,0.996785044670105,False
0.02,B0055,0.9932493567466736,False
0.05,B0055,0.9951942563056946,False
0.1,B0055,0.9933509826660156,False
0.2,B0055,0.9818677306175232,False
0.01,B0055,0.9948681592941284,False
0.02,B0055,0.9976981282234192,False
0.05,B0055,0.9935750365257263,False
0.1,B0055,0.9961574077606201,False
0.2,B0055,0.9866352081298828,False
0.01,B0055,0.9943128228187561,False
0.02,B0055,0.9961138367652893,False
0.05,B0055,0.9963822960853577,False
0.1,B0055,0.9931156635284424,False
0.2,B0055,0.9704254865646362,True
0.01,B0055,0.9961017966270447,False
0.02,B0055,0.9958508610725403,False
0.05,B0055,0.9938064217567444,False
0.1,B0055,0.9956197738647461,False
0.2,B0055,0.992350161075592,False
0.01,B0055,0.9932039976119995,False
0.02,B0055,0.9951024055480957,False
0.05,B0055,0.9934653043746948,False
0.1,B0055,0.9934816956520081,False
0.2,B0055,0.9812064170837402,False
0.01,B0055,0.9937113523483276,False
0.02,B0055,0.993729293346405,False
0.05,B0055,0.9947611093521118,False
0.1,B0055,0.9942741394042969,False
0.2,B0055,0.9861654043197632,False
0.01,B0055,0.995589017868042,False
0.02,B0055,0.9952397346496582,False
0.05,B0055,0.9940717220306396,False
0.1,B0055,0.9964870810508728,False
0.2,B0055,0.9858007431030273,False
0.01,B0055,0.9931938052177429,False
0.02,B0055,0.9909430146217346,False
0.05,B0055,0.9950971007347107,False
0.1,B0055,0.9951844811439514,False
0.2,B0055,0.9880193471908569,False
0.01,B0055,0.9941396117210388,False
0.02,B0055,0.9938778877258301,False
0.05,B0055,0.9979222416877747,False
0.1,B0055,0.9949238300323486,False
0.2,B0055,0.9841204881668091,False
0.01,B0055,0.9950819611549377,False
0.02,B0055,0.9965337514877319,False
0.05,B0055,0.9965215921401978,False
0.1,B0055,0.9977059364318848,False
0.2,B0055,0.9884946346282959,False
0.01,B0055,0.9933613538742065,False
0.02,B0055,0.9920337200164795,False
0.05,B0055,0.9892044067382812,False
0.1,B0055,0.98586106300354,False
0.2,B0055,0.9466438293457031,True
0.01,B0055,0.9949257373809814,False
0.02,B0055,0.9943733215332031,False
0.05,B0055,0.9922890067100525,False
0.1,B0055,0.9945799112319946,False
0.2,B0055,0.9734295606613159,True
0.01,B0055,0.9899212718009949,False
0.02,B0055,0.9887586236000061,False
0.05,B0055,0.9884454011917114,False
0.1,B0055,0.9924856424331665,False
0.2,B0055,0.9874038696289062,False
0.01,B0055,0.9928818941116333,False
0.02,B0055,0.9912903308868408,False
0.05,B0055,0.987933874130249,False
0.1,B0055,0.9958618879318237,False
0.2,B0055,0.9815328121185303,False
0.01,B0055,0.9931938648223877,False
0.02,B0055,0.996726393699646,False
0.05,B0055,0.9979802370071411,False
0.1,B0055,0.9915228486061096,False
0.2,B0055,0.9862809181213379,False
0.01,B0055,0.9903004169464111,False
0.02,B0055,0.9946051239967346,False
0.05,B0055,0.995071530342102,False
0.1,B0055,0.9953699111938477,False
0.2,B0055,0.9903404712677002,False
0.01,B0055,0.9928511381149292,False
0.02,B0055,0.9937763810157776,False
0.05,B0055,0.9982223510742188,False
0.1,B0055,0.9949012398719788,False
0.2,B0055,0.9873080849647522,False
0.01,B0055,0.9937355518341064,False
0.02,B0055,0.9930704236030579,False
0.05,B0055,0.9908705353736877,False
0.1,B0055,0.9927864074707031,False
0.2,B0055,0.9639154672622681,True
0.01,B0055,0.996224045753479,False
0.02,B0055,0.9931104183197021,False
0.05,B0055,0.9954252243041992,False
0.1,B0055,0.9940071702003479,False
0.2,B0055,0.9555259943008423,True
0.01,B0055,0.9926509261131287,False
0.02,B0055,0.9949706792831421,False
0.05,B0055,0.9945907592773438,False
0.1,B0055,0.9923989772796631,False
0.2,B0055,0.9718843698501587,True
0.01,B0055,0.9951516389846802,False
0.02,B0055,0.9947034120559692,False
0.05,B0055,0.9957782626152039,False
0.1,B0055,0.9981905221939087,False
0.2,B0055,0.9888195395469666,False
0.01,B0055,0.994512140750885,False
0.02,B0055,0.9931431412696838,False
0.05,B0055,0.9964249730110168,False
0.1,B0055,0.9972831606864929,False
0.2,B0055,0.9930902123451233,False
0.01,B0055,0.9928113222122192,False
0.02,B0055,0.9931448101997375,False
0.05,B0055,0.9905376434326172,False
0.1,B0055,0.9851021766662598,False
0.2,B0055,0.9692740440368652,True
0.01,B0055,0.9923251867294312,False
0.02,B0055,0.9917870163917542,False
0.05,B0055,0.9967874884605408,False
0.1,B0055,0.9976837635040283,False
0.2,B0055,0.9918843507766724,False
0.01,B0055,0.9937309622764587,False
0.02,B0055,0.9950298070907593,False
0.05,B0055,0.9961347579956055,False
0.1,B0055,0.9977907538414001,False
0.2,B0055,0.9919761419296265,False
