severity,source_cell_id,similarity_score,detected
0.01,B0006,0.999994158744812,False
0.02,B0006,0.9999827146530151,False
0.05,B0006,0.9997286796569824,False
0.1,B0006,0.9950578808784485,False
0.2,B0006,0.979314386844635,True
0.01,B0006,0.9999961853027344,False
0.02,B0006,0.9999933242797852,False
0.05,B0006,0.9998299479484558,False
0.1,B0006,0.9980505704879761,False
0.2,B0006,0.9772875308990479,True
0.01,B0006,0.9999961256980896,False
0.02,B0006,0.999994158744812,False
0.05,B0006,0.9997659921646118,False
0.1,B0006,0.9974484443664551,False
0.2,B0006,0.9405438303947449,True
0.01,B0006,0.9999973773956299,False
0.02,B0006,0.9999949336051941,False
0.05,B0006,0.999835729598999,False
0.1,B0006,0.9976879954338074,False
0.2,B0006,0.9722370505332947,True
0.01,B0006,0.9999904036521912,False
0.02,B0006,0.9999880790710449,False
0.05,B0006,0.9998735189437866,False
0.1,B0006,0.9944245219230652,False
0.2,B0006,0.97212815284729,True
0.01,B0006,0.9999899864196777,False
0.02,B0006,0.9999920129776001,False
0.05,B0006,0.9998330473899841,False
0.1,B0006,0.998649537563324,False
0.2,B0006,0.9691751599311829,True
0.01,B0006,0.9999937415122986,False
0.02,B0006,0.9999858140945435,False
0.05,B0006,0.9998098611831665,False
0.1,B0006,0.9965897798538208,False
0.2,B0006,0.8731048703193665,True
0.01,B0006,0.9999984502792358,False
0.02,B0006,0.9999954104423523,False
0.05,B0006,0.999750018119812,False
0.1,B0006,0.9984660148620605,False
0.2,B0006,0.9569865465164185,True
0.01,B0006,0.9999925494194031,False
0.02,B0006,0.999984860420227,False
0.05,B0006,0.9998050332069397,False
0.1,B0006,0.9969390034675598,False
0.2,B0006,0.973450779914856,True
0.01,B0006,0.9999815225601196,False
0.02,B0006,0.9999725818634033,False
0.05,B0006,0.9997507333755493,False
0.1,B0006,0.9978285431861877,False
0.2,B0006,0.9362143874168396,True
0.01,B0006,0.9999580979347229,False
0.02,B0006,0.9999747276306152,False
0.05,B0006,0.9998512268066406,False
0.1,B0006,0.9968780875205994,False
0.2,B0006,0.9386123418807983,True
0.01,B0006,0.9999972581863403,False
0.02,B0006,0.9999956488609314,False
0.05,B0006,0.9997833967208862,False
0.1,B0006,0.9956191778182983,False
0.2,B0006,0.9590981006622314,True
0.01,B0006,0.9999958276748657,False
0.02,B0006,0.9999902844429016,False
0.05,B0006,0.9997771382331848,False
0.1,B0006,0.9962852597236633,False
0.2,B0006,0.9734894037246704,True
0.01,B0006,0.9999852776527405,False
0.02,B0006,0.9999889135360718,False
0.05,B0006,0.9997988939285278,False
0.1,B0006,0.996373176574707,False
0.2,B0006,0.9453377723693848,True
0.01,B0006,0.9999523758888245,False
0.02,B0006,0.9999646544456482,False
0.05,B0006,0.9998236298561096,False
0.1,B0006,0.9953620433807373,False
0.2,B0006,0.9728620648384094,True
0.01,B0006,0.9998993873596191,False
0.02,B0006,0.9998903274536133,False
0.05,B0006,0.9998652935028076,False
0.1,B0006,0.9957846999168396,False
0.2,B0006,0.9357094764709473,True
0.01,B0006,0.9999352693557739,False
0.02,B0006,0.9999149441719055,False
0.05,B0006,0.9997773170471191,False
0.1,B0006,0.9975977540016174,False
0.2,B0006,0.9222856760025024,True
0.01,B0006,0.9999361038208008,False
0.02,B0006,0.999923586845398,False
0.05,B0006,0.9997460842132568,False
0.1,B0006,0.9960215091705322,False
0.2,B0006,0.9423344731330872,True
0.01,B0006,0.999943733215332,False
0.02,B0006,0.9999568462371826,False
0.05,B0006,0.9997496008872986,False
0.1,B0006,0.9977620840072632,False
0.2,B0006,0.854477047920227,True
0.01,B0006,0.9997899532318115,False
0.02,B0006,0.9997652173042297,False
0.05,B0006,0.9993994235992432,False
0.1,B0006,0.9981319904327393,False
0.2,B0006,0.9766753911972046,True
0.01,B0006,0.9999592900276184,False
0.02,B0006,0.999947190284729,False
0.05,B0006,0.9998025298118591,False
0.1,B0006,0.9980846643447876,False
0.2,B0006,0.9690616130828857,True
0.01,B0006,0.9998023509979248,False
0.02,B0006,0.9997960925102234,False
0.05,B0006,0.9996877312660217,False
0.1,B0006,0.9973758459091187,False
0.2,B0006,0.9484374523162842,True
0.01,B0006,0.9995968341827393,False
0.02,B0006,0.9996395111083984,False
0.05,B0006,0.9994051456451416,False
0.1,B0006,0.9982962012290955,False
0.2,B0006,0.9663558006286621,True
0.01,B0006,0.999555766582489,False
0.02,B0006,0.9995552897453308,False
0.05,B0006,0.999330997467041,False
0.1,B0006,0.9951286911964417,False
0.2,B0006,0.9677141308784485,True
0.01,B0006,0.999443531036377,False
0.02,B0006,0.9993752241134644,False
0.05,B0006,0.9993562698364258,False
0.1,B0006,0.9972871541976929,False
0.2,B0006,0.824510931968689,True
0.01,B0006,0.9993909597396851,False
0.02,B0006,0.9994642734527588,False
0.05,B0006,0.9992412328720093,False
0.1,B0006,0.9965476393699646,False
0.2,B0006,0.7694625854492188,True
0.01,B0006,0.9993335604667664,False
0.02,B0006,0.9992735385894775,False
0.05,B0006,0.9995754957199097,False
0.1,B0006,0.9993666410446167,False
0.2,B0006,0.9264435768127441,True
0.01,B0006,0.9993590116500854,False
0.02,B0006,0.999370813369751,False
0.05,B0006,0.9990116357803345,False
0.1,B0006,0.9992215037345886,False
0.2,B0006,0.9727462530136108,True
0.01,B0006,0.9994169473648071,False
0.02,B0006,0.9993899464607239,False
0.05,B0006,0.9991835951805115,False
0.1,B0006,0.9978958964347839,False
0.2,B0006,0.9515802264213562,True
0.01,B0006,0.9994186758995056,False
0.02,B0006,0.999450147151947,False
0.05,B0006,0.9990779161453247,False
0.1,B0006,0.9963549375534058,False
0.2,B0006,0.9488913416862488,True
0.01,B0006,0.9994127154350281,False
0.02,B0006,0.9994657635688782,False
0.05,B0006,0.9992159008979797,False
0.1,B0006,0.9978723526000977,False
0.2,B0006,0.9708225727081299,True
0.01,B0006,0.9996454119682312,False
0.02,B0006,0.9995859861373901,False
0.05,B0006,0.9996049404144287,False
0.1,B0006,0.9962528347969055,False
0.2,B0006,0.9272146224975586,True
0.01,B0006,0.9995076060295105,False
0.02,B0006,0.9994590878486633,False
0.05,B0006,0.9994348287582397,False
0.1,B0006,0.9968440532684326,False
0.2,B0006,0.9760715365409851,True
0.01,B0006,0.9991610050201416,False
0.02,B0006,0.9991796016693115,False
0.05,B0006,0.9991230368614197,False
0.1,B0006,0.9958667159080505,False
0.2,B0006,0.9786299467086792,True
0.01,B0006,0.9990428686141968,False
0.02,B0006,0.9990324378013611,False
0.05,B0006,0.9986590147018433,False
0.1,B0006,0.9980292916297913,False
0.2,B0006,0.8821767568588257,True
0.01,B0006,0.9995454549789429,False
0.02,B0006,0.9995352625846863,False
0.05,B0006,0.9993477463722229,False
0.1,B0006,0.9990643858909607,False
0.2,B0006,0.9685988426208496,True
0.01,B0006,0.9992907047271729,False
0.02,B0006,0.9992970824241638,False
0.05,B0006,0.9993190765380859,False
0.1,B0006,0.9959161877632141,False
0.2,B0006,0.9598602652549744,True
0.01,B0006,0.9991381168365479,False
0.02,B0006,0.9991630911827087,False
0.05,B0006,0.9988754987716675,False
0.1,B0006,0.9973915219306946,False
0.2,B0006,0.974714457988739,True
0.01,B0006,0.9989250898361206,False
0.02,B0006,0.9990133047103882,False
0.05,B0006,0.9987853169441223,False
0.1,B0006,0.9975789785385132,False
0.2,B0006,0.8236989378929138,True
0.01,B0006,0.9991540312767029,False
0.02,B0006,0.9992780089378357,False
0.05,B0006,0.9992053508758545,False
0.1,B0006,0.9942331314086914,False
0.2,B0006,0.8580039739608765,True
0.01,B0006,0.9993823766708374,False
0.02,B0006,0.9992946982383728,False
0.05,B0006,0.9991494417190552,False
0.1,B0006,0.9938898682594299,False
0.2,B0006,0.914226233959198,True
0.01,B0006,0.9993049502372742,False
0.02,B0006,0.9992462992668152,False
0.05,B0006,0.9990963935852051,False
0.1,B0006,0.9965816736221313,False
0.2,B0006,0.9412333965301514,True
0.01,B0006,0.9994044899940491,False
0.02,B0006,0.9994722604751587,False
0.05,B0006,0.9987339973449707,False
0.1,B0006,0.9974597692489624,False
0.2,B0006,0.9660060405731201,True
0.01,B0006,0.9994499683380127,False
0.02,B0006,0.9994423389434814,False
0.05,B0006,0.9989835619926453,False
0.1,B0006,0.9990769028663635,False
0.2,B0006,0.965421736240387,True
0.01,B0006,0.9989825487136841,False
0.02,B0006,0.9990367889404297,False
0.05,B0006,0.9990790486335754,False
0.1,B0006,0.9967648983001709,False
0.2,B0006,0.9772576093673706,True
0.01,B0006,0.9987744688987732,False
0.02,B0006,0.9987561702728271,False
0.05,B0006,0.9978753924369812,False
0.1,B0006,0.9922122955322266,False
0.2,B0006,0.9786911010742188,True
0.01,B0006,0.998680591583252,False
0.02,B0006,0.9985313415527344,False
0.05,B0006,0.9983528852462769,False
0.1,B0006,0.9984251856803894,False
0.2,B0006,0.9581493139266968,True
0.01,B0006,0.9990197420120239,False
0.02,B0006,0.9989738464355469,False
0.05,B0006,0.999146580696106,False
0.1,B0006,0.996212363243103,False
0.2,B0006,0.886025071144104,True
0.01,B0006,0.9996647834777832,False
0.02,B0006,0.9996770620346069,False
0.05,B0006,0.9992971420288086,False
0.1,B0006,0.9980928897857666,False
0.2,B0006,0.9547223448753357,True
0.01,B0006,0.9997734427452087,False
0.02,B0006,0.9997659921646118,False
0.05,B0006,0.9995787143707275,False
0.1,B0006,0.998505711555481,False
0.2,B0006,0.7934542894363403,True
0.01,B0006,0.999573826789856,False
0.02,B0006,0.9994856119155884,False
0.05,B0006,0.9996756315231323,False
0.1,B0006,0.9987894892692566,False
0.2,B0006,0.873249888420105,True
0.01,B0006,0.9993336796760559,False
0.02,B0006,0.9993824362754822,False
0.05,B0006,0.9985554218292236,False
0.1,B0006,0.9931176900863647,False
0.2,B0006,0.7973446846008301,True
0.01,B0006,0.9990424513816833,False
0.02,B0006,0.9990070462226868,False
0.05,B0006,0.998341977596283,False
0.1,B0006,0.9964386820793152,False
0.2,B0006,0.7532339692115784,True
0.01,B0006,0.9988469481468201,False
0.02,B0006,0.9988272190093994,False
0.05,B0006,0.9975569248199463,False
0.1,B0006,0.9881792068481445,False
0.2,B0006,0.8881298899650574,True
0.01,B0006,0.9982949495315552,False
0.02,B0006,0.9982589483261108,False
0.05,B0006,0.9978963136672974,False
0.1,B0006,0.9899547100067139,False
0.2,B0006,0.7764136791229248,True
0.01,B0006,0.9981719255447388,False
0.02,B0006,0.9981006979942322,False
0.05,B0006,0.9976147413253784,False
0.1,B0006,0.9966611266136169,False
0.2,B0006,0.9639917612075806,True
0.01,B0006,0.9979034066200256,False
0.02,B0006,0.9977280497550964,False
0.05,B0006,0.9983925223350525,False
0.1,B0006,0.9959093928337097,False
0.2,B0006,0.9290010333061218,True
0.01,B0006,0.9971747398376465,False
0.02,B0006,0.9973926544189453,False
0.05,B0006,0.9971203804016113,False
0.1,B0006,0.9977564215660095,False
0.2,B0006,0.9840821027755737,False
0.01,B0006,0.9969505071640015,False
0.02,B0006,0.9969453811645508,False
0.05,B0006,0.9950836896896362,False
0.1,B0006,0.9905104637145996,False
0.2,B0006,0.9661141633987427,True
0.01,B0006,0.996227502822876,False
0.02,B0006,0.9960759878158569,False
0.05,B0006,0.996170699596405,False
0.1,B0006,0.9922884702682495,False
0.2,B0006,0.6921218633651733,True
0.01,B0006,0.9957589507102966,False
0.02,B0006,0.995814323425293,False
0.05,B0006,0.9948251843452454,False
0.1,B0006,0.9931763410568237,False
0.2,B0006,0.7351984977722168,True
0.01,B0006,0.9953000545501709,False
0.02,B0006,0.9953609704971313,False
0.05,B0006,0.9942346811294556,False
0.1,B0006,0.9848840832710266,False
0.2,B0006,0.9064086675643921,True
0.01,B0006,0.9948995113372803,False
0.02,B0006,0.9945169687271118,False
0.05,B0006,0.9940950870513916,False
0.1,B0006,0.9989727139472961,False
0.2,B0006,0.9608659744262695,True
0.01,B0006,0.9953967332839966,False
0.02,B0006,0.9952796697616577,False
0.05,B0006,0.9943366050720215,False
0.1,B0006,0.9930305480957031,False
0.2,B0006,0.9309470057487488,True
0.01,B0006,0.9948344826698303,False
0.02,B0006,0.9947333335876465,False
0.05,B0006,0.9949991703033447,False
0.1,B0006,0.9838048219680786,False
0.2,B0006,0.9019688367843628,True
0.01,B0006,0.994117021560669,False
0.02,B0006,0.9940192699432373,False
0.05,B0006,0.9938905239105225,False
0.1,B0006,0.9900652766227722,False
0.2,B0006,0.9504324197769165,True
0.01,B0006,0.9941747784614563,False
0.02,B0006,0.9938541054725647,False
0.05,B0006,0.9913682341575623,False
0.1,B0006,0.9910322427749634,False
0.2,B0006,0.9042009115219116,True
0.01,B0006,0.9937208294868469,False
0.02,B0006,0.9936380386352539,False
0.05,B0006,0.9941134452819824,False
0.1,B0006,0.9915831685066223,False
0.2,B0006,0.9526430368423462,True
0.01,B0006,0.9925220608711243,False
0.02,B0006,0.9927998781204224,False
0.05,B0006,0.9941876530647278,False
0.1,B0006,0.979023277759552,True
0.2,B0006,0.9098062515258789,True
0.01,B0006,0.9921072721481323,False
0.02,B0006,0.9919818639755249,False
0.05,B0006,0.99074387550354,False
0.1,B0006,0.9830185174942017,False
0.2,B0006,0.9415218234062195,True
0.01,B0006,0.9925837516784668,False
0.02,B0006,0.992361307144165,False
0.05,B0006,0.9918975830078125,False
0.1,B0006,0.9819316864013672,False
0.2,B0006,0.5910261869430542,True
0.01,B0006,0.9919357299804688,False
0.02,B0006,0.9922861456871033,False
0.05,B0006,0.9877997636795044,False
0.1,B0006,0.9776914715766907,True
0.2,B0006,0.9153891205787659,True
0.01,B0006,0.991348147392273,False
0.02,B0006,0.9905441403388977,False
0.05,B0006,0.9910135865211487,False
0.1,B0006,0.9747345447540283,True
0.2,B0006,0.7192409634590149,True
0.01,B0006,0.9909791350364685,False
0.02,B0006,0.9910845756530762,False
0.05,B0006,0.9906314015388489,False
0.1,B0006,0.9887579679489136,False
0.2,B0006,0.9224168658256531,True
0.01,B0006,0.9907437562942505,False
0.02,B0006,0.9906573295593262,False
0.05,B0006,0.9893618822097778,False
0.1,B0006,0.9899139404296875,False
0.2,B0006,0.6122190952301025,True
0.01,B0006,0.9904113411903381,False
0.02,B0006,0.9902313351631165,False
0.05,B0006,0.9925233125686646,False
0.1,B0006,0.9837929010391235,False
0.2,B0006,0.8526141047477722,True
0.01,B0006,0.9896310567855835,False
0.02,B0006,0.9892914891242981,False
0.05,B0006,0.9893268346786499,False
0.1,B0006,0.9604065418243408,True
0.2,B0006,0.9370487332344055,True
0.01,B0006,0.9921075105667114,False
0.02,B0006,0.9916794896125793,False
0.05,B0006,0.9908239841461182,False
0.1,B0006,0.985175371170044,False
0.2,B0006,0.9563905000686646,True
0.01,B0006,0.9915328621864319,False
0.02,B0006,0.9909175634384155,False
0.05,B0006,0.9914505481719971,False
0.1,B0006,0.9689022898674011,True
0.2,B0006,0.9565914869308472,True
0.01,B0006,0.9901602268218994,False
0.02,B0006,0.9897725582122803,False
0.05,B0006,0.9907457828521729,False
0.1,B0006,0.9831970930099487,False
0.2,B0006,0.9498947858810425,True
0.01,B0006,0.988860547542572,False
0.02,B0006,0.9889787435531616,False
0.05,B0006,0.9898731708526611,False
0.1,B0006,0.9768198728561401,True
0.2,B0006,0.953568696975708,True
0.01,B0006,0.9876192808151245,False
0.02,B0006,0.987349808216095,False
0.05,B0006,0.9861414432525635,False
0.1,B0006,0.9560841917991638,True
0.2,B0006,0.9435722827911377,True
0.01,B0006,0.9866757988929749,False
0.02,B0006,0.9867634177207947,False
0.05,B0006,0.9886608123779297,False
0.1,B0006,0.9684232473373413,True
0.2,B0006,0.9534084796905518,True
0.01,B0006,0.9863388538360596,False
0.02,B0006,0.9865747690200806,False
0.05,B0006,0.9831711053848267,False
0.1,B0006,0.9625391960144043,True
0.2,B0006,0.7067135572433472,True
0.01,B0006,0.9864897727966309,False
0.02,B0006,0.9870705604553223,False
0.05,B0006,0.9814082384109497,False
0.1,B0006,0.9684593677520752,True
0.2,B0006,0.6896941661834717,True
0.01,B0006,0.9872282147407532,False
0.02,B0006,0.9873133897781372,False
0.05,B0006,0.9857650399208069,False
0.1,B0006,0.9876605272293091,False
0.2,B0006,0.7109374403953552,True
0.01,B0006,0.9861333966255188,False
0.02,B0006,0.9864251017570496,False
0.05,B0006,0.9826291799545288,False
0.1,B0006,0.9910429120063782,False
0.2,B0006,0.9459736347198486,True
0.01,B0006,0.9849082231521606,False
0.02,B0006,0.9846892356872559,False
0.05,B0006,0.9785048961639404,True
0.1,B0006,0.9652327299118042,True
0.2,B0006,0.9192962646484375,True
0.01,B0006,0.9845443367958069,False
0.02,B0006,0.9840127229690552,False
0.05,B0006,0.9845495820045471,False
0.1,B0006,0.980121374130249,True
0.2,B0006,0.9623422026634216,True
0.01,B0006,0.9937326312065125,False
0.02,B0006,0.9936652183532715,False
0.05,B0006,0.9924777746200562,False
0.1,B0006,0.9667954444885254,True
0.2,B0006,0.7007948160171509,True
0.01,B0006,0.9940099120140076,False
0.02,B0006,0.9936543107032776,False
0.05,B0006,0.995376467704773,False
0.1,B0006,0.9911187291145325,False
0.2,B0006,0.9643286466598511,True
0.01,B0006,0.991625189781189,False
0.02,B0006,0.9920672178268433,False
0.05,B0006,0.9911127686500549,False
0.1,B0006,0.9680249094963074,True
0.2,B0006,0.7329690456390381,True
0.01,B0006,0.9907036423683167,False
0.02,B0006,0.9907791018486023,False
0.05,B0006,0.9908530712127686,False
0.1,B0006,0.991759181022644,False
0.2,B0006,0.9384558200836182,True
0.01,B0006,0.9905897378921509,False
0.02,B0006,0.9908838272094727,False
0.05,B0006,0.9913719296455383,False
0.1,B0006,0.9835319519042969,False
0.2,B0006,0.8888775706291199,True
0.01,B0006,0.9892443418502808,False
0.02,B0006,0.9889042377471924,False
0.05,B0006,0.9897173643112183,False
0.1,B0006,0.991987943649292,False
0.2,B0006,0.6851592063903809,True
0.01,B0006,0.9888672828674316,False
0.02,B0006,0.9886373281478882,False
0.05,B0006,0.9895254969596863,False
0.1,B0006,0.9581254124641418,True
0.2,B0006,0.9725998044013977,True
0.01,B0006,0.9882148504257202,False
0.02,B0006,0.9876281023025513,False
0.05,B0006,0.9880030155181885,False
0.1,B0006,0.973332405090332,True
0.2,B0006,0.875068724155426,True
0.01,B0006,0.9865145683288574,False
0.02,B0006,0.986126720905304,False
0.05,B0006,0.9885188937187195,False
0.1,B0006,0.9632511734962463,True
0.2,B0006,0.9446202516555786,True
0.01,B0006,0.9863578081130981,False
0.02,B0006,0.9859300255775452,False
0.05,B0006,0.9866467118263245,False
0.1,B0006,0.9796465039253235,True
0.2,B0006,0.9619154334068298,True
0.01,B0006,0.9857352375984192,False
0.02,B0006,0.9858464002609253,False
0.05,B0006,0.9816699624061584,False
0.1,B0006,0.9706466794013977,True
0.2,B0006,0.9202598333358765,True
0.01,B0006,0.9853777289390564,False
0.02,B0006,0.9851428270339966,False
0.05,B0006,0.9843763113021851,False
0.1,B0006,0.9724451899528503,True
0.2,B0006,0.9244331121444702,True
0.01,B0006,0.9852783679962158,False
0.02,B0006,0.9850178360939026,False
0.05,B0006,0.984339714050293,False
0.1,B0006,0.9729374647140503,True
0.2,B0006,0.9249181747436523,True
0.01,B0006,0.9838014245033264,False
0.02,B0006,0.9838701486587524,False
0.05,B0006,0.9819225668907166,False
0.1,B0006,0.9793500900268555,True
0.2,B0006,0.918623149394989,True
0.01,B0006,0.9856852293014526,False
0.02,B0006,0.9859241247177124,False
0.05,B0006,0.9861975312232971,False
0.1,B0006,0.9849793314933777,False
0.2,B0006,0.7615644931793213,True
0.01,B0006,0.9839261770248413,False
0.02,B0006,0.9834771156311035,False
0.05,B0006,0.9831977486610413,False
0.1,B0006,0.9793636798858643,True
0.2,B0006,0.9616457223892212,True
0.01,B0006,0.9831474423408508,False
0.02,B0006,0.9831247329711914,False
0.05,B0006,0.9762759208679199,True
0.1,B0006,0.9748045802116394,True
0.2,B0006,0.5214519500732422,True
0.01,B0006,0.9843920469284058,False
0.02,B0006,0.9847226142883301,False
0.05,B0006,0.9814518690109253,False
0.1,B0006,0.9711583256721497,True
0.2,B0006,0.9281808137893677,True
0.01,B0006,0.9822126626968384,False
0.02,B0006,0.9823455810546875,False
0.05,B0006,0.9822174906730652,False
0.1,B0006,0.9766182899475098,True
0.2,B0006,0.9339683055877686,True
0.01,B0006,0.9812555313110352,False
0.02,B0006,0.980843722820282,False
0.05,B0006,0.9786621332168579,True
0.1,B0006,0.9814431667327881,False
0.2,B0006,0.9488670825958252,True
0.01,B0006,0.9802189469337463,True
0.02,B0006,0.9800702333450317,True
0.05,B0006,0.9778244495391846,True
0.1,B0006,0.9609179496765137,True
0.2,B0006,0.9225044250488281,True
0.01,B0006,0.980663537979126,True
0.02,B0006,0.9815378189086914,False
0.05,B0006,0.9732730388641357,True
0.1,B0006,0.9738825559616089,True
0.2,B0006,0.7910056114196777,True
0.01,B0006,0.9810605049133301,False
0.02,B0006,0.980332612991333,True
0.05,B0006,0.9794094562530518,True
0.1,B0006,0.9890106916427612,False
0.2,B0006,0.9554762840270996,True
0.01,B0006,0.9783002138137817,True
0.02,B0006,0.9786090850830078,True
0.05,B0006,0.9762961268424988,True
0.1,B0006,0.9542272090911865,True
0.2,B0006,0.633442223072052,True
0.01,B0006,0.9774382710456848,True
0.02,B0006,0.9770077466964722,True
0.05,B0006,0.9819144606590271,False
0.1,B0006,0.9510011076927185,True
0.2,B0006,0.7681350708007812,True
0.01,B0006,0.9779103994369507,True
0.02,B0006,0.9781737327575684,True
0.05,B0006,0.9795423150062561,True
0.1,B0006,0.9370312690734863,True
0.2,B0006,0.6341828107833862,True
0.01,B0006,0.97794508934021,True
0.02,B0006,0.9783475399017334,True
0.05,B0006,0.9737508296966553,True
0.1,B0006,0.9710918664932251,True
0.2,B0006,0.9270308613777161,True
0.01,B0006,0.9787285923957825,True
0.02,B0006,0.9786697030067444,True
0.05,B0006,0.972296953201294,True
0.1,B0006,0.9687448740005493,True
0.2,B0006,0.9403514862060547,True
0.01,B0006,0.9779633283615112,True
0.02,B0006,0.9788793325424194,True
0.05,B0006,0.9753469228744507,True
0.1,B0006,0.9739620685577393,True
0.2,B0006,0.9534974098205566,True
0.01,B0006,0.9756818413734436,True
0.02,B0006,0.974984884262085,True
0.05,B0006,0.967384934425354,True
0.1,B0006,0.9721440076828003,True
0.2,B0006,0.6549628973007202,True
0.01,B0006,0.9800923466682434,True
0.02,B0006,0.9800357222557068,True
0.05,B0006,0.9805845022201538,True
0.1,B0006,0.9808704853057861,False
0.2,B0006,0.8884568214416504,True
0.01,B0006,0.9812915325164795,False
0.02,B0006,0.9814587235450745,False
0.05,B0006,0.985811710357666,False
0.1,B0006,0.9744061827659607,True
0.2,B0006,0.9212484359741211,True
0.01,B0006,0.9799394607543945,True
0.02,B0006,0.9797078967094421,True
0.05,B0006,0.9778721332550049,True
0.1,B0006,0.9530651569366455,True
0.2,B0006,0.5277706980705261,True
0.01,B0006,0.980690598487854,True
0.02,B0006,0.9800810813903809,True
0.05,B0006,0.9794450998306274,True
0.1,B0006,0.9396767616271973,True
0.2,B0006,0.866461992263794,True
0.01,B0006,0.9802325367927551,True
0.02,B0006,0.9802062511444092,True
0.05,B0006,0.9846491813659668,False
0.1,B0006,0.9691758155822754,True
0.2,B0006,0.7861253023147583,True
0.01,B0006,0.9792126417160034,True
0.02,B0006,0.9794805645942688,True
0.05,B0006,0.9755377769470215,True
0.1,B0006,0.9523705840110779,True
0.2,B0006,0.6448835134506226,True
0.01,B0006,0.9791355133056641,True
0.02,B0006,0.9798800945281982,True
0.05,B0006,0.9725568890571594,True
0.1,B0006,0.9407967329025269,True
0.2,B0006,0.9447042942047119,True
0.01,B0006,0.9786770343780518,True
0.02,B0006,0.9785121083259583,True
0.05,B0006,0.9742341041564941,True
0.1,B0006,0.9649599194526672,True
0.2,B0006,0.8843276500701904,True
0.01,B0006,0.9782034158706665,True
0.02,B0006,0.9782298803329468,True
0.05,B0006,0.977240264415741,True
0.1,B0006,0.9887968301773071,False
0.2,B0006,0.539372980594635,True
0.01,B0006,0.9778836369514465,True
0.02,B0006,0.9776183366775513,True
0.05,B0006,0.971519947052002,True
0.1,B0006,0.9555755853652954,True
0.2,B0006,0.9634116888046265,True
0.01,B0006,0.9774787425994873,True
0.02,B0006,0.9776758551597595,True
0.05,B0006,0.9779106974601746,True
0.1,B0006,0.9444953203201294,True
0.2,B0006,0.909964919090271,True
0.01,B0006,0.9769914150238037,True
0.02,B0006,0.9767446517944336,True
0.05,B0006,0.9789503812789917,True
0.1,B0006,0.9292114973068237,True
0.2,B0006,0.8818759322166443,True
0.01,B0006,0.9775654077529907,True
0.02,B0006,0.9771231412887573,True
0.05,B0006,0.976686954498291,True
0.1,B0006,0.9421809911727905,True
0.2,B0006,0.9473750591278076,True
0.01,B0006,0.9761127233505249,True
0.02,B0006,0.9751743078231812,True
0.05,B0006,0.9780633449554443,True
0.1,B0006,0.9675416946411133,True
0.2,B0006,0.951746940612793,True
0.01,B0006,0.9799587726593018,True
0.02,B0006,0.980118453502655,True
0.05,B0006,0.9804302453994751,True
0.1,B0006,0.9785202145576477,True
0.2,B0006,0.811591625213623,True
0.01,B0006,0.9791738390922546,True
0.02,B0006,0.9781532883644104,True
0.05,B0006,0.9716641902923584,True
0.1,B0006,0.9518730640411377,True
0.2,B0006,0.9044585227966309,True
0.01,B0006,0.9785548448562622,True
0.02,B0006,0.9787792563438416,True
0.05,B0006,0.9747104644775391,True
0.1,B0006,0.9599657654762268,True
0.2,B0006,0.6495333909988403,True
0.01,B0006,0.9781718254089355,True
0.02,B0006,0.9787421226501465,True
0.05,B0006,0.9776930212974548,True
0.1,B0006,0.975551187992096,True
0.2,B0006,0.9875892400741577,False
0.01,B0006,0.9761982560157776,True
0.02,B0006,0.9759592413902283,True
0.05,B0006,0.9817710518836975,False
0.1,B0006,0.936862051486969,True
0.2,B0006,0.9615290760993958,True
0.01,B0006,0.975298285484314,True
0.02,B0006,0.9757100343704224,True
0.05,B0006,0.975283145904541,True
0.1,B0006,0.9826974868774414,False
0.2,B0006,0.9388340711593628,True
0.01,B0006,0.9759695529937744,True
0.02,B0006,0.9759178161621094,True
0.05,B0006,0.9760315418243408,True
0.1,B0006,0.9679972529411316,True
0.2,B0006,0.815018892288208,True
0.01,B0006,0.976716935634613,True
0.02,B0006,0.9775012731552124,True
0.05,B0006,0.9771549701690674,True
0.1,B0006,0.970676600933075,True
0.2,B0006,0.901756763458252,True
0.01,B0006,0.9756134748458862,True
0.02,B0006,0.9763761758804321,True
0.05,B0006,0.9727776646614075,True
0.1,B0006,0.9505791068077087,True
0.2,B0006,0.8363660573959351,True
0.01,B0006,0.9743752479553223,True
0.02,B0006,0.974583625793457,True
0.05,B0006,0.9718552231788635,True
0.1,B0006,0.9403185248374939,True
0.2,B0006,0.5156902074813843,True
0.01,B0006,0.9741604328155518,True
0.02,B0006,0.9731309413909912,True
0.05,B0006,0.9821502566337585,False
0.1,B0006,0.9679521322250366,True
0.2,B0006,0.8324745893478394,True
0.01,B0006,0.9741262793540955,True
0.02,B0006,0.9745550155639648,True
0.05,B0006,0.9698477387428284,True
0.1,B0006,0.9591363072395325,True
0.2,B0006,0.9090203046798706,True
0.01,B0006,0.9750145077705383,True
0.02,B0006,0.9756617546081543,True
0.05,B0006,0.9694790840148926,True
0.1,B0006,0.9581088423728943,True
0.2,B0006,0.7184306979179382,True
0.01,B0006,0.9746660590171814,True
0.02,B0006,0.9757981300354004,True
0.05,B0006,0.9793874025344849,True
0.1,B0006,0.9670088291168213,True
0.2,B0006,0.7336446046829224,True
0.01,B0006,0.9726478457450867,True
0.02,B0006,0.9722410440444946,True
0.05,B0006,0.9673964381217957,True
0.1,B0006,0.9594264030456543,True
0.2,B0006,0.8879842758178711,True
0.01,B0006,0.9727821350097656,True
0.02,B0006,0.9736491441726685,True
0.05,B0006,0.9646105766296387,True
0.1,B0006,0.9618833661079407,True
0.2,B0006,0.47063952684402466,True
0.01,B0006,0.9732990264892578,True
0.02,B0006,0.9728093147277832,True
0.05,B0006,0.972347617149353,True
0.1,B0006,0.9687201976776123,True
0.2,B0006,0.9259047508239746,True
0.01,B0006,0.9749457240104675,True
0.02,B0006,0.9750950336456299,True
0.05,B0006,0.9765071868896484,True
0.1,B0006,0.9619510173797607,True
0.2,B0006,0.7601214051246643,True
0.01,B0006,0.9710641503334045,True
0.02,B0006,0.9704428315162659,True
0.05,B0006,0.9724210500717163,True
0.1,B0006,0.9549984931945801,True
0.2,B0006,0.669973611831665,True
0.01,B0006,0.9702256321907043,True
0.02,B0006,0.970879077911377,True
0.05,B0006,0.9747286438941956,True
0.1,B0006,0.9443081617355347,True
0.2,B0006,0.8982053399085999,True
0.01,B0006,0.9678530097007751,True
0.02,B0006,0.9682971239089966,True
0.05,B0006,0.9640433192253113,True
0.1,B0006,0.9884958863258362,False
0.2,B0006,0.8830928802490234,True
0.01,B0006,0.9672693610191345,True
0.02,B0006,0.9668785333633423,True
0.05,B0006,0.9660621285438538,True
0.1,B0006,0.9611713290214539,True
0.2,B0006,0.9041229486465454,True
0.01,B0006,0.9656301736831665,True
0.02,B0006,0.964492678642273,True
0.05,B0006,0.9637829065322876,True
0.1,B0006,0.9586605429649353,True
0.2,B0006,0.5488582849502563,True
0.01,B0006,0.9648226499557495,True
0.02,B0006,0.9649100303649902,True
0.05,B0006,0.9647807478904724,True
0.1,B0006,0.9437200427055359,True
0.2,B0006,0.979153573513031,True
0.01,B0006,0.9643569588661194,True
0.02,B0006,0.9647359848022461,True
0.05,B0006,0.952589213848114,True
0.1,B0006,0.9542499780654907,True
0.2,B0006,0.8673156499862671,True
0.01,B0006,0.9640910625457764,True
0.02,B0006,0.9630225300788879,True
0.05,B0006,0.9634640216827393,True
0.1,B0006,0.9201388359069824,True
0.2,B0006,0.848683774471283,True
0.01,B0006,0.9615959525108337,True
0.02,B0006,0.9614781141281128,True
0.05,B0006,0.9621714949607849,True
0.1,B0006,0.9610445499420166,True
0.2,B0006,0.8718336820602417,True
0.01,B0006,0.9613210558891296,True
0.02,B0006,0.9607890248298645,True
0.05,B0006,0.9630177617073059,True
0.1,B0006,0.8966398239135742,True
0.2,B0006,0.9806473255157471,True
0.01,B0006,0.9606370329856873,True
0.02,B0006,0.9588664770126343,True
0.05,B0006,0.9490712285041809,True
0.1,B0006,0.9722526669502258,True
0.2,B0006,0.8648632764816284,True
0.01,B0006,0.9591262340545654,True
0.02,B0006,0.9586151838302612,True
0.05,B0006,0.9529550075531006,True
0.1,B0006,0.9705742597579956,True
0.2,B0006,0.9133589267730713,True
0.01,B0006,0.9561887383460999,True
0.02,B0006,0.9575455188751221,True
0.05,B0006,0.952731728553772,True
0.1,B0006,0.9467931985855103,True
0.2,B0006,0.7490559816360474,True
0.01,B0006,0.9573333263397217,True
0.02,B0006,0.9577387571334839,True
0.05,B0006,0.9589933753013611,True
0.1,B0006,0.9437607526779175,True
0.2,B0006,0.9223052263259888,True
0.01,B0006,0.9556626081466675,True
0.02,B0006,0.9545863270759583,True
0.05,B0006,0.962494969367981,True
0.1,B0006,0.924047589302063,True
0.2,B0006,0.7807515859603882,True
0.01,B0006,0.9601025581359863,True
0.02,B0006,0.9587460160255432,True
0.05,B0006,0.9558558464050293,True
0.1,B0006,0.9296718239784241,True
0.2,B0006,0.7323553562164307,True
0.01,B0006,0.9598124623298645,True
0.02,B0006,0.9588832855224609,True
0.05,B0006,0.9621246457099915,True
0.1,B0006,0.9332170486450195,True
0.2,B0006,0.8810397386550903,True
0.01,B0007,0.99996417760849,False
0.02,B0007,0.9999570846557617,False
0.05,B0007,0.9997798204421997,False
0.1,B0007,0.9969925880432129,False
0.2,B0007,0.9481378197669983,True
0.01,B0007,0.9999586939811707,False
0.02,B0007,0.9999679327011108,False
0.05,B0007,0.9996504783630371,False
0.1,B0007,0.9963668584823608,False
0.2,B0007,0.9439292550086975,True
0.01,B0007,0.9999945163726807,False
0.02,B0007,0.9999856948852539,False
0.05,B0007,0.9995548129081726,False
0.1,B0007,0.9974926710128784,False
0.2,B0007,0.95731520652771,True
0.01,B0007,0.999976634979248,False
0.02,B0007,0.9999667406082153,False
0.05,B0007,0.9997658729553223,False
0.1,B0007,0.9911059141159058,False
0.2,B0007,0.9461978673934937,True
0.01,B0007,0.9999682903289795,False
0.02,B0007,0.9999697208404541,False
0.05,B0007,0.9998216032981873,False
0.1,B0007,0.9977056384086609,False
0.2,B0007,0.871381402015686,True
0.01,B0007,0.9999889731407166,False
0.02,B0007,0.9999773502349854,False
0.05,B0007,0.9997567534446716,False
0.1,B0007,0.9956390261650085,False
0.2,B0007,0.9654229879379272,True
0.01,B0007,0.999984622001648,False
0.02,B0007,0.9999815225601196,False
0.05,B0007,0.9997744560241699,False
0.1,B0007,0.995613694190979,False
0.2,B0007,0.962281346321106,True
0.01,B0007,0.999732255935669,False
0.02,B0007,0.999710202217102,False
0.05,B0007,0.999297022819519,False
0.1,B0007,0.9977378249168396,False
0.2,B0007,0.9665507078170776,True
0.01,B0007,0.9996365904808044,False
0.02,B0007,0.999656081199646,False
0.05,B0007,0.9994760751724243,False
0.1,B0007,0.9988622069358826,False
0.2,B0007,0.9310901165008545,True
0.01,B0007,0.9996287226676941,False
0.02,B0007,0.9996577501296997,False
0.05,B0007,0.9993884563446045,False
0.1,B0007,0.9974786043167114,False
0.2,B0007,0.9374582767486572,True
0.01,B0007,0.9994547367095947,False
0.02,B0007,0.9995261430740356,False
0.05,B0007,0.9990832209587097,False
0.1,B0007,0.9952106475830078,False
0.2,B0007,0.9609130620956421,True
0.01,B0007,0.9995291233062744,False
0.02,B0007,0.999582052230835,False
0.05,B0007,0.9995490908622742,False
0.1,B0007,0.9975171089172363,False
0.2,B0007,0.9441695213317871,True
0.01,B0007,0.9994503259658813,False
0.02,B0007,0.9994997382164001,False
0.05,B0007,0.9993594884872437,False
0.1,B0007,0.9954200387001038,False
0.2,B0007,0.9452322721481323,True
0.01,B0007,0.9993992447853088,False
0.02,B0007,0.999433159828186,False
0.05,B0007,0.9993808269500732,False
0.1,B0007,0.9961748719215393,False
0.2,B0007,0.8942081928253174,True
0.01,B0007,0.9992610216140747,False
0.02,B0007,0.9991545677185059,False
0.05,B0007,0.9997360706329346,False
0.1,B0007,0.9971176385879517,False
0.2,B0007,0.9616298675537109,True
0.01,B0007,0.9990822672843933,False
0.02,B0007,0.999081015586853,False
0.05,B0007,0.9989953637123108,False
0.1,B0007,0.9963573217391968,False
0.2,B0007,0.9572068452835083,True
0.01,B0007,0.9986704587936401,False
0.02,B0007,0.998702883720398,False
0.05,B0007,0.9989778995513916,False
0.1,B0007,0.9947085976600647,False
0.2,B0007,0.6345348358154297,True
0.01,B0007,0.9987212419509888,False
0.02,B0007,0.9987702369689941,False
0.05,B0007,0.9989129304885864,False
0.1,B0007,0.9977998733520508,False
0.2,B0007,0.947534441947937,True
0.01,B0007,0.9987330436706543,False
0.02,B0007,0.9987961053848267,False
0.05,B0007,0.9988687038421631,False
0.1,B0007,0.997897207736969,False
0.2,B0007,0.9547791481018066,True
0.01,B0007,0.999701738357544,False
0.02,B0007,0.9996962547302246,False
0.05,B0007,0.9995936155319214,False
0.1,B0007,0.9961639046669006,False
0.2,B0007,0.94626784324646,True
0.01,B0007,0.9996054172515869,False
0.02,B0007,0.9995996356010437,False
0.05,B0007,0.9995982050895691,False
0.1,B0007,0.9980556964874268,False
0.2,B0007,0.8995099067687988,True
0.01,B0007,0.9994369745254517,False
0.02,B0007,0.9993842244148254,False
0.05,B0007,0.9989596009254456,False
0.1,B0007,0.9951788187026978,False
0.2,B0007,0.9676462411880493,True
0.01,B0007,0.9991255402565002,False
0.02,B0007,0.9992135167121887,False
0.05,B0007,0.9994087219238281,False
0.1,B0007,0.9969873428344727,False
0.2,B0007,0.9526382684707642,True
0.01,B0007,0.9990696310997009,False
0.02,B0007,0.9990195035934448,False
0.05,B0007,0.9992468953132629,False
0.1,B0007,0.9958810210227966,False
0.2,B0007,0.8996939659118652,True
0.01,B0007,0.9983229637145996,False
0.02,B0007,0.998368501663208,False
0.05,B0007,0.998988151550293,False
0.1,B0007,0.9959633946418762,False
0.2,B0007,0.945504367351532,True
0.01,B0007,0.9981884360313416,False
0.02,B0007,0.9982295632362366,False
0.05,B0007,0.9971370697021484,False
0.1,B0007,0.9907127022743225,False
0.2,B0007,0.9454681873321533,True
0.01,B0007,0.998102068901062,False
0.02,B0007,0.9981591105461121,False
0.05,B0007,0.9982060194015503,False
0.1,B0007,0.9971894025802612,False
0.2,B0007,0.9686439037322998,True
0.01,B0007,0.9980093240737915,False
0.02,B0007,0.9980145692825317,False
0.05,B0007,0.9981551170349121,False
0.1,B0007,0.9971290230751038,False
0.2,B0007,0.9605301022529602,True
0.01,B0007,0.9980493187904358,False
0.02,B0007,0.9981672763824463,False
0.05,B0007,0.9974316954612732,False
0.1,B0007,0.9946841597557068,False
0.2,B0007,0.9634342193603516,True
0.01,B0007,0.9980860948562622,False
0.02,B0007,0.998142421245575,False
0.05,B0007,0.9983270168304443,False
0.1,B0007,0.9959707260131836,False
0.2,B0007,0.7859249114990234,True
0.01,B0007,0.9987223744392395,False
0.02,B0007,0.9986608624458313,False
0.05,B0007,0.9993133544921875,False
0.1,B0007,0.997175931930542,False
0.2,B0007,0.9669507741928101,True
0.01,B0007,0.9985363483428955,False
0.02,B0007,0.9984310865402222,False
0.05,B0007,0.9983704686164856,False
0.1,B0007,0.9955675601959229,False
0.2,B0007,0.9667141437530518,True
0.01,B0007,0.9982622265815735,False
0.02,B0007,0.99822998046875,False
0.05,B0007,0.9983295202255249,False
0.1,B0007,0.9960007071495056,False
0.2,B0007,0.9736660122871399,True
0.01,B0007,0.9976552128791809,False
0.02,B0007,0.9978469610214233,False
0.05,B0007,0.9973488450050354,False
0.1,B0007,0.9954797029495239,False
0.2,B0007,0.9407176971435547,True
0.01,B0007,0.9974932670593262,False
0.02,B0007,0.9975506067276001,False
0.05,B0007,0.998462975025177,False
0.1,B0007,0.9968892335891724,False
0.2,B0007,0.9642115831375122,True
0.01,B0007,0.998358428478241,False
0.02,B0007,0.9982736110687256,False
0.05,B0007,0.9987815618515015,False
0.1,B0007,0.997417688369751,False
0.2,B0007,0.9709836840629578,True
0.01,B0007,0.9979616403579712,False
0.02,B0007,0.9978241920471191,False
0.05,B0007,0.9982256293296814,False
0.1,B0007,0.9971885681152344,False
0.2,B0007,0.9366829991340637,True
0.01,B0007,0.9976563453674316,False
0.02,B0007,0.9977414608001709,False
0.05,B0007,0.9972790479660034,False
0.1,B0007,0.9961285591125488,False
0.2,B0007,0.938530683517456,True
0.01,B0007,0.9974018931388855,False
0.02,B0007,0.9973407983779907,False
0.05,B0007,0.9973554611206055,False
0.1,B0007,0.9970318078994751,False
0.2,B0007,0.953505277633667,True
0.01,B0007,0.9977987408638,False
0.02,B0007,0.9976958632469177,False
0.05,B0007,0.997835099697113,False
0.1,B0007,0.9967448115348816,False
0.2,B0007,0.8839480876922607,True
0.01,B0007,0.9984543323516846,False
0.02,B0007,0.9985406398773193,False
0.05,B0007,0.9984400272369385,False
0.1,B0007,0.9958219528198242,False
0.2,B0007,0.9546912312507629,True
0.01,B0007,0.9986727237701416,False
0.02,B0007,0.9986903667449951,False
0.05,B0007,0.9992238879203796,False
0.1,B0007,0.9971282482147217,False
0.2,B0007,0.8963327407836914,True
0.01,B0007,0.9983728528022766,False
0.02,B0007,0.9983879327774048,False
0.05,B0007,0.9983616471290588,False
0.1,B0007,0.9974313378334045,False
0.2,B0007,0.9614145159721375,True
0.01,B0007,0.9978110194206238,False
0.02,B0007,0.9977433085441589,False
0.05,B0007,0.9986400604248047,False
0.1,B0007,0.995804488658905,False
0.2,B0007,0.9210364818572998,True
0.01,B0007,0.997344970703125,False
0.02,B0007,0.9973379373550415,False
0.05,B0007,0.998121976852417,False
0.1,B0007,0.9963564276695251,False
0.2,B0007,0.9592387676239014,True
0.01,B0007,0.997275173664093,False
0.02,B0007,0.997426450252533,False
0.05,B0007,0.9971781969070435,False
0.1,B0007,0.9967992305755615,False
0.2,B0007,0.9451180696487427,True
0.01,B0007,0.9973040223121643,False
0.02,B0007,0.9973293542861938,False
0.05,B0007,0.9967977404594421,False
0.1,B0007,0.9968721866607666,False
0.2,B0007,0.9375579357147217,True
0.01,B0007,0.9989872574806213,False
0.02,B0007,0.9990330934524536,False
0.05,B0007,0.9983174204826355,False
0.1,B0007,0.9932029843330383,False
0.2,B0007,0.7886646389961243,True
0.01,B0007,0.9992432594299316,False
0.02,B0007,0.9992142915725708,False
0.05,B0007,0.9989980459213257,False
0.1,B0007,0.9966791868209839,False
0.2,B0007,0.9661681652069092,True
0.01,B0007,0.998985230922699,False
0.02,B0007,0.9989849328994751,False
0.05,B0007,0.9987890720367432,False
0.1,B0007,0.9983402490615845,False
0.2,B0007,0.960716724395752,True
0.01,B0007,0.9987059831619263,False
0.02,B0007,0.9987633228302002,False
0.05,B0007,0.998472273349762,False
0.1,B0007,0.9980707168579102,False
0.2,B0007,0.9586655497550964,True
0.01,B0007,0.998729407787323,False
0.02,B0007,0.9986954927444458,False
0.05,B0007,0.9992908835411072,False
0.1,B0007,0.995060384273529,False
0.2,B0007,0.9544738531112671,True
0.01,B0007,0.998854398727417,False
0.02,B0007,0.9987511038780212,False
0.05,B0007,0.998374879360199,False
0.1,B0007,0.997455358505249,False
0.2,B0007,0.9696471691131592,True
0.01,B0007,0.9992486238479614,False
0.02,B0007,0.9992316365242004,False
0.05,B0007,0.999181866645813,False
0.1,B0007,0.9958690404891968,False
0.2,B0007,0.9690109491348267,True
0.01,B0007,0.9991104602813721,False
0.02,B0007,0.9990599155426025,False
0.05,B0007,0.9984139204025269,False
0.1,B0007,0.9962829351425171,False
0.2,B0007,0.9147614240646362,True
0.01,B0007,0.9990805983543396,False
0.02,B0007,0.9990688562393188,False
0.05,B0007,0.998825192451477,False
0.1,B0007,0.9971671104431152,False
0.2,B0007,0.9468440413475037,True
0.01,B0007,0.9990071654319763,False
0.02,B0007,0.9990312457084656,False
0.05,B0007,0.9991942644119263,False
0.1,B0007,0.9958468675613403,False
0.2,B0007,0.7931628227233887,True
0.01,B0007,0.9991974234580994,False
0.02,B0007,0.9992251396179199,False
0.05,B0007,0.9992080330848694,False
0.1,B0007,0.9978061318397522,False
0.2,B0007,0.9763564467430115,True
0.01,B0007,0.999401330947876,False
0.02,B0007,0.9994731545448303,False
0.05,B0007,0.9994351863861084,False
0.1,B0007,0.9982659816741943,False
0.2,B0007,0.8937119841575623,True
0.01,B0007,0.9993462562561035,False
0.02,B0007,0.9992871284484863,False
0.05,B0007,0.9991404414176941,False
0.1,B0007,0.9947105050086975,False
0.2,B0007,0.90384441614151,True
0.01,B0007,0.9992871880531311,False
0.02,B0007,0.9993537068367004,False
0.05,B0007,0.9987301826477051,False
0.1,B0007,0.9977010488510132,False
0.2,B0007,0.9609200954437256,True
0.01,B0007,0.9991704225540161,False
0.02,B0007,0.9991440773010254,False
0.05,B0007,0.9987654685974121,False
0.1,B0007,0.9956686496734619,False
0.2,B0007,0.9365274906158447,True
0.01,B0007,0.9994113445281982,False
0.02,B0007,0.9994173049926758,False
0.05,B0007,0.9994139671325684,False
0.1,B0007,0.9966318011283875,False
0.2,B0007,0.958502471446991,True
0.01,B0007,0.9993692636489868,False
0.02,B0007,0.9993022680282593,False
0.05,B0007,0.9992072582244873,False
0.1,B0007,0.9971907138824463,False
0.2,B0007,0.8117213249206543,True
0.01,B0007,0.9995338916778564,False
0.02,B0007,0.9995386600494385,False
0.05,B0007,0.9995566010475159,False
0.1,B0007,0.998598575592041,False
0.2,B0007,0.8702341318130493,True
0.01,B0007,0.9995272159576416,False
0.02,B0007,0.9995604753494263,False
0.05,B0007,0.9995388984680176,False
0.1,B0007,0.9981721043586731,False
0.2,B0007,0.9748256802558899,True
0.01,B0007,0.9994773268699646,False
0.02,B0007,0.9994653463363647,False
0.05,B0007,0.9992435574531555,False
0.1,B0007,0.9963126182556152,False
0.2,B0007,0.979541003704071,True
0.01,B0007,0.9994814395904541,False
0.02,B0007,0.9994751214981079,False
0.05,B0007,0.999341607093811,False
0.1,B0007,0.9968136548995972,False
0.2,B0007,0.969606876373291,True
0.01,B0007,0.9995558857917786,False
0.02,B0007,0.9996042847633362,False
0.05,B0007,0.9990882873535156,False
0.1,B0007,0.9973533749580383,False
0.2,B0007,0.9710083603858948,True
0.01,B0007,0.9995918273925781,False
0.02,B0007,0.9995558857917786,False
0.05,B0007,0.9994363784790039,False
0.1,B0007,0.9968312382698059,False
0.2,B0007,0.9646860361099243,True
0.01,B0007,0.9995765089988708,False
0.02,B0007,0.9995782375335693,False
0.05,B0007,0.9993448257446289,False
0.1,B0007,0.996377170085907,False
0.2,B0007,0.9671741127967834,True
0.01,B0007,0.9995962381362915,False
0.02,B0007,0.9996223449707031,False
0.05,B0007,0.9992491006851196,False
0.1,B0007,0.9955116510391235,False
0.2,B0007,0.7661631107330322,True
0.01,B0007,0.9996089339256287,False
0.02,B0007,0.9996291399002075,False
0.05,B0007,0.9996427297592163,False
0.1,B0007,0.9957886934280396,False
0.2,B0007,0.9403992891311646,True
0.01,B0007,0.9996112585067749,False
0.02,B0007,0.9996366500854492,False
0.05,B0007,0.9996082186698914,False
0.1,B0007,0.9983111023902893,False
0.2,B0007,0.9537245035171509,True
0.01,B0007,0.9995775818824768,False
0.02,B0007,0.9995473027229309,False
0.05,B0007,0.9996013641357422,False
0.1,B0007,0.9984728097915649,False
0.2,B0007,0.9666624665260315,True
0.01,B0007,0.9996703863143921,False
0.02,B0007,0.9996229410171509,False
0.05,B0007,0.9995260238647461,False
0.1,B0007,0.9971457123756409,False
0.2,B0007,0.9235934019088745,True
0.01,B0007,0.999592661857605,False
0.02,B0007,0.9995336532592773,False
0.05,B0007,0.9994913339614868,False
0.1,B0007,0.997214674949646,False
0.2,B0007,0.8905272483825684,True
0.01,B0007,0.9997234344482422,False
0.02,B0007,0.9997131824493408,False
0.05,B0007,0.9996615648269653,False
0.1,B0007,0.9984005689620972,False
0.2,B0007,0.9664955139160156,True
0.01,B0007,0.9995375871658325,False
0.02,B0007,0.9995043873786926,False
0.05,B0007,0.9995682835578918,False
0.1,B0007,0.9961703419685364,False
0.2,B0007,0.9567003846168518,True
0.01,B0007,0.9993898868560791,False
0.02,B0007,0.9993823170661926,False
0.05,B0007,0.9991047382354736,False
0.1,B0007,0.9957857131958008,False
0.2,B0007,0.9661768078804016,True
0.01,B0007,0.9995543360710144,False
0.02,B0007,0.9994955062866211,False
0.05,B0007,0.9993877410888672,False
0.1,B0007,0.9955471754074097,False
0.2,B0007,0.9354139566421509,True
0.01,B0007,0.9998019933700562,False
0.02,B0007,0.9997678995132446,False
0.05,B0007,0.9996576309204102,False
0.1,B0007,0.9989519119262695,False
0.2,B0007,0.9637818336486816,True
0.01,B0007,0.9998766183853149,False
0.02,B0007,0.9998764991760254,False
0.05,B0007,0.9994360208511353,False
0.1,B0007,0.9948684573173523,False
0.2,B0007,0.9342004656791687,True
0.01,B0007,0.9998806715011597,False
0.02,B0007,0.999897301197052,False
0.05,B0007,0.9994696378707886,False
0.1,B0007,0.9983673691749573,False
0.2,B0007,0.7009493112564087,True
0.01,B0007,0.9997415542602539,False
0.02,B0007,0.9997403621673584,False
0.05,B0007,0.999665379524231,False
0.1,B0007,0.9962254762649536,False
0.2,B0007,0.8700177669525146,True
0.01,B0007,0.9996140003204346,False
0.02,B0007,0.9995942115783691,False
0.05,B0007,0.9991768002510071,False
0.1,B0007,0.9948814511299133,False
0.2,B0007,0.9637188911437988,True
0.01,B0007,0.9998048543930054,False
0.02,B0007,0.9998229742050171,False
0.05,B0007,0.9993088245391846,False
0.1,B0007,0.9962068200111389,False
0.2,B0007,0.8579480648040771,True
0.01,B0007,0.9998902678489685,False
0.02,B0007,0.9998969435691833,False
0.05,B0007,0.9994680881500244,False
0.1,B0007,0.9985177516937256,False
0.2,B0007,0.9648542404174805,True
0.01,B0007,0.999850869178772,False
0.02,B0007,0.9998633861541748,False
0.05,B0007,0.9997715353965759,False
0.1,B0007,0.9961546659469604,False
0.2,B0007,0.9501096606254578,True
0.01,B0007,0.9996353387832642,False
0.02,B0007,0.9996263980865479,False
0.05,B0007,0.9995383024215698,False
0.1,B0007,0.9970985054969788,False
0.2,B0007,0.9669248461723328,True
0.01,B0007,0.999778687953949,False
0.02,B0007,0.9997713565826416,False
0.05,B0007,0.9995531439781189,False
0.1,B0007,0.994017481803894,False
0.2,B0007,0.9530239701271057,True
0.01,B0007,0.9997880458831787,False
0.02,B0007,0.9997648596763611,False
0.05,B0007,0.9992772340774536,False
0.1,B0007,0.9932165145874023,False
0.2,B0007,0.9175208806991577,True
0.01,B0007,0.9998616576194763,False
0.02,B0007,0.9998728632926941,False
0.05,B0007,0.9995238780975342,False
0.1,B0007,0.9959194660186768,False
0.2,B0007,0.9598965644836426,True
0.01,B0007,0.9998525381088257,False
0.02,B0007,0.9998725056648254,False
0.05,B0007,0.9998378157615662,False
0.1,B0007,0.9980955123901367,False
0.2,B0007,0.803200364112854,True
0.01,B0007,0.999822735786438,False
0.02,B0007,0.9998242855072021,False
0.05,B0007,0.9994910359382629,False
0.1,B0007,0.9964162707328796,False
0.2,B0007,0.854714035987854,True
0.01,B0007,0.9998350143432617,False
0.02,B0007,0.9998555183410645,False
0.05,B0007,0.9993962049484253,False
0.1,B0007,0.9952784776687622,False
0.2,B0007,0.6633267402648926,True
0.01,B0007,0.9998757839202881,False
0.02,B0007,0.9999024868011475,False
0.05,B0007,0.9994416236877441,False
0.1,B0007,0.9943264126777649,False
0.2,B0007,0.9581765532493591,True
0.01,B0007,0.9998732805252075,False
0.02,B0007,0.9998964071273804,False
0.05,B0007,0.9992505311965942,False
0.1,B0007,0.9969409704208374,False
0.2,B0007,0.9716577529907227,True
0.01,B0007,0.9998646378517151,False
0.02,B0007,0.9999078512191772,False
0.05,B0007,0.9993478655815125,False
0.1,B0007,0.9963082075119019,False
0.2,B0007,0.9680123925209045,True
0.01,B0007,0.9998918771743774,False
0.02,B0007,0.9998757839202881,False
0.05,B0007,0.99986332654953,False
0.1,B0007,0.9990120530128479,False
0.2,B0007,0.8592134714126587,True
0.01,B0007,0.9998744130134583,False
0.02,B0007,0.9998524188995361,False
0.05,B0007,0.9995657205581665,False
0.1,B0007,0.9986200332641602,False
0.2,B0007,0.9658750891685486,True
0.01,B0007,0.9998643398284912,False
0.02,B0007,0.999799370765686,False
0.05,B0007,0.9991613626480103,False
0.1,B0007,0.9961763620376587,False
0.2,B0007,0.8108755350112915,True
0.01,B0007,0.9998553395271301,False
0.02,B0007,0.9998856782913208,False
0.05,B0007,0.9995224475860596,False
0.1,B0007,0.99736088514328,False
0.2,B0007,0.9651006460189819,True
0.01,B0007,0.9997162818908691,False
0.02,B0007,0.9997456073760986,False
0.05,B0007,0.9995803833007812,False
0.1,B0007,0.9979326725006104,False
0.2,B0007,0.9292781352996826,True
0.01,B0007,0.9997580051422119,False
0.02,B0007,0.9997504949569702,False
0.05,B0007,0.9993348121643066,False
0.1,B0007,0.9983246326446533,False
0.2,B0007,0.9069319367408752,True
0.01,B0007,0.9998220205307007,False
0.02,B0007,0.9998316764831543,False
0.05,B0007,0.9995538592338562,False
0.1,B0007,0.9967502355575562,False
0.2,B0007,0.9658860564231873,True
0.01,B0007,0.9998229742050171,False
0.02,B0007,0.9998311996459961,False
0.05,B0007,0.9996076226234436,False
0.1,B0007,0.9958983659744263,False
0.2,B0007,0.9621154069900513,True
0.01,B0007,0.9998241662979126,False
0.02,B0007,0.9998010396957397,False
0.05,B0007,0.9991934299468994,False
0.1,B0007,0.9984350204467773,False
0.2,B0007,0.9049502611160278,True
0.01,B0007,0.9997787475585938,False
0.02,B0007,0.99973464012146,False
0.05,B0007,0.9992960095405579,False
0.1,B0007,0.9965845346450806,False
0.2,B0007,0.9640352725982666,True
0.01,B0007,0.9996965527534485,False
0.02,B0007,0.9995722770690918,False
0.05,B0007,0.9997532367706299,False
0.1,B0007,0.9901422262191772,False
0.2,B0007,0.9760543704032898,True
0.01,B0007,0.9997864961624146,False
0.02,B0007,0.9996756315231323,False
0.05,B0007,0.9994403719902039,False
0.1,B0007,0.9985844492912292,False
0.2,B0007,0.7902916073799133,True
0.01,B0007,0.999789297580719,False
0.02,B0007,0.9997193813323975,False
0.05,B0007,0.9998760223388672,False
0.1,B0007,0.9917532801628113,False
0.2,B0007,0.9579131603240967,True
0.01,B0007,0.9997271299362183,False
0.02,B0007,0.9996344447135925,False
0.05,B0007,0.9995604753494263,False
0.1,B0007,0.9987112283706665,False
0.2,B0007,0.9377005100250244,True
0.01,B0007,0.999567985534668,False
0.02,B0007,0.9995516538619995,False
0.05,B0007,0.9990567564964294,False
0.1,B0007,0.9985828399658203,False
0.2,B0007,0.7625914216041565,True
0.01,B0007,0.9996502995491028,False
0.02,B0007,0.9995543360710144,False
0.05,B0007,0.9984403848648071,False
0.1,B0007,0.9953283071517944,False
0.2,B0007,0.9060701727867126,True
0.01,B0007,0.9997291564941406,False
0.02,B0007,0.999675989151001,False
0.05,B0007,0.9994456171989441,False
0.1,B0007,0.9905585646629333,False
0.2,B0007,0.9464897513389587,True
0.01,B0007,0.9997345805168152,False
0.02,B0007,0.9997236728668213,False
0.05,B0007,0.9991335868835449,False
0.1,B0007,0.9946065545082092,False
0.2,B0007,0.9236195683479309,True
0.01,B0007,0.9996948838233948,False
0.02,B0007,0.9995916485786438,False
0.05,B0007,0.9993560910224915,False
0.1,B0007,0.9970949292182922,False
0.2,B0007,0.9555871486663818,True
0.01,B0007,0.9994277954101562,False
0.02,B0007,0.9994645118713379,False
0.05,B0007,0.9991827011108398,False
0.1,B0007,0.9960349798202515,False
0.2,B0007,0.9585293531417847,True
0.01,B0007,0.999721884727478,False
0.02,B0007,0.9997073411941528,False
0.05,B0007,0.9990832805633545,False
0.1,B0007,0.9896857738494873,False
0.2,B0007,0.7587186694145203,True
0.01,B0007,0.9996954202651978,False
0.02,B0007,0.9996582865715027,False
0.05,B0007,0.999262809753418,False
0.1,B0007,0.9944785833358765,False
0.2,B0007,0.8909918069839478,True
0.01,B0007,0.9997816681861877,False
0.02,B0007,0.9997320175170898,False
0.05,B0007,0.9993969202041626,False
0.1,B0007,0.9957427382469177,False
0.2,B0007,0.9382854700088501,True
0.01,B0007,0.9998155832290649,False
0.02,B0007,0.9997384548187256,False
0.05,B0007,0.9991059899330139,False
0.1,B0007,0.9954203367233276,False
0.2,B0007,0.7178964614868164,True
0.01,B0007,0.9997982978820801,False
0.02,B0007,0.9998090863227844,False
0.05,B0007,0.9998167157173157,False
0.1,B0007,0.9950829148292542,False
0.2,B0007,0.7728781700134277,True
0.01,B0007,0.9997371435165405,False
0.02,B0007,0.9997972249984741,False
0.05,B0007,0.9990715980529785,False
0.1,B0007,0.9982380867004395,False
0.2,B0007,0.9568935632705688,True
0.01,B0007,0.9997564554214478,False
0.02,B0007,0.9997838735580444,False
0.05,B0007,0.9990634322166443,False
0.1,B0007,0.9984912276268005,False
0.2,B0007,0.8777168989181519,True
0.01,B0007,0.9997276663780212,False
0.02,B0007,0.9997650384902954,False
0.05,B0007,0.9991748332977295,False
0.1,B0007,0.9966411590576172,False
0.2,B0007,0.9573796391487122,True
0.01,B0007,0.9996697306632996,False
0.02,B0007,0.9996466636657715,False
0.05,B0007,0.9994231462478638,False
0.1,B0007,0.9955680966377258,False
0.2,B0007,0.7172308564186096,True
0.01,B0007,0.9996606707572937,False
0.02,B0007,0.9996968507766724,False
0.05,B0007,0.9993759989738464,False
0.1,B0007,0.9875022172927856,False
0.2,B0007,0.9044185280799866,True
0.01,B0007,0.9996482729911804,False
0.02,B0007,0.9995664358139038,False
0.05,B0007,0.9996556043624878,False
0.1,B0007,0.9956164360046387,False
0.2,B0007,0.9346553683280945,True
0.01,B0007,0.9996258020401001,False
0.02,B0007,0.9997189044952393,False
0.05,B0007,0.9988119602203369,False
0.1,B0007,0.9935688972473145,False
0.2,B0007,0.921748161315918,True
0.01,B0007,0.99958336353302,False
0.02,B0007,0.9995514154434204,False
0.05,B0007,0.9993953108787537,False
0.1,B0007,0.9991050362586975,False
0.2,B0007,0.9649623036384583,True
0.01,B0007,0.9996932744979858,False
0.02,B0007,0.9996405243873596,False
0.05,B0007,0.9991289973258972,False
0.1,B0007,0.9934381246566772,False
0.2,B0007,0.7984565496444702,True
0.01,B0007,0.999715268611908,False
0.02,B0007,0.9997351169586182,False
0.05,B0007,0.9993680715560913,False
0.1,B0007,0.9956361651420593,False
0.2,B0007,0.960357666015625,True
0.01,B0007,0.9996540546417236,False
0.02,B0007,0.9995814561843872,False
0.05,B0007,0.9994828104972839,False
0.1,B0007,0.9937530159950256,False
0.2,B0007,0.9641473293304443,True
0.01,B0007,0.9995834827423096,False
0.02,B0007,0.9996740221977234,False
0.05,B0007,0.9988731741905212,False
0.1,B0007,0.9966416358947754,False
0.2,B0007,0.9767048358917236,True
0.01,B0007,0.9995439648628235,False
0.02,B0007,0.9995729923248291,False
0.05,B0007,0.9995397925376892,False
0.1,B0007,0.9953968524932861,False
0.2,B0007,0.9583919048309326,True
0.01,B0007,0.9995911121368408,False
0.02,B0007,0.9995723366737366,False
0.05,B0007,0.999772846698761,False
0.1,B0007,0.9949350357055664,False
0.2,B0007,0.9483312368392944,True
0.01,B0007,0.9994927644729614,False
0.02,B0007,0.9994661211967468,False
0.05,B0007,0.9985835552215576,False
0.1,B0007,0.9973291754722595,False
0.2,B0007,0.7755928635597229,True
0.01,B0007,0.9995414018630981,False
0.02,B0007,0.9995490908622742,False
0.05,B0007,0.9988130927085876,False
0.1,B0007,0.9952612519264221,False
0.2,B0007,0.9314243793487549,True
0.01,B0007,0.9994986653327942,False
0.02,B0007,0.9995409250259399,False
0.05,B0007,0.9992942810058594,False
0.1,B0007,0.9935513734817505,False
0.2,B0007,0.6710478067398071,True
0.01,B0007,0.9994188547134399,False
0.02,B0007,0.9993667006492615,False
0.05,B0007,0.9989016056060791,False
0.1,B0007,0.9933397769927979,False
0.2,B0007,0.9062063097953796,True
0.01,B0007,0.9994052052497864,False
0.02,B0007,0.999417781829834,False
0.05,B0007,0.9994093775749207,False
0.1,B0007,0.9903572201728821,False
0.2,B0007,0.9529402852058411,True
0.01,B0007,0.9994102716445923,False
0.02,B0007,0.9993744492530823,False
0.05,B0007,0.9987505078315735,False
0.1,B0007,0.9946856498718262,False
0.2,B0007,0.9703075885772705,True
0.01,B0007,0.9993301033973694,False
0.02,B0007,0.9992749691009521,False
0.05,B0007,0.9990819096565247,False
0.1,B0007,0.9925729632377625,False
0.2,B0007,0.9651889204978943,True
0.01,B0007,0.9992737174034119,False
0.02,B0007,0.9993148446083069,False
0.05,B0007,0.9983445405960083,False
0.1,B0007,0.993380606174469,False
0.2,B0007,0.9534722566604614,True
0.01,B0007,0.9990716576576233,False
0.02,B0007,0.9989486932754517,False
0.05,B0007,0.9984170198440552,False
0.1,B0007,0.9879862666130066,False
0.2,B0007,0.9510221481323242,True
0.01,B0007,0.9991007447242737,False
0.02,B0007,0.9992142915725708,False
0.05,B0007,0.9989426136016846,False
0.1,B0007,0.9968847036361694,False
0.2,B0007,0.6571716070175171,True
0.01,B0007,0.999270498752594,False
0.02,B0007,0.9991920590400696,False
0.05,B0007,0.9985934495925903,False
0.1,B0007,0.9943718910217285,False
0.2,B0007,0.780642032623291,True
0.01,B0007,0.9992046356201172,False
0.02,B0007,0.9990295171737671,False
0.05,B0007,0.9978863000869751,False
0.1,B0007,0.9925543069839478,False
0.2,B0007,0.8487169742584229,True
0.01,B0007,0.9996016025543213,False
0.02,B0007,0.9995936155319214,False
0.05,B0007,0.9986511468887329,False
0.1,B0007,0.9958122372627258,False
0.2,B0007,0.964531660079956,True
0.01,B0007,0.9994614124298096,False
0.02,B0007,0.9994513988494873,False
0.05,B0007,0.99936842918396,False
0.1,B0007,0.9943174123764038,False
0.2,B0007,0.9522159099578857,True
0.01,B0007,0.9994378089904785,False
0.02,B0007,0.9994722008705139,False
0.05,B0007,0.9994782209396362,False
0.1,B0007,0.997908353805542,False
0.2,B0007,0.9112052917480469,True
0.01,B0007,0.9991738796234131,False
0.02,B0007,0.9992334246635437,False
0.05,B0007,0.9988979697227478,False
0.1,B0007,0.995150625705719,False
0.2,B0007,0.9694361686706543,True
0.01,B0007,0.9991556406021118,False
0.02,B0007,0.9992026090621948,False
0.05,B0007,0.9992802143096924,False
0.1,B0007,0.991624116897583,False
0.2,B0007,0.962114691734314,True
0.01,B0007,0.9989708662033081,False
0.02,B0007,0.9991796612739563,False
0.05,B0007,0.998429536819458,False
0.1,B0007,0.9931950569152832,False
0.2,B0007,0.7394487857818604,True
0.01,B0007,0.9991260766983032,False
0.02,B0007,0.9991262555122375,False
0.05,B0007,0.9992517232894897,False
0.1,B0007,0.995884358882904,False
0.2,B0007,0.9802677035331726,True
0.01,B0007,0.9990212321281433,False
0.02,B0007,0.9989808797836304,False
0.05,B0007,0.997818648815155,False
0.1,B0007,0.9953616857528687,False
0.2,B0007,0.6972587704658508,True
0.01,B0007,0.9989238977432251,False
0.02,B0007,0.9989243745803833,False
0.05,B0007,0.9975463151931763,False
0.1,B0007,0.9797036647796631,True
0.2,B0007,0.6421698331832886,True
0.01,B0007,0.9989487528800964,False
0.02,B0007,0.9989895224571228,False
0.05,B0007,0.9990138411521912,False
0.1,B0007,0.9978950023651123,False
0.2,B0007,0.8353018760681152,True
0.01,B0007,0.9989267587661743,False
0.02,B0007,0.9988640546798706,False
0.05,B0007,0.9981544017791748,False
0.1,B0007,0.9934794902801514,False
0.2,B0007,0.9512948393821716,True
0.01,B0007,0.9988782405853271,False
0.02,B0007,0.9989407062530518,False
0.05,B0007,0.9981176853179932,False
0.1,B0007,0.9912492632865906,False
0.2,B0007,0.8476772308349609,True
0.01,B0007,0.9987245202064514,False
0.02,B0007,0.9988976716995239,False
0.05,B0007,0.9970580339431763,False
0.1,B0007,0.9968645572662354,False
0.2,B0007,0.9365546107292175,True
0.01,B0007,0.9988301396369934,False
0.02,B0007,0.9988347291946411,False
0.05,B0007,0.996861457824707,False
0.1,B0007,0.99782395362854,False
0.2,B0007,0.9270240664482117,True
0.01,B0007,0.9987379908561707,False
0.02,B0007,0.9989638328552246,False
0.05,B0007,0.9981659650802612,False
0.1,B0007,0.9815207123756409,False
0.2,B0007,0.9107585549354553,True
0.01,B0007,0.9986224174499512,False
0.02,B0007,0.9986460208892822,False
0.05,B0007,0.9979956150054932,False
0.1,B0007,0.995188295841217,False
0.2,B0007,0.9431271553039551,True
0.01,B0007,0.9992231130599976,False
0.02,B0007,0.9992088079452515,False
0.05,B0007,0.9980623722076416,False
0.1,B0007,0.9966734647750854,False
0.2,B0007,0.9714756011962891,True
0.01,B0007,0.9993960857391357,False
0.02,B0007,0.9993598461151123,False
0.05,B0007,0.9995234608650208,False
0.1,B0007,0.9965349435806274,False
0.2,B0007,0.9730982780456543,True
0.01,B0025,0.9979262948036194,False
0.02,B0025,0.9978519678115845,False
0.05,B0025,0.9944130182266235,False
0.1,B0025,0.9676333665847778,True
0.2,B0025,0.7775142192840576,True
0.01,B0025,0.9983750581741333,False
0.02,B0025,0.9983276128768921,False
0.05,B0025,0.9976131916046143,False
0.1,B0025,0.9709149599075317,True
0.2,B0025,0.9000527858734131,True
0.01,B0025,0.9988943338394165,False
0.02,B0025,0.9990297555923462,False
0.05,B0025,0.9976725578308105,False
0.1,B0025,0.9924031496047974,False
0.2,B0025,0.8395513296127319,True
0.01,B0025,0.9983636140823364,False
0.02,B0025,0.9984039068222046,False
0.05,B0025,0.9972518682479858,False
0.1,B0025,0.965896725654602,True
0.2,B0025,0.8036708235740662,True
0.01,B0025,0.997249960899353,False
0.02,B0025,0.9968913793563843,False
0.05,B0025,0.9962400197982788,False
0.1,B0025,0.964240312576294,True
0.2,B0025,0.8952574729919434,True
0.01,B0025,0.9921922087669373,False
0.02,B0025,0.9916361570358276,False
0.05,B0025,0.9869920611381531,False
0.1,B0025,0.9873413443565369,False
0.2,B0025,0.8511946201324463,True
0.01,B0025,0.9919230937957764,False
0.02,B0025,0.9924129247665405,False
0.05,B0025,0.9922630786895752,False
0.1,B0025,0.9887009859085083,False
0.2,B0025,0.8499536514282227,True
0.01,B0025,0.9921799302101135,False
0.02,B0025,0.9907644391059875,False
0.05,B0025,0.9942951202392578,False
0.1,B0025,0.9559492468833923,True
0.2,B0025,0.8361259698867798,True
0.01,B0025,0.9879989624023438,False
0.02,B0025,0.9877796769142151,False
0.05,B0025,0.990963876247406,False
0.1,B0025,0.9782806634902954,True
0.2,B0025,0.9177367687225342,True
0.01,B0025,0.9872258901596069,False
0.02,B0025,0.987291693687439,False
0.05,B0025,0.9900301098823547,False
0.1,B0025,0.9595640897750854,True
0.2,B0025,0.8304415345191956,True
0.01,B0025,0.984681248664856,False
0.02,B0025,0.986627995967865,False
0.05,B0025,0.9841970205307007,False
0.1,B0025,0.9737440347671509,True
0.2,B0025,0.8409584760665894,True
0.01,B0025,0.9773088693618774,True
0.02,B0025,0.975776195526123,True
0.05,B0025,0.980342447757721,True
0.1,B0025,0.9440246820449829,True
0.2,B0025,0.8685036897659302,True
0.01,B0025,0.964208722114563,True
0.02,B0025,0.9650008082389832,True
0.05,B0025,0.9619057178497314,True
0.1,B0025,0.9776989221572876,True
0.2,B0025,0.7575774788856506,True
0.01,B0025,0.9220330715179443,True
0.02,B0025,0.9261477589607239,True
0.05,B0025,0.9395184516906738,True
0.1,B0025,0.8577450513839722,True
0.2,B0025,0.6925413608551025,True
0.01,B0025,0.9701310396194458,True
0.02,B0025,0.9698362350463867,True
0.05,B0025,0.9710281491279602,True
0.1,B0025,0.9679500460624695,True
0.2,B0025,0.8881418704986572,True
0.01,B0025,0.9751068353652954,True
0.02,B0025,0.9755056500434875,True
0.05,B0025,0.9739097356796265,True
0.1,B0025,0.9565389752388,True
0.2,B0025,0.861851692199707,True
0.01,B0025,0.993757963180542,False
0.02,B0025,0.9936546683311462,False
0.05,B0025,0.9873680472373962,False
0.1,B0025,0.9350214600563049,True
0.2,B0025,0.8718421459197998,True
0.01,B0025,0.9937888383865356,False
0.02,B0025,0.9936893582344055,False
0.05,B0025,0.9868031144142151,False
0.1,B0025,0.9862264394760132,False
0.2,B0025,0.8246022462844849,True
0.01,B0025,0.9900580644607544,False
0.02,B0025,0.9902266263961792,False
0.05,B0025,0.9863905310630798,False
0.1,B0025,0.9883917570114136,False
0.2,B0025,0.9264909029006958,True
0.01,B0025,0.9926988482475281,False
0.02,B0025,0.9928295612335205,False
0.05,B0025,0.9924221038818359,False
0.1,B0025,0.9861293435096741,False
0.2,B0025,0.8517747521400452,True
0.01,B0025,0.9917402267456055,False
0.02,B0025,0.9913437366485596,False
0.05,B0025,0.9930916428565979,False
0.1,B0025,0.9879828095436096,False
0.2,B0025,0.8319868445396423,True
0.01,B0025,0.9904550313949585,False
0.02,B0025,0.9908244609832764,False
0.05,B0025,0.989467978477478,False
0.1,B0025,0.9857758283615112,False
0.2,B0025,0.8010743856430054,True
0.01,B0025,0.9884677529335022,False
0.02,B0025,0.9889373779296875,False
0.05,B0025,0.9909064769744873,False
0.1,B0025,0.9830935597419739,False
0.2,B0025,0.7780681252479553,True
0.01,B0025,0.9941875338554382,False
0.02,B0025,0.9928885102272034,False
0.05,B0025,0.9884468913078308,False
0.1,B0025,0.9874114394187927,False
0.2,B0025,0.955206036567688,True
0.01,B0025,0.9970498085021973,False
0.02,B0025,0.9967414140701294,False
0.05,B0025,0.9959844350814819,False
0.1,B0025,0.9897604584693909,False
0.2,B0025,0.863055408000946,True
0.01,B0025,0.9987001419067383,False
0.02,B0025,0.9987512230873108,False
0.05,B0025,0.9914564490318298,False
0.1,B0025,0.9847224354743958,False
0.2,B0025,0.8423221707344055,True
0.01,B0025,0.9980890154838562,False
0.02,B0025,0.9979504346847534,False
0.05,B0025,0.9973886013031006,False
0.1,B0025,0.9329532384872437,True
0.2,B0025,0.8807812929153442,True
0.01,B0025,0.9964788556098938,False
0.02,B0025,0.9968202114105225,False
0.05,B0025,0.9972994327545166,False
0.1,B0025,0.9454609155654907,True
0.2,B0025,0.8690746426582336,True
0.01,B0029,0.9988662004470825,False
0.02,B0029,0.9986622333526611,False
0.05,B0029,0.9974644184112549,False
0.1,B0029,0.9938070178031921,False
0.2,B0029,0.924578070640564,True
0.01,B0029,0.99994295835495,False
0.02,B0029,0.9999220371246338,False
0.05,B0029,0.9992213249206543,False
0.1,B0029,0.9931460618972778,False
0.2,B0029,0.8099660277366638,True
0.01,B0029,0.9999203085899353,False
0.02,B0029,0.9999412894248962,False
0.05,B0029,0.9992800951004028,False
0.1,B0029,0.9954784512519836,False
0.2,B0029,0.9269981384277344,True
0.01,B0029,0.9999128580093384,False
0.02,B0029,0.9999053478240967,False
0.05,B0029,0.9996159076690674,False
0.1,B0029,0.9939364194869995,False
0.2,B0029,0.8642086386680603,True
0.01,B0029,0.9999292492866516,False
0.02,B0029,0.9998807907104492,False
0.05,B0029,0.9991633892059326,False
0.1,B0029,0.992436408996582,False
0.2,B0029,0.9444165825843811,True
0.01,B0029,0.9998262524604797,False
0.02,B0029,0.9998137950897217,False
0.05,B0029,0.9992402791976929,False
0.1,B0029,0.991195797920227,False
0.2,B0029,0.7889995574951172,True
0.01,B0029,0.9999473094940186,False
0.02,B0029,0.9999304413795471,False
0.05,B0029,0.9993256330490112,False
0.1,B0029,0.9868722558021545,False
0.2,B0029,0.927698016166687,True
0.01,B0029,0.9999536871910095,False
0.02,B0029,0.9999544024467468,False
0.05,B0029,0.9991236329078674,False
0.1,B0029,0.9965359568595886,False
0.2,B0029,0.9050043821334839,True
0.01,B0029,0.9999589920043945,False
0.02,B0029,0.9999295473098755,False
0.05,B0029,0.9991856217384338,False
0.1,B0029,0.9953392744064331,False
0.2,B0029,0.9076271057128906,True
0.01,B0029,0.9999461770057678,False
0.02,B0029,0.999896764755249,False
0.05,B0029,0.9996692538261414,False
0.1,B0029,0.9939684271812439,False
0.2,B0029,0.94355309009552,True
0.01,B0029,0.9998137950897217,False
0.02,B0029,0.9997909665107727,False
0.05,B0029,0.9994426369667053,False
0.1,B0029,0.9912570714950562,False
0.2,B0029,0.949263870716095,True
0.01,B0029,0.9999518394470215,False
0.02,B0029,0.9999269247055054,False
0.05,B0029,0.9992145895957947,False
0.1,B0029,0.9910440444946289,False
0.2,B0029,0.9018385410308838,True
0.01,B0029,0.9999492168426514,False
0.02,B0029,0.9999141097068787,False
0.05,B0029,0.998894214630127,False
0.1,B0029,0.986818790435791,False
0.2,B0029,0.909042239189148,True
0.01,B0029,0.999958872795105,False
0.02,B0029,0.9999409317970276,False
0.05,B0029,0.9992491602897644,False
0.1,B0029,0.9917435050010681,False
0.2,B0029,0.8064879775047302,True
0.01,B0029,0.9999619126319885,False
0.02,B0029,0.9999645352363586,False
0.05,B0029,0.9993056654930115,False
0.1,B0029,0.9886888265609741,False
0.2,B0029,0.9013371467590332,True
0.01,B0029,0.9998283386230469,False
0.02,B0029,0.999814510345459,False
0.05,B0029,0.9987404346466064,False
0.1,B0029,0.9920665621757507,False
0.2,B0029,0.815624475479126,True
0.01,B0029,0.9999474883079529,False
0.02,B0029,0.9999209642410278,False
0.05,B0029,0.9995279312133789,False
0.1,B0029,0.9915130138397217,False
0.2,B0029,0.8702548146247864,True
0.01,B0029,0.9999336004257202,False
0.02,B0029,0.9999246597290039,False
0.05,B0029,0.9995610117912292,False
0.1,B0029,0.9942774176597595,False
0.2,B0029,0.9356083273887634,True
0.01,B0029,0.99994295835495,False
0.02,B0029,0.9999092221260071,False
0.05,B0029,0.9991173148155212,False
0.1,B0029,0.9891586899757385,False
0.2,B0029,0.9149319529533386,True
0.01,B0029,0.9999362230300903,False
0.02,B0029,0.9999405145645142,False
0.05,B0029,0.9990465641021729,False
0.1,B0029,0.98981773853302,False
0.2,B0029,0.914343535900116,True
0.01,B0029,0.9999665021896362,False
0.02,B0029,0.9999522566795349,False
0.05,B0029,0.9994112849235535,False
0.1,B0029,0.9910948872566223,False
0.2,B0029,0.8077985644340515,True
0.01,B0029,0.9998447299003601,False
0.02,B0029,0.9999048709869385,False
0.05,B0029,0.9985247254371643,False
0.1,B0029,0.9904046058654785,False
0.2,B0029,0.8993798494338989,True
0.01,B0029,0.9999098181724548,False
0.02,B0029,0.9998565912246704,False
0.05,B0029,0.9991313219070435,False
0.1,B0029,0.9876542687416077,False
0.2,B0029,0.9080324172973633,True
0.01,B0029,0.9998377561569214,False
0.02,B0029,0.9998868703842163,False
0.05,B0029,0.999101996421814,False
0.1,B0029,0.9891854524612427,False
0.2,B0029,0.7943061590194702,True
0.01,B0029,0.9998319745063782,False
0.02,B0029,0.9998599886894226,False
0.05,B0029,0.998915433883667,False
0.1,B0029,0.9949883818626404,False
0.2,B0029,0.9158515930175781,True
0.01,B0029,0.9998667240142822,False
0.02,B0029,0.9998483657836914,False
0.05,B0029,0.999382495880127,False
0.1,B0029,0.991867184638977,False
0.2,B0029,0.9243003726005554,True
0.01,B0029,0.9998295307159424,False
0.02,B0029,0.9998472332954407,False
0.05,B0029,0.9992945194244385,False
0.1,B0029,0.98924320936203,False
0.2,B0029,0.8206150531768799,True
0.01,B0029,0.9998382329940796,False
0.02,B0029,0.999786376953125,False
0.05,B0029,0.9988917112350464,False
0.1,B0029,0.9926809668540955,False
0.2,B0029,0.819345235824585,True
0.01,B0029,0.9998613595962524,False
0.02,B0029,0.9998569488525391,False
0.05,B0029,0.9987417459487915,False
0.1,B0029,0.9927161931991577,False
0.2,B0029,0.8438073396682739,True
0.01,B0029,0.9998583197593689,False
0.02,B0029,0.9998856782913208,False
0.05,B0029,0.9985445737838745,False
0.1,B0029,0.990637481212616,False
0.2,B0029,0.9568355679512024,True
0.01,B0029,0.999843418598175,False
0.02,B0029,0.9997742772102356,False
0.05,B0029,0.9988391399383545,False
0.1,B0029,0.995682418346405,False
0.2,B0029,0.9119760394096375,True
0.01,B0029,0.9996330142021179,False
0.02,B0029,0.9996099472045898,False
0.05,B0029,0.9984540343284607,False
0.1,B0029,0.994353711605072,False
0.2,B0029,0.9169358015060425,True
0.01,B0029,0.9995887279510498,False
0.02,B0029,0.9995062947273254,False
0.05,B0029,0.9987713098526001,False
0.1,B0029,0.9889699816703796,False
0.2,B0029,0.793831467628479,True
0.01,B0029,0.9995889663696289,False
0.02,B0029,0.9996195435523987,False
0.05,B0029,0.9988957047462463,False
0.1,B0029,0.9930659532546997,False
0.2,B0029,0.9243149757385254,True
0.01,B0029,0.9995836615562439,False
0.02,B0029,0.9994605779647827,False
0.05,B0029,0.9989806413650513,False
0.1,B0029,0.993211567401886,False
0.2,B0029,0.939072847366333,True
0.01,B0029,0.9995763897895813,False
0.02,B0029,0.999537467956543,False
0.05,B0029,0.9983270168304443,False
0.1,B0029,0.9947111010551453,False
0.2,B0029,0.8244922757148743,True
0.01,B0029,0.9992610812187195,False
0.02,B0029,0.999164342880249,False
0.05,B0029,0.9988644123077393,False
0.1,B0029,0.9908758997917175,False
0.2,B0029,0.828956127166748,True
0.01,B0029,0.9996030926704407,False
0.02,B0029,0.9995101094245911,False
0.05,B0029,0.9986206293106079,False
0.1,B0029,0.9902754426002502,False
0.2,B0029,0.9138897061347961,True
0.01,B0029,0.9995431303977966,False
0.02,B0029,0.9994765520095825,False
0.05,B0029,0.9988954067230225,False
0.1,B0029,0.9888415932655334,False
0.2,B0029,0.9244195222854614,True
0.01,B0029,0.999512255191803,False
0.02,B0029,0.9994532465934753,False
0.05,B0029,0.9987348318099976,False
0.1,B0029,0.991917610168457,False
0.2,B0029,0.9007028341293335,True
0.01,B0034,0.9953004717826843,False
0.02,B0034,0.9951639175415039,False
0.05,B0034,0.9938986897468567,False
0.1,B0034,0.9909675121307373,False
0.2,B0034,0.9060345888137817,True
0.01,B0034,0.9996470212936401,False
0.02,B0034,0.9996684193611145,False
0.05,B0034,0.9923020601272583,False
0.1,B0034,0.9875705242156982,False
0.2,B0034,0.9304013252258301,True
0.01,B0034,0.9996708631515503,False
0.02,B0034,0.9997079372406006,False
0.05,B0034,0.9986187815666199,False
0.1,B0034,0.9868108630180359,False
0.2,B0034,0.9019492268562317,True
0.01,B0034,0.9995186924934387,False
0.02,B0034,0.9995443820953369,False
0.05,B0034,0.9990720748901367,False
0.1,B0034,0.9870636463165283,False
0.2,B0034,0.9221367835998535,True
0.01,B0034,0.9992210865020752,False
0.02,B0034,0.9991136193275452,False
0.05,B0034,0.997489333152771,False
0.1,B0034,0.93495774269104,True
0.2,B0034,0.8386244773864746,True
0.01,B0034,0.9975000619888306,False
0.02,B0034,0.9978017210960388,False
0.05,B0034,0.9902868866920471,False
0.1,B0034,0.970258891582489,True
0.2,B0034,0.8574773073196411,True
0.01,B0034,0.9974587559700012,False
0.02,B0034,0.9961029291152954,False
0.05,B0034,0.9930354952812195,False
0.1,B0034,0.9901330471038818,False
0.2,B0034,0.813079833984375,True
0.01,B0034,0.9977976083755493,False
0.02,B0034,0.9977761507034302,False
0.05,B0034,0.991927981376648,False
0.1,B0034,0.9912572503089905,False
0.2,B0034,0.787260890007019,True
0.01,B0034,0.9973764419555664,False
0.02,B0034,0.9975006580352783,False
0.05,B0034,0.9952201843261719,False
0.1,B0034,0.9883167743682861,False
0.2,B0034,0.7796429395675659,True
0.01,B0034,0.9971250295639038,False
0.02,B0034,0.9975259900093079,False
0.05,B0034,0.9969873428344727,False
0.1,B0034,0.9714789390563965,True
0.2,B0034,0.8101258277893066,True
0.01,B0034,0.9969444274902344,False
0.02,B0034,0.9971225261688232,False
0.05,B0034,0.9848224520683289,False
0.1,B0034,0.9729511737823486,True
0.2,B0034,0.8415388464927673,True
0.01,B0034,0.9971442818641663,False
0.02,B0034,0.997138261795044,False
0.05,B0034,0.9917932748794556,False
0.1,B0034,0.9784007668495178,True
0.2,B0034,0.8373173475265503,True
0.01,B0034,0.9965676665306091,False
0.02,B0034,0.9975032806396484,False
0.05,B0034,0.9947686791419983,False
0.1,B0034,0.9673517942428589,True
0.2,B0034,0.9161442518234253,True
0.01,B0034,0.9965047836303711,False
0.02,B0034,0.9973206520080566,False
0.05,B0034,0.9968791007995605,False
0.1,B0034,0.9945710301399231,False
0.2,B0034,0.8832714557647705,True
0.01,B0034,0.9960025548934937,False
0.02,B0034,0.9962625503540039,False
0.05,B0034,0.9957064390182495,False
0.1,B0034,0.9853109121322632,False
0.2,B0034,0.8547849655151367,True
0.01,B0034,0.9964892268180847,False
0.02,B0034,0.9962694644927979,False
0.05,B0034,0.9966391324996948,False
0.1,B0034,0.9309923052787781,True
0.2,B0034,0.919712483882904,True
0.01,B0034,0.9972825050354004,False
0.02,B0034,0.9974005222320557,False
0.05,B0034,0.9960811138153076,False
0.1,B0034,0.9779242277145386,True
0.2,B0034,0.7226802706718445,True
0.01,B0034,0.9967158436775208,False
0.02,B0034,0.9966839551925659,False
0.05,B0034,0.9945412874221802,False
0.1,B0034,0.9793463349342346,True
0.2,B0034,0.8098320364952087,True
0.01,B0034,0.9966471195220947,False
0.02,B0034,0.9972245097160339,False
0.05,B0034,0.9967514872550964,False
0.1,B0034,0.9441611766815186,True
0.2,B0034,0.9215989708900452,True
0.01,B0034,0.9959737062454224,False
0.02,B0034,0.9962573051452637,False
0.05,B0034,0.9874974489212036,False
0.1,B0034,0.9605501890182495,True
0.2,B0034,0.8758798241615295,True
0.01,B0034,0.9953259229660034,False
0.02,B0034,0.9943905472755432,False
0.05,B0034,0.9947959184646606,False
0.1,B0034,0.981704592704773,False
0.2,B0034,0.765898585319519,True
0.01,B0034,0.9980576038360596,False
0.02,B0034,0.9978065490722656,False
0.05,B0034,0.9986372590065002,False
0.1,B0034,0.9576605558395386,True
0.2,B0034,0.8788050413131714,True
0.01,B0034,0.9983130693435669,False
0.02,B0034,0.9984200596809387,False
0.05,B0034,0.9972528219223022,False
0.1,B0034,0.9423947930335999,True
0.2,B0034,0.80287766456604,True
0.01,B0034,0.9976469278335571,False
0.02,B0034,0.9978643655776978,False
0.05,B0034,0.996959924697876,False
0.1,B0034,0.9854403734207153,False
0.2,B0034,0.8658647537231445,True
0.01,B0034,0.996973991394043,False
0.02,B0034,0.9970647096633911,False
0.05,B0034,0.990444004535675,False
0.1,B0034,0.9842531085014343,False
0.2,B0034,0.8468858003616333,True
0.01,B0034,0.997101902961731,False
0.02,B0034,0.9970134496688843,False
0.05,B0034,0.9959858655929565,False
0.1,B0034,0.9209100008010864,True
0.2,B0034,0.8868035078048706,True
0.01,B0034,0.9971764087677002,False
0.02,B0034,0.9971206784248352,False
0.05,B0034,0.9962950348854065,False
0.1,B0034,0.9859968423843384,False
0.2,B0034,0.7036030292510986,True
0.01,B0034,0.997041642665863,False
0.02,B0034,0.9973167181015015,False
0.05,B0034,0.9968496561050415,False
0.1,B0034,0.9879031777381897,False
0.2,B0034,0.8291056156158447,True
0.01,B0034,0.9971640110015869,False
0.02,B0034,0.9965893626213074,False
0.05,B0034,0.9969683289527893,False
0.1,B0034,0.9903541803359985,False
0.2,B0034,0.9115269780158997,True
0.01,B0034,0.996349573135376,False
0.02,B0034,0.9961680173873901,False
0.05,B0034,0.9942994117736816,False
0.1,B0034,0.9908095598220825,False
0.2,B0034,0.8296328783035278,True
0.01,B0034,0.9962722063064575,False
0.02,B0034,0.9964407682418823,False
0.05,B0034,0.9973512887954712,False
0.1,B0034,0.9889438152313232,False
0.2,B0034,0.677021861076355,True
0.01,B0034,0.9962378740310669,False
0.02,B0034,0.9962747097015381,False
0.05,B0034,0.9865747094154358,False
0.1,B0034,0.9616802930831909,True
0.2,B0034,0.8799782991409302,True
0.01,B0034,0.9963909387588501,False
0.02,B0034,0.9965256452560425,False
0.05,B0034,0.9958480596542358,False
0.1,B0034,0.9485715627670288,True
0.2,B0034,0.8863390684127808,True
0.01,B0034,0.9962736964225769,False
0.02,B0034,0.9963653087615967,False
0.05,B0034,0.990573525428772,False
0.1,B0034,0.9821079969406128,False
0.2,B0034,0.7352001070976257,True
0.01,B0034,0.9960013628005981,False
0.02,B0034,0.9949766397476196,False
0.05,B0034,0.9970253705978394,False
0.1,B0034,0.9894722104072571,False
0.2,B0034,0.9097533226013184,True
0.01,B0034,0.9960779547691345,False
0.02,B0034,0.9959375858306885,False
0.05,B0034,0.9924764633178711,False
0.1,B0034,0.945970892906189,True
0.2,B0034,0.9262980222702026,True
0.01,B0034,0.9961407780647278,False
0.02,B0034,0.9958929419517517,False
0.05,B0034,0.9949833154678345,False
0.1,B0034,0.9567134976387024,True
0.2,B0034,0.9048206210136414,True
0.01,B0034,0.9956666827201843,False
0.02,B0034,0.9948920011520386,False
0.05,B0034,0.9904206991195679,False
0.1,B0034,0.9815044403076172,False
0.2,B0034,0.849677324295044,True
0.01,B0034,0.994261622428894,False
0.02,B0034,0.9941812753677368,False
0.05,B0034,0.9922344088554382,False
0.1,B0034,0.9842407703399658,False
0.2,B0034,0.7757697105407715,True
0.01,B0034,0.9956822395324707,False
0.02,B0034,0.9956866502761841,False
0.05,B0034,0.9951943159103394,False
0.1,B0034,0.9436978101730347,True
0.2,B0034,0.7933626770973206,True
0.01,B0034,0.9958869218826294,False
0.02,B0034,0.995883584022522,False
0.05,B0034,0.995150625705719,False
0.1,B0034,0.9662792682647705,True
0.2,B0034,0.7219352722167969,True
0.01,B0034,0.9961022138595581,False
0.02,B0034,0.9962250590324402,False
0.05,B0034,0.9952605962753296,False
0.1,B0034,0.970782458782196,True
0.2,B0034,0.848056435585022,True
0.01,B0034,0.9968276023864746,False
0.02,B0034,0.9971579313278198,False
0.05,B0034,0.9957259893417358,False
0.1,B0034,0.9388624429702759,True
0.2,B0034,0.8893775939941406,True
0.01,B0034,0.9947916865348816,False
0.02,B0034,0.9945937395095825,False
0.05,B0034,0.9933796525001526,False
0.1,B0034,0.9793329238891602,True
0.2,B0034,0.9264481067657471,True
0.01,B0034,0.9957868456840515,False
0.02,B0034,0.9962126016616821,False
0.05,B0034,0.9941517114639282,False
0.1,B0034,0.9975472092628479,False
0.2,B0034,0.7818138599395752,True
0.01,B0034,0.9845035076141357,False
0.02,B0034,0.9826028347015381,False
0.05,B0034,0.9657747745513916,True
0.1,B0034,0.9311801195144653,True
0.2,B0034,0.8210008144378662,True
0.01,B0034,0.9971075654029846,False
0.02,B0034,0.9967018365859985,False
0.05,B0034,0.9973573088645935,False
0.1,B0034,0.9182573556900024,True
0.2,B0034,0.9166311025619507,True
0.01,B0034,0.998141884803772,False
0.02,B0034,0.998179018497467,False
0.05,B0034,0.9935986995697021,False
0.1,B0034,0.9894916415214539,False
0.2,B0034,0.9185956120491028,True
0.01,B0034,0.9976761341094971,False
0.02,B0034,0.9976035356521606,False
0.05,B0034,0.9941813945770264,False
0.1,B0034,0.982829749584198,False
0.2,B0034,0.9046756029129028,True
0.01,B0034,0.9965952634811401,False
0.02,B0034,0.9966751337051392,False
0.05,B0034,0.9968714118003845,False
0.1,B0034,0.9920095205307007,False
0.2,B0034,0.8672529458999634,True
0.01,B0034,0.9943476915359497,False
0.02,B0034,0.9938077926635742,False
0.05,B0034,0.9957492351531982,False
0.1,B0034,0.9606636166572571,True
0.2,B0034,0.8458880186080933,True
0.01,B0034,0.9947263598442078,False
0.02,B0034,0.9933909773826599,False
0.05,B0034,0.9938908815383911,False
0.1,B0034,0.9527343511581421,True
0.2,B0034,0.8349989056587219,True
0.01,B0034,0.9958956837654114,False
0.02,B0034,0.9964606761932373,False
0.05,B0034,0.9947700500488281,False
0.1,B0034,0.9936726093292236,False
0.2,B0034,0.7813096046447754,True
0.01,B0034,0.9959253668785095,False
0.02,B0034,0.9955471158027649,False
0.05,B0034,0.9944282174110413,False
0.1,B0034,0.9857631921768188,False
0.2,B0034,0.7262529730796814,True
0.01,B0034,0.995512843132019,False
0.02,B0034,0.9958903789520264,False
0.05,B0034,0.9909687042236328,False
0.1,B0034,0.9501171112060547,True
0.2,B0034,0.8042151927947998,True
0.01,B0034,0.9951533079147339,False
0.02,B0034,0.9954856038093567,False
0.05,B0034,0.9970468282699585,False
0.1,B0034,0.9771426916122437,True
0.2,B0034,0.8619585037231445,True
0.01,B0034,0.9918150901794434,False
0.02,B0034,0.9907137155532837,False
0.05,B0034,0.9899970889091492,False
0.1,B0034,0.9884943962097168,False
0.2,B0034,0.7745717763900757,True
0.01,B0034,0.993197500705719,False
0.02,B0034,0.99268639087677,False
0.05,B0034,0.9937649965286255,False
0.1,B0034,0.9832814931869507,False
0.2,B0034,0.7830944061279297,True
0.01,B0034,0.9957452416419983,False
0.02,B0034,0.9949570298194885,False
0.05,B0034,0.9945393800735474,False
0.1,B0034,0.9387819766998291,True
0.2,B0034,0.8630317449569702,True
0.01,B0034,0.995883584022522,False
0.02,B0034,0.9958510398864746,False
0.05,B0034,0.9929839372634888,False
0.1,B0034,0.9851830005645752,False
0.2,B0034,0.8508432507514954,True
0.01,B0034,0.9953721761703491,False
0.02,B0034,0.9952653050422668,False
0.05,B0034,0.99454665184021,False
0.1,B0034,0.9670178890228271,True
0.2,B0034,0.8870127201080322,True
0.01,B0034,0.9930717945098877,False
0.02,B0034,0.993232250213623,False
0.05,B0034,0.9901767373085022,False
0.1,B0034,0.9798349738121033,True
0.2,B0034,0.9300922155380249,True
0.01,B0034,0.9900232553482056,False
0.02,B0034,0.9891549944877625,False
0.05,B0034,0.9807806015014648,True
0.1,B0034,0.9813661575317383,False
0.2,B0034,0.7800847291946411,True
0.01,B0034,0.9926133751869202,False
0.02,B0034,0.9930040836334229,False
0.05,B0034,0.9920258522033691,False
0.1,B0034,0.9931865930557251,False
0.2,B0034,0.7441166043281555,True
0.01,B0034,0.9951502084732056,False
0.02,B0034,0.9953528642654419,False
0.05,B0034,0.9935888051986694,False
0.1,B0034,0.9735754132270813,True
0.2,B0034,0.6721866130828857,True
0.01,B0034,0.994737446308136,False
0.02,B0034,0.9947118759155273,False
0.05,B0034,0.9915940761566162,False
0.1,B0034,0.9601295590400696,True
0.2,B0034,0.8983690142631531,True
0.01,B0034,0.9969121217727661,False
0.02,B0034,0.9962217807769775,False
0.05,B0034,0.997761607170105,False
0.1,B0034,0.9850249886512756,False
0.2,B0034,0.9140503406524658,True
0.01,B0034,0.993496835231781,False
0.02,B0034,0.993927538394928,False
0.05,B0034,0.9849014282226562,False
0.1,B0034,0.9781701564788818,True
0.2,B0034,0.9146120548248291,True
0.01,B0034,0.996076762676239,False
0.02,B0034,0.9954595565795898,False
0.05,B0034,0.9983762502670288,False
0.1,B0034,0.9961279630661011,False
0.2,B0034,0.8061434626579285,True
0.01,B0034,0.9967963099479675,False
0.02,B0034,0.9966920018196106,False
0.05,B0034,0.9951283931732178,False
0.1,B0034,0.9204815626144409,True
0.2,B0034,0.9202698469161987,True
0.01,B0034,0.996039628982544,False
0.02,B0034,0.9960935711860657,False
0.05,B0034,0.9942706823348999,False
0.1,B0034,0.976535439491272,True
0.2,B0034,0.8890767693519592,True
0.01,B0034,0.9959921836853027,False
0.02,B0034,0.9965405464172363,False
0.05,B0034,0.9948095679283142,False
0.1,B0034,0.924976110458374,True
0.2,B0034,0.7781392335891724,True
0.01,B0034,0.9947162866592407,False
0.02,B0034,0.9946695566177368,False
0.05,B0034,0.9940361380577087,False
0.1,B0034,0.9774602651596069,True
0.2,B0034,0.8831472396850586,True
0.01,B0034,0.9918962717056274,False
0.02,B0034,0.9919300079345703,False
0.05,B0034,0.9931039810180664,False
0.1,B0034,0.9852772951126099,False
0.2,B0034,0.9349404573440552,True
0.01,B0034,0.9946317076683044,False
0.02,B0034,0.9943021535873413,False
0.05,B0034,0.9937031269073486,False
0.1,B0034,0.9921338558197021,False
0.2,B0034,0.9405461549758911,True
0.01,B0034,0.9956892728805542,False
0.02,B0034,0.9955055117607117,False
0.05,B0034,0.9930959939956665,False
0.1,B0034,0.9837556481361389,False
0.2,B0034,0.7274318933486938,True
0.01,B0034,0.9951521754264832,False
0.02,B0034,0.9948861598968506,False
0.05,B0034,0.9965193271636963,False
0.1,B0034,0.9666705131530762,True
0.2,B0034,0.9428874254226685,True
0.01,B0034,0.9950623512268066,False
0.02,B0034,0.9946271777153015,False
0.05,B0034,0.9945045709609985,False
0.1,B0034,0.9810998439788818,False
0.2,B0034,0.9345731139183044,True
0.01,B0034,0.9950875043869019,False
0.02,B0034,0.9947062134742737,False
0.05,B0034,0.9884941577911377,False
0.1,B0034,0.9943402409553528,False
0.2,B0034,0.9332180023193359,True
0.01,B0034,0.9950814247131348,False
0.02,B0034,0.9951291680335999,False
0.05,B0034,0.9912610650062561,False
0.1,B0034,0.9770010709762573,True
0.2,B0034,0.8430401086807251,True
0.01,B0034,0.9949144124984741,False
0.02,B0034,0.9947431683540344,False
0.05,B0034,0.993171751499176,False
0.1,B0034,0.9758569598197937,True
0.2,B0034,0.7489793300628662,True
0.01,B0034,0.9949238300323486,False
0.02,B0034,0.9951061606407166,False
0.05,B0034,0.9946004152297974,False
0.1,B0034,0.9728640913963318,True
0.2,B0034,0.9079090356826782,True
0.01,B0034,0.9951150417327881,False
0.02,B0034,0.994795024394989,False
0.05,B0034,0.991242527961731,False
0.1,B0034,0.9812854528427124,False
0.2,B0034,0.8760517239570618,True
0.01,B0034,0.9949675798416138,False
0.02,B0034,0.9957859516143799,False
0.05,B0034,0.9934022426605225,False
0.1,B0034,0.9774478077888489,True
0.2,B0034,0.9219620227813721,True
0.01,B0034,0.9950855374336243,False
0.02,B0034,0.9950939416885376,False
0.05,B0034,0.9944336414337158,False
0.1,B0034,0.922522246837616,True
0.2,B0034,0.7797344923019409,True
0.01,B0034,0.9950809478759766,False
0.02,B0034,0.9952080249786377,False
0.05,B0034,0.9913349151611328,False
0.1,B0034,0.994304895401001,False
0.2,B0034,0.9003943204879761,True
0.01,B0034,0.9950927495956421,False
0.02,B0034,0.9953001141548157,False
0.05,B0034,0.9920316934585571,False
0.1,B0034,0.9784280061721802,True
0.2,B0034,0.7489504814147949,True
0.01,B0034,0.9950382709503174,False
0.02,B0034,0.995200514793396,False
0.05,B0034,0.9911893010139465,False
0.1,B0034,0.9735887050628662,True
0.2,B0034,0.7752447128295898,True
0.01,B0034,0.9948749542236328,False
0.02,B0034,0.9952559471130371,False
0.05,B0034,0.9943979978561401,False
0.1,B0034,0.9264746904373169,True
0.2,B0034,0.9299293160438538,True
0.01,B0034,0.9942566156387329,False
0.02,B0034,0.9942744970321655,False
0.05,B0034,0.9893907308578491,False
0.1,B0034,0.9774903655052185,True
0.2,B0034,0.819789707660675,True
0.01,B0034,0.9936606287956238,False
0.02,B0034,0.9934903383255005,False
0.05,B0034,0.9888796210289001,False
0.1,B0034,0.9817588925361633,False
0.2,B0034,0.8204712271690369,True
0.01,B0034,0.9927939772605896,False
0.02,B0034,0.9923415780067444,False
0.05,B0034,0.9949751496315002,False
0.1,B0034,0.9799851179122925,True
0.2,B0034,0.770540177822113,True
0.01,B0034,0.9946374893188477,False
0.02,B0034,0.994732677936554,False
0.05,B0034,0.9914542436599731,False
0.1,B0034,0.983410656452179,False
0.2,B0034,0.775952935218811,True
0.01,B0034,0.9950463771820068,False
0.02,B0034,0.995696485042572,False
0.05,B0034,0.9927927255630493,False
0.1,B0034,0.9908676147460938,False
0.2,B0034,0.845097005367279,True
0.01,B0034,0.9949597716331482,False
0.02,B0034,0.9947528839111328,False
0.05,B0034,0.9943341016769409,False
0.1,B0034,0.941062331199646,True
0.2,B0034,0.9190443754196167,True
0.01,B0034,0.9943441152572632,False
0.02,B0034,0.9944835901260376,False
0.05,B0034,0.9857921600341797,False
0.1,B0034,0.9730414152145386,True
0.2,B0034,0.8202476501464844,True
0.01,B0034,0.9940340518951416,False
0.02,B0034,0.9945974349975586,False
0.05,B0034,0.9964414238929749,False
0.1,B0034,0.9731963276863098,True
0.2,B0034,0.92020583152771,True
0.01,B0034,0.9939610958099365,False
0.02,B0034,0.9943259954452515,False
0.05,B0034,0.9924671053886414,False
0.1,B0034,0.9318932294845581,True
0.2,B0034,0.8645628690719604,True
0.01,B0034,0.9945920705795288,False
0.02,B0034,0.9947877526283264,False
0.05,B0034,0.9905306100845337,False
0.1,B0034,0.9599058032035828,True
0.2,B0034,0.717576801776886,True
0.01,B0034,0.9949310421943665,False
0.02,B0034,0.9952446222305298,False
0.05,B0034,0.9928727746009827,False
0.1,B0034,0.9787977933883667,True
0.2,B0034,0.8876960277557373,True
0.01,B0034,0.9948083162307739,False
0.02,B0034,0.9945316910743713,False
0.05,B0034,0.995161771774292,False
0.1,B0034,0.9404697418212891,True
0.2,B0034,0.8298881649971008,True
0.01,B0034,0.9932775497436523,False
0.02,B0034,0.9934848546981812,False
0.05,B0034,0.9878151416778564,False
0.1,B0034,0.9837459325790405,False
0.2,B0034,0.8646228909492493,True
0.01,B0034,0.9918177127838135,False
0.02,B0034,0.9919125437736511,False
0.05,B0034,0.9875983595848083,False
0.1,B0034,0.963931679725647,True
0.2,B0034,0.9404668211936951,True
0.01,B0034,0.9940546154975891,False
0.02,B0034,0.9938474893569946,False
0.05,B0034,0.9904154539108276,False
0.1,B0034,0.974683940410614,True
0.2,B0034,0.8944861888885498,True
0.01,B0034,0.9948512315750122,False
0.02,B0034,0.9947133660316467,False
0.05,B0034,0.9962860345840454,False
0.1,B0034,0.9626930952072144,True
0.2,B0034,0.81132572889328,True
0.01,B0034,0.994870662689209,False
0.02,B0034,0.9946281313896179,False
0.05,B0034,0.9914571046829224,False
0.1,B0034,0.9846936464309692,False
0.2,B0034,0.6849108338356018,True
0.01,B0034,0.9947738647460938,False
0.02,B0034,0.9947961568832397,False
0.05,B0034,0.9928630590438843,False
0.1,B0034,0.9328446984291077,True
0.2,B0034,0.8801812529563904,True
0.01,B0034,0.9915608763694763,False
0.02,B0034,0.9913491010665894,False
0.05,B0034,0.9938819408416748,False
0.1,B0034,0.991997241973877,False
0.2,B0034,0.936332106590271,True
0.01,B0034,0.9900494813919067,False
0.02,B0034,0.9896325469017029,False
0.05,B0034,0.9882062077522278,False
0.1,B0034,0.9548391103744507,True
0.2,B0034,0.9455798268318176,True
0.01,B0034,0.9932478070259094,False
0.02,B0034,0.9940469264984131,False
0.05,B0034,0.9927148222923279,False
0.1,B0034,0.9928520321846008,False
0.2,B0034,0.8660706281661987,True
0.01,B0034,0.9946809411048889,False
0.02,B0034,0.994477391242981,False
0.05,B0034,0.986592173576355,False
0.1,B0034,0.9749187231063843,True
0.2,B0034,0.7840087413787842,True
0.01,B0034,0.995240330696106,False
0.02,B0034,0.9952917098999023,False
0.05,B0034,0.9967219829559326,False
0.1,B0034,0.9765689373016357,True
0.2,B0034,0.8417988419532776,True
0.01,B0034,0.9940078854560852,False
0.02,B0034,0.9937796592712402,False
0.05,B0034,0.9896975755691528,False
0.1,B0034,0.9554630517959595,True
0.2,B0034,0.8501370549201965,True
0.01,B0034,0.9827054738998413,False
0.02,B0034,0.9819962382316589,False
0.05,B0034,0.9803512096405029,True
0.1,B0034,0.956204891204834,True
0.2,B0034,0.8007200360298157,True
0.01,B0034,0.993419885635376,False
0.02,B0034,0.9928483963012695,False
0.05,B0034,0.9928451776504517,False
0.1,B0034,0.9901068806648254,False
0.2,B0034,0.853674054145813,True
0.01,B0034,0.9946534037590027,False
0.02,B0034,0.9943660497665405,False
0.05,B0034,0.9923490881919861,False
0.1,B0034,0.9761868715286255,True
0.2,B0034,0.9252021312713623,True
0.01,B0034,0.9944453239440918,False
0.02,B0034,0.9941405057907104,False
0.05,B0034,0.9877257943153381,False
0.1,B0034,0.9755306243896484,True
0.2,B0034,0.7453702092170715,True
0.01,B0034,0.9947364330291748,False
0.02,B0034,0.9944244027137756,False
0.05,B0034,0.9952828288078308,False
0.1,B0034,0.9780642986297607,True
0.2,B0034,0.722168505191803,True
0.01,B0034,0.9942846298217773,False
0.02,B0034,0.9948481321334839,False
0.05,B0034,0.9913120269775391,False
0.1,B0034,0.9748914241790771,True
0.2,B0034,0.937005877494812,True
0.01,B0034,0.9950902462005615,False
0.02,B0034,0.9944626092910767,False
0.05,B0034,0.9937140345573425,False
0.1,B0034,0.9833903312683105,False
0.2,B0034,0.7850273847579956,True
0.01,B0034,0.9949023723602295,False
0.02,B0034,0.9948805570602417,False
0.05,B0034,0.9877943992614746,False
0.1,B0034,0.9829148054122925,False
0.2,B0034,0.6765450239181519,True
0.01,B0034,0.9953316450119019,False
0.02,B0034,0.9954231977462769,False
0.05,B0034,0.9935755133628845,False
0.1,B0034,0.9863220453262329,False
0.2,B0034,0.6775721311569214,True
0.01,B0034,0.9948841333389282,False
0.02,B0034,0.9948157668113708,False
0.05,B0034,0.9930412769317627,False
0.1,B0034,0.9793757200241089,True
0.2,B0034,0.8143808245658875,True
0.01,B0034,0.9949556589126587,False
0.02,B0034,0.9954075217247009,False
0.05,B0034,0.9872649312019348,False
0.1,B0034,0.9514948129653931,True
0.2,B0034,0.766712486743927,True
0.01,B0034,0.9946343898773193,False
0.02,B0034,0.9943586587905884,False
0.05,B0034,0.996533215045929,False
0.1,B0034,0.9801260232925415,True
0.2,B0034,0.6878579258918762,True
0.01,B0034,0.9950016736984253,False
0.02,B0034,0.9949067234992981,False
0.05,B0034,0.9895050525665283,False
0.1,B0034,0.9667878150939941,True
0.2,B0034,0.901366114616394,True
0.01,B0034,0.995158314704895,False
0.02,B0034,0.9942803978919983,False
0.05,B0034,0.9926497936248779,False
0.1,B0034,0.9465178847312927,True
0.2,B0034,0.7815937995910645,True
0.01,B0034,0.9946481585502625,False
0.02,B0034,0.9948524236679077,False
0.05,B0034,0.9893909692764282,False
0.1,B0034,0.9923832416534424,False
0.2,B0034,0.8905562162399292,True
0.01,B0034,0.9949870109558105,False
0.02,B0034,0.9945092797279358,False
0.05,B0034,0.9944076538085938,False
0.1,B0034,0.9962248206138611,False
0.2,B0034,0.7270503640174866,True
0.01,B0034,0.9920612573623657,False
0.02,B0034,0.9917398691177368,False
0.05,B0034,0.9888527393341064,False
0.1,B0034,0.9437265396118164,True
0.2,B0034,0.9145669937133789,True
0.01,B0034,0.988800048828125,False
0.02,B0034,0.9882199764251709,False
0.05,B0034,0.9804816246032715,True
0.1,B0034,0.9326939582824707,True
0.2,B0034,0.7742620706558228,True
0.01,B0034,0.9915101528167725,False
0.02,B0034,0.9914590120315552,False
0.05,B0034,0.9889219999313354,False
0.1,B0034,0.9662822484970093,True
0.2,B0034,0.7731525897979736,True
0.01,B0034,0.9935545325279236,False
0.02,B0034,0.9939144849777222,False
0.05,B0034,0.9965468645095825,False
0.1,B0034,0.9264744520187378,True
0.2,B0034,0.9217773675918579,True
0.01,B0034,0.9942809343338013,False
0.02,B0034,0.9941959381103516,False
0.05,B0034,0.9916325807571411,False
0.1,B0034,0.9317151308059692,True
0.2,B0034,0.9367309808731079,True
0.01,B0034,0.9941374659538269,False
0.02,B0034,0.9940736293792725,False
0.05,B0034,0.9946315288543701,False
0.1,B0034,0.9873943328857422,False
0.2,B0034,0.825394868850708,True
0.01,B0034,0.9897181987762451,False
0.02,B0034,0.9891574382781982,False
0.05,B0034,0.987538754940033,False
0.1,B0034,0.9851436018943787,False
0.2,B0034,0.9203886985778809,True
0.01,B0034,0.9934890866279602,False
0.02,B0034,0.9930500388145447,False
0.05,B0034,0.9911629557609558,False
0.1,B0034,0.9501029253005981,True
0.2,B0034,0.778984785079956,True
0.01,B0034,0.9941855072975159,False
0.02,B0034,0.9941377639770508,False
0.05,B0034,0.9941310286521912,False
0.1,B0034,0.9915161728858948,False
0.2,B0034,0.7908623218536377,True
0.01,B0034,0.9945884346961975,False
0.02,B0034,0.9947776198387146,False
0.05,B0034,0.988834798336029,False
0.1,B0034,0.9747859239578247,True
0.2,B0034,0.8438664078712463,True
0.01,B0034,0.9952066540718079,False
0.02,B0034,0.9948000907897949,False
0.05,B0034,0.9930865168571472,False
0.1,B0034,0.9695397019386292,True
0.2,B0034,0.9242420196533203,True
0.01,B0034,0.9937213659286499,False
0.02,B0034,0.9939076900482178,False
0.05,B0034,0.9967155456542969,False
0.1,B0034,0.9817651510238647,False
0.2,B0034,0.7844060659408569,True
0.01,B0034,0.9914451837539673,False
0.02,B0034,0.9909138679504395,False
0.05,B0034,0.9908653497695923,False
0.1,B0034,0.9737138748168945,True
0.2,B0034,0.7151467800140381,True
0.01,B0034,0.9944870471954346,False
0.02,B0034,0.9939733743667603,False
0.05,B0034,0.9910633563995361,False
0.1,B0034,0.9908100366592407,False
0.2,B0034,0.9070703983306885,True
0.01,B0034,0.994880199432373,False
0.02,B0034,0.9947096109390259,False
0.05,B0034,0.9926236867904663,False
0.1,B0034,0.96333909034729,True
0.2,B0034,0.8807075023651123,True
0.01,B0034,0.9951059222221375,False
0.02,B0034,0.9956172704696655,False
0.05,B0034,0.992680013179779,False
0.1,B0034,0.9832174777984619,False
0.2,B0034,0.9033247232437134,True
0.01,B0034,0.9945457577705383,False
0.02,B0034,0.9935835599899292,False
0.05,B0034,0.987714946269989,False
0.1,B0034,0.9666227698326111,True
0.2,B0034,0.7358368039131165,True
0.01,B0034,0.9933837652206421,False
0.02,B0034,0.9935126304626465,False
0.05,B0034,0.9933573007583618,False
0.1,B0034,0.924040675163269,True
0.2,B0034,0.765400767326355,True
0.01,B0034,0.9861525297164917,False
0.02,B0034,0.9860130548477173,False
0.05,B0034,0.9948152899742126,False
0.1,B0034,0.9871013760566711,False
0.2,B0034,0.7484483122825623,True
0.01,B0034,0.9914728403091431,False
0.02,B0034,0.9908524751663208,False
0.05,B0034,0.9902193546295166,False
0.1,B0034,0.9796041250228882,True
0.2,B0034,0.876623809337616,True
0.01,B0034,0.9935799241065979,False
0.02,B0034,0.9938055276870728,False
0.05,B0034,0.9924248456954956,False
0.1,B0034,0.972769558429718,True
0.2,B0034,0.8907493948936462,True
0.01,B0034,0.99425208568573,False
0.02,B0034,0.994392454624176,False
0.05,B0034,0.9946074485778809,False
0.1,B0034,0.9792975187301636,True
0.2,B0034,0.9030364155769348,True
0.01,B0034,0.9943009614944458,False
0.02,B0034,0.9941961765289307,False
0.05,B0034,0.9937103986740112,False
0.1,B0034,0.9946852922439575,False
0.2,B0034,0.8760087490081787,True
0.01,B0034,0.9945544004440308,False
0.02,B0034,0.9937825202941895,False
0.05,B0034,0.9893288612365723,False
0.1,B0034,0.9922183752059937,False
0.2,B0034,0.8821580410003662,True
0.01,B0034,0.9943366050720215,False
0.02,B0034,0.9944045543670654,False
0.05,B0034,0.9938032627105713,False
0.1,B0034,0.9837831854820251,False
0.2,B0034,0.7531801462173462,True
0.01,B0034,0.994698166847229,False
0.02,B0034,0.994763970375061,False
0.05,B0034,0.9894189834594727,False
0.1,B0034,0.9672024250030518,True
0.2,B0034,0.8169095516204834,True
0.01,B0034,0.9921890497207642,False
0.02,B0034,0.9934903383255005,False
0.05,B0034,0.9945435523986816,False
0.1,B0034,0.9786588549613953,True
0.2,B0034,0.9021552801132202,True
0.01,B0034,0.9908117055892944,False
0.02,B0034,0.9902287125587463,False
0.05,B0034,0.9775619506835938,True
0.1,B0034,0.9718118906021118,True
0.2,B0034,0.7551571726799011,True
0.01,B0034,0.9937382340431213,False
0.02,B0034,0.9936463832855225,False
0.05,B0034,0.9933128952980042,False
0.1,B0034,0.988030731678009,False
0.2,B0034,0.7407921552658081,True
0.01,B0034,0.9949097633361816,False
0.02,B0034,0.995224118232727,False
0.05,B0034,0.9903867244720459,False
0.1,B0034,0.9578676819801331,True
0.2,B0034,0.8747342824935913,True
0.01,B0034,0.9950892329216003,False
0.02,B0034,0.9951621294021606,False
0.05,B0034,0.9942693710327148,False
0.1,B0034,0.9970571994781494,False
0.2,B0034,0.8027236461639404,True
0.01,B0034,0.9933880567550659,False
0.02,B0034,0.9932643175125122,False
0.05,B0034,0.9914451837539673,False
0.1,B0034,0.9888356924057007,False
0.2,B0034,0.8906443119049072,True
0.01,B0034,0.9893530607223511,False
0.02,B0034,0.9899788498878479,False
0.05,B0034,0.9881441593170166,False
0.1,B0034,0.9927024841308594,False
0.2,B0034,0.8108537197113037,True
0.01,B0034,0.9931553602218628,False
0.02,B0034,0.9923988580703735,False
0.05,B0034,0.9875158667564392,False
0.1,B0034,0.9809079170227051,False
0.2,B0034,0.8375356793403625,True
0.01,B0034,0.9944328665733337,False
0.02,B0034,0.9942684173583984,False
0.05,B0034,0.9954271912574768,False
0.1,B0034,0.9845099449157715,False
0.2,B0034,0.8890312314033508,True
0.01,B0034,0.9950387477874756,False
0.02,B0034,0.9957507848739624,False
0.05,B0034,0.9943021535873413,False
0.1,B0034,0.9512228965759277,True
0.2,B0034,0.8546169996261597,True
0.01,B0034,0.9944875240325928,False
0.02,B0034,0.9946644902229309,False
0.05,B0034,0.9934189915657043,False
0.1,B0034,0.9536831378936768,True
0.2,B0034,0.9056226015090942,True
0.01,B0034,0.9932409524917603,False
0.02,B0034,0.9932749271392822,False
0.05,B0034,0.992060661315918,False
0.1,B0034,0.9609184265136719,True
0.2,B0034,0.8224136829376221,True
0.01,B0034,0.9915580749511719,False
0.02,B0034,0.9912928342819214,False
0.05,B0034,0.9809643626213074,False
0.1,B0034,0.9533979296684265,True
0.2,B0034,0.7630398273468018,True
0.01,B0034,0.99245285987854,False
0.02,B0034,0.9922631978988647,False
0.05,B0034,0.9915972352027893,False
0.1,B0034,0.9723644852638245,True
0.2,B0034,0.8974453210830688,True
0.01,B0034,0.9942870140075684,False
0.02,B0034,0.9945358633995056,False
0.05,B0034,0.9977426528930664,False
0.1,B0034,0.9807791709899902,True
0.2,B0034,0.93540358543396,True
0.01,B0034,0.9943342804908752,False
0.02,B0034,0.994583010673523,False
0.05,B0034,0.9975374937057495,False
0.1,B0034,0.979577898979187,True
0.2,B0034,0.794558048248291,True
0.01,B0034,0.9949711561203003,False
0.02,B0034,0.994888424873352,False
0.05,B0034,0.9904117584228516,False
0.1,B0034,0.9775205850601196,True
0.2,B0034,0.6964908838272095,True
0.01,B0034,0.99171382188797,False
0.02,B0034,0.9915091395378113,False
0.05,B0034,0.9893103837966919,False
0.1,B0034,0.9527148604393005,True
0.2,B0034,0.9201790690422058,True
0.01,B0034,0.9909561276435852,False
0.02,B0034,0.9906816482543945,False
0.05,B0034,0.989031195640564,False
0.1,B0034,0.9628109335899353,True
0.2,B0034,0.9005486965179443,True
0.01,B0034,0.9924890995025635,False
0.02,B0034,0.9925476312637329,False
0.05,B0034,0.9860858917236328,False
0.1,B0034,0.9596055746078491,True
0.2,B0034,0.8475967645645142,True
0.01,B0034,0.9940639734268188,False
0.02,B0034,0.9945331811904907,False
0.05,B0034,0.9934805035591125,False
0.1,B0034,0.9602923393249512,True
0.2,B0034,0.7366947531700134,True
0.01,B0034,0.9914243221282959,False
0.02,B0034,0.9923086762428284,False
0.05,B0034,0.9908740520477295,False
0.1,B0034,0.9924783706665039,False
0.2,B0034,0.8671821355819702,True
0.01,B0034,0.9946970343589783,False
0.02,B0034,0.995051920413971,False
0.05,B0034,0.9927839636802673,False
0.1,B0034,0.9273598194122314,True
0.2,B0034,0.8680468797683716,True
0.01,B0034,0.9947434067726135,False
0.02,B0034,0.9945656657218933,False
0.05,B0034,0.9899735450744629,False
0.1,B0034,0.9789937138557434,True
0.2,B0034,0.8867804408073425,True
0.01,B0034,0.9945377111434937,False
0.02,B0034,0.994489848613739,False
0.05,B0034,0.9934204816818237,False
0.1,B0034,0.9492828845977783,True
0.2,B0034,0.7413859367370605,True
0.01,B0034,0.9948101043701172,False
0.02,B0034,0.9951795935630798,False
0.05,B0034,0.9900792241096497,False
0.1,B0034,0.9725818634033203,True
0.2,B0034,0.8615099787712097,True
0.01,B0034,0.9948866367340088,False
0.02,B0034,0.995036780834198,False
0.05,B0034,0.9976929426193237,False
0.1,B0034,0.9815164804458618,False
0.2,B0034,0.7713661789894104,True
0.01,B0034,0.9952335953712463,False
0.02,B0034,0.9954196214675903,False
0.05,B0034,0.9936074018478394,False
0.1,B0034,0.9806551933288574,True
0.2,B0034,0.8941993713378906,True
0.01,B0034,0.99437016248703,False
0.02,B0034,0.9943363070487976,False
0.05,B0034,0.9955735206604004,False
0.1,B0034,0.9776033759117126,True
0.2,B0034,0.7935031056404114,True
0.01,B0034,0.9947782754898071,False
0.02,B0034,0.9949648380279541,False
0.05,B0034,0.9933656454086304,False
0.1,B0034,0.9900210499763489,False
0.2,B0034,0.9202494025230408,True
0.01,B0034,0.9945892095565796,False
0.02,B0034,0.9943397641181946,False
0.05,B0034,0.992645263671875,False
0.1,B0034,0.9765924215316772,True
0.2,B0034,0.896856963634491,True
0.01,B0034,0.9946895241737366,False
0.02,B0034,0.9948693513870239,False
0.05,B0034,0.992870032787323,False
0.1,B0034,0.983302652835846,False
0.2,B0034,0.8023034930229187,True
0.01,B0034,0.9948500394821167,False
0.02,B0034,0.9942986965179443,False
0.05,B0034,0.9966859817504883,False
0.1,B0034,0.9282633662223816,True
0.2,B0034,0.7395116090774536,True
0.01,B0034,0.9946935772895813,False
0.02,B0034,0.9947211742401123,False
0.05,B0034,0.9917320609092712,False
0.1,B0034,0.9793330430984497,True
0.2,B0034,0.773281455039978,True
0.01,B0034,0.9952899217605591,False
0.02,B0034,0.9948373436927795,False
0.05,B0034,0.9942991733551025,False
0.1,B0034,0.9337238073348999,True
0.2,B0034,0.8069084882736206,True
0.01,B0034,0.9949770569801331,False
0.02,B0034,0.9953223466873169,False
0.05,B0034,0.9955319166183472,False
0.1,B0034,0.992595911026001,False
0.2,B0034,0.9174914360046387,True
0.01,B0034,0.9950099587440491,False
0.02,B0034,0.9952078461647034,False
0.05,B0034,0.9939441680908203,False
0.1,B0034,0.9865864515304565,False
0.2,B0034,0.8861918449401855,True
0.01,B0034,0.9870810508728027,False
0.02,B0034,0.9869991540908813,False
0.05,B0034,0.9857321977615356,False
0.1,B0034,0.9576584696769714,True
0.2,B0034,0.9333963990211487,True
0.01,B0034,0.9879580736160278,False
0.02,B0034,0.9889020919799805,False
0.05,B0034,0.9850180149078369,False
0.1,B0034,0.95882248878479,True
0.2,B0034,0.819583535194397,True
0.01,B0034,0.99159836769104,False
0.02,B0034,0.9901491403579712,False
0.05,B0034,0.9906160235404968,False
0.1,B0034,0.9397100210189819,True
0.2,B0034,0.758156418800354,True
0.01,B0034,0.9939729571342468,False
0.02,B0034,0.9941778779029846,False
0.05,B0034,0.991904616355896,False
0.1,B0034,0.9802007675170898,True
0.2,B0034,0.8286424875259399,True
0.01,B0034,0.993969202041626,False
0.02,B0034,0.9938685894012451,False
0.05,B0034,0.992901623249054,False
0.1,B0034,0.9952526688575745,False
0.2,B0034,0.7351981401443481,True
0.01,B0054,0.977820873260498,True
0.02,B0054,0.9776663780212402,True
0.05,B0054,0.9720969796180725,True
0.1,B0054,0.9780505895614624,True
0.2,B0054,0.9111610651016235,True
0.01,B0054,0.99833744764328,False
0.02,B0054,0.9984236359596252,False
0.05,B0054,0.998327910900116,False
0.1,B0054,0.9944514632225037,False
0.2,B0054,0.7530547380447388,True
0.01,B0054,0.9989985823631287,False
0.02,B0054,0.9991196990013123,False
0.05,B0054,0.9992814064025879,False
0.1,B0054,0.9906759262084961,False
0.2,B0054,0.8516725301742554,True
0.01,B0054,0.9848361015319824,False
0.02,B0054,0.9853477478027344,False
0.05,B0054,0.9869061708450317,False
0.1,B0054,0.9723079204559326,True
0.2,B0054,0.9162599444389343,True
0.01,B0054,0.9971386790275574,False
0.02,B0054,0.9968574047088623,False
0.05,B0054,0.99486243724823,False
0.1,B0054,0.9859588742256165,False
0.2,B0054,0.9087298512458801,True
0.01,B0054,0.9846037030220032,False
0.02,B0054,0.9852441549301147,False
0.05,B0054,0.9846301078796387,False
0.1,B0054,0.9793164134025574,True
0.2,B0054,0.9456621408462524,True
0.01,B0054,0.9964175224304199,False
0.02,B0054,0.9966678023338318,False
0.05,B0054,0.9960265159606934,False
0.1,B0054,0.9936308860778809,False
0.2,B0054,0.8083722591400146,True
0.01,B0054,0.9854522347450256,False
0.02,B0054,0.9857609272003174,False
0.05,B0054,0.9838305711746216,False
0.1,B0054,0.987502932548523,False
0.2,B0054,0.9481847286224365,True
0.01,B0054,0.9980076551437378,False
0.02,B0054,0.9981796741485596,False
0.05,B0054,0.9983136653900146,False
0.1,B0054,0.9747865200042725,True
0.2,B0054,0.9244990348815918,True
0.01,B0054,0.9977018237113953,False
0.02,B0054,0.9975356459617615,False
0.05,B0054,0.9960808753967285,False
0.1,B0054,0.9933497905731201,False
0.2,B0054,0.7842991352081299,True
0.01,B0054,0.9851763248443604,False
0.02,B0054,0.9849646091461182,False
0.05,B0054,0.9868935942649841,False
0.1,B0054,0.9841450452804565,False
0.2,B0054,0.938170313835144,True
0.01,B0054,0.9966260194778442,False
0.02,B0054,0.9968612194061279,False
0.05,B0054,0.9985888004302979,False
0.1,B0054,0.9828582406044006,False
0.2,B0054,0.9564489126205444,True
0.01,B0054,0.9877734184265137,False
0.02,B0054,0.987362265586853,False
0.05,B0054,0.9883413314819336,False
0.1,B0054,0.9829332828521729,False
0.2,B0054,0.7817456722259521,True
0.01,B0054,0.9965469837188721,False
0.02,B0054,0.9962761998176575,False
0.05,B0054,0.9969778060913086,False
0.1,B0054,0.9931806325912476,False
0.2,B0054,0.9135805368423462,True
0.01,B0054,0.9962242245674133,False
0.02,B0054,0.9963898062705994,False
0.05,B0054,0.9930481910705566,False
0.1,B0054,0.9933562874794006,False
0.2,B0054,0.7817535400390625,True
0.01,B0054,0.9852293729782104,False
0.02,B0054,0.9857145547866821,False
0.05,B0054,0.9806868433952332,True
0.1,B0054,0.9861027002334595,False
0.2,B0054,0.8873037099838257,True
0.01,B0054,0.9855493307113647,False
0.02,B0054,0.9852158427238464,False
0.05,B0054,0.9871774911880493,False
0.1,B0054,0.9808439612388611,False
0.2,B0054,0.9412484765052795,True
0.01,B0054,0.9865930676460266,False
0.02,B0054,0.9865233898162842,False
0.05,B0054,0.9861447215080261,False
0.1,B0054,0.9842728972434998,False
0.2,B0054,0.9466071724891663,True
0.01,B0054,0.9884586334228516,False
0.02,B0054,0.9892135858535767,False
0.05,B0054,0.988182783126831,False
0.1,B0054,0.9880464673042297,False
0.2,B0054,0.9041833877563477,True
0.01,B0054,0.9970948100090027,False
0.02,B0054,0.9968421459197998,False
0.05,B0054,0.9978229999542236,False
0.1,B0054,0.9885982275009155,False
0.2,B0054,0.9281651377677917,True
0.01,B0054,0.984664261341095,False
0.02,B0054,0.9844222664833069,False
0.05,B0054,0.9839226007461548,False
0.1,B0054,0.9762082099914551,True
0.2,B0054,0.802693247795105,True
0.01,B0054,0.9862406849861145,False
0.02,B0054,0.986221194267273,False
0.05,B0054,0.9888728857040405,False
0.1,B0054,0.9803948402404785,True
0.2,B0054,0.9414807558059692,True
0.01,B0054,0.9968558549880981,False
0.02,B0054,0.9966690540313721,False
0.05,B0054,0.9952590465545654,False
0.1,B0054,0.9924221038818359,False
0.2,B0054,0.9169136881828308,True
0.01,B0054,0.9862703084945679,False
0.02,B0054,0.9866608381271362,False
0.05,B0054,0.9879797697067261,False
0.1,B0054,0.9732726812362671,True
0.2,B0054,0.9115498065948486,True
0.01,B0054,0.9871930480003357,False
0.02,B0054,0.9875308275222778,False
0.05,B0054,0.9878003597259521,False
0.1,B0054,0.9886322021484375,False
0.2,B0054,0.9098354578018188,True
0.01,B0054,0.9847075939178467,False
0.02,B0054,0.9847304821014404,False
0.05,B0054,0.982434868812561,False
0.1,B0054,0.978813648223877,True
0.2,B0054,0.9010372161865234,True
0.01,B0054,0.99647057056427,False
0.02,B0054,0.9965588450431824,False
0.05,B0054,0.9958817958831787,False
0.1,B0054,0.9954488277435303,False
0.2,B0054,0.8979350328445435,True
0.01,B0054,0.9973340630531311,False
0.02,B0054,0.9974365830421448,False
0.05,B0054,0.997414767742157,False
0.1,B0054,0.9796536564826965,True
0.2,B0054,0.9210786819458008,True
0.01,B0054,0.9963524341583252,False
0.02,B0054,0.9965479969978333,False
0.05,B0054,0.9973363876342773,False
0.1,B0054,0.9890081286430359,False
0.2,B0054,0.902424693107605,True
0.01,B0054,0.9852258563041687,False
0.02,B0054,0.9861398339271545,False
0.05,B0054,0.9868652820587158,False
0.1,B0054,0.9771917462348938,True
0.2,B0054,0.9100074768066406,True
0.01,B0054,0.9971336126327515,False
0.02,B0054,0.9975230693817139,False
0.05,B0054,0.9949567914009094,False
0.1,B0054,0.9810118079185486,False
0.2,B0054,0.9180467128753662,True
0.01,B0054,0.9846662282943726,False
0.02,B0054,0.9846227169036865,False
0.05,B0054,0.984248161315918,False
0.1,B0054,0.9827396869659424,False
0.2,B0054,0.8519611954689026,True
0.01,B0054,0.9866116642951965,False
0.02,B0054,0.9864678382873535,False
0.05,B0054,0.9843932390213013,False
0.1,B0054,0.990694522857666,False
0.2,B0054,0.9075119495391846,True
0.01,B0054,0.9967418909072876,False
0.02,B0054,0.9970060586929321,False
0.05,B0054,0.9975142478942871,False
0.1,B0054,0.9917364120483398,False
0.2,B0054,0.8650487661361694,True
0.01,B0054,0.9861330986022949,False
0.02,B0054,0.986335813999176,False
0.05,B0054,0.9810250401496887,False
0.1,B0054,0.9841946363449097,False
0.2,B0054,0.9049085378646851,True
0.01,B0054,0.9838845729827881,False
0.02,B0054,0.9835622310638428,False
0.05,B0054,0.9861853122711182,False
0.1,B0054,0.9833889007568359,False
0.2,B0054,0.9181547164916992,True
0.01,B0054,0.9870736598968506,False
0.02,B0054,0.9861288666725159,False
0.05,B0054,0.987832248210907,False
0.1,B0054,0.9848722815513611,False
0.2,B0054,0.9210262894630432,True
0.01,B0054,0.9974395632743835,False
0.02,B0054,0.9974844455718994,False
0.05,B0054,0.9968140125274658,False
0.1,B0054,0.9894996881484985,False
0.2,B0054,0.7349132895469666,True
0.01,B0054,0.9837507009506226,False
0.02,B0054,0.9845679998397827,False
0.05,B0054,0.9865409135818481,False
0.1,B0054,0.9831249117851257,False
0.2,B0054,0.9378706216812134,True
0.01,B0054,0.9942771196365356,False
0.02,B0054,0.994838297367096,False
0.05,B0054,0.9939496517181396,False
0.1,B0054,0.9888440370559692,False
0.2,B0054,0.9277859330177307,True
0.01,B0054,0.9966448545455933,False
0.02,B0054,0.9966379404067993,False
0.05,B0054,0.9959225654602051,False
0.1,B0054,0.9902635812759399,False
0.2,B0054,0.8574317693710327,True
0.01,B0054,0.983796238899231,False
0.02,B0054,0.9838372468948364,False
0.05,B0054,0.9813806414604187,False
0.1,B0054,0.9794906377792358,True
0.2,B0054,0.9173539876937866,True
0.01,B0054,0.9851213097572327,False
0.02,B0054,0.9851668477058411,False
0.05,B0054,0.9857981204986572,False
0.1,B0054,0.9850167036056519,False
0.2,B0054,0.9425519704818726,True
0.01,B0054,0.9845887422561646,False
0.02,B0054,0.9851821660995483,False
0.05,B0054,0.9857850074768066,False
0.1,B0054,0.9780863523483276,True
0.2,B0054,0.9139699935913086,True
0.01,B0054,0.9971424341201782,False
0.02,B0054,0.996882438659668,False
0.05,B0054,0.9958198070526123,False
0.1,B0054,0.9903968572616577,False
0.2,B0054,0.8765217065811157,True
0.01,B0054,0.9844088554382324,False
0.02,B0054,0.9848170280456543,False
0.05,B0054,0.9798258543014526,True
0.1,B0054,0.9868624806404114,False
0.2,B0054,0.9397225379943848,True
0.01,B0054,0.9837363362312317,False
0.02,B0054,0.9831870794296265,False
0.05,B0054,0.9858595728874207,False
0.1,B0054,0.98052579164505,True
0.2,B0054,0.9183378219604492,True
0.01,B0054,0.9837338924407959,False
0.02,B0054,0.9835083484649658,False
0.05,B0054,0.9825794100761414,False
0.1,B0054,0.9856873154640198,False
0.2,B0054,0.911197304725647,True
0.01,B0054,0.9849696159362793,False
0.02,B0054,0.9851106405258179,False
0.05,B0054,0.9872776865959167,False
0.1,B0054,0.9828323721885681,False
0.2,B0054,0.9142554998397827,True
0.01,B0054,0.9858286380767822,False
0.02,B0054,0.9858561754226685,False
0.05,B0054,0.9861253499984741,False
0.1,B0054,0.9762190580368042,True
0.2,B0054,0.942461371421814,True
0.01,B0054,0.9850765466690063,False
0.02,B0054,0.9856632351875305,False
0.05,B0054,0.9886008501052856,False
0.1,B0054,0.9830244779586792,False
0.2,B0054,0.9324586391448975,True
0.01,B0054,0.9846733808517456,False
0.02,B0054,0.9854452610015869,False
0.05,B0054,0.9859544038772583,False
0.1,B0054,0.9877384901046753,False
0.2,B0054,0.7471980452537537,True
0.01,B0054,0.9843257665634155,False
0.02,B0054,0.9844198226928711,False
0.05,B0054,0.9832086563110352,False
0.1,B0054,0.9846024513244629,False
0.2,B0054,0.926389217376709,True
0.01,B0054,0.9846325516700745,False
0.02,B0054,0.9850044846534729,False
0.05,B0054,0.9817968606948853,False
0.1,B0054,0.9862453937530518,False
0.2,B0054,0.9261023998260498,True
0.01,B0054,0.984852135181427,False
0.02,B0054,0.9849299788475037,False
0.05,B0054,0.9861660003662109,False
0.1,B0054,0.9867631793022156,False
0.2,B0054,0.9095233678817749,True
0.01,B0054,0.9967538118362427,False
0.02,B0054,0.9969921112060547,False
0.05,B0054,0.9963936805725098,False
0.1,B0054,0.9944956302642822,False
0.2,B0054,0.9178581237792969,True
0.01,B0054,0.9845913052558899,False
0.02,B0054,0.9840326309204102,False
0.05,B0054,0.9783912897109985,True
0.1,B0054,0.9798121452331543,True
0.2,B0054,0.9318336248397827,True
0.01,B0054,0.983699381351471,False
0.02,B0054,0.983987033367157,False
0.05,B0054,0.9854650497436523,False
0.1,B0054,0.9747123718261719,True
0.2,B0054,0.904265284538269,True
0.01,B0054,0.9838854074478149,False
0.02,B0054,0.9843631386756897,False
0.05,B0054,0.9858940839767456,False
0.1,B0054,0.9727016687393188,True
0.2,B0054,0.7223573327064514,True
0.01,B0054,0.983588457107544,False
0.02,B0054,0.9828385710716248,False
0.05,B0054,0.9850180745124817,False
0.1,B0054,0.9711223840713501,True
0.2,B0054,0.9400409460067749,True
0.01,B0054,0.996411919593811,False
0.02,B0054,0.9960476756095886,False
0.05,B0054,0.995782196521759,False
0.1,B0054,0.9932929277420044,False
0.2,B0054,0.8890596628189087,True
0.01,B0054,0.9838131666183472,False
0.02,B0054,0.9839535355567932,False
0.05,B0054,0.9802467823028564,True
0.1,B0054,0.9752501249313354,True
0.2,B0054,0.9005855321884155,True
0.01,B0054,0.9970995187759399,False
0.02,B0054,0.9971146583557129,False
0.05,B0054,0.9952844381332397,False
0.1,B0054,0.9892061352729797,False
0.2,B0054,0.830629289150238,True
0.01,B0054,0.9837027788162231,False
0.02,B0054,0.9839611649513245,False
0.05,B0054,0.985390305519104,False
0.1,B0054,0.9866088032722473,False
0.2,B0054,0.9239748120307922,True
0.01,B0054,0.9836480021476746,False
0.02,B0054,0.9826703071594238,False
0.05,B0054,0.9859248995780945,False
0.1,B0054,0.9677956104278564,True
0.2,B0054,0.9274794459342957,True
0.01,B0054,0.996930718421936,False
0.02,B0054,0.9969855546951294,False
0.05,B0054,0.9950767755508423,False
0.1,B0054,0.9863638281822205,False
0.2,B0054,0.9370206594467163,True
0.01,B0054,0.9842094779014587,False
0.02,B0054,0.9841485619544983,False
0.05,B0054,0.9834567308425903,False
0.1,B0054,0.9781179428100586,True
0.2,B0054,0.9120922088623047,True
0.01,B0054,0.9826250672340393,False
0.02,B0054,0.9827873706817627,False
0.05,B0054,0.9840506315231323,False
0.1,B0054,0.985273003578186,False
0.2,B0054,0.9116925001144409,True
0.01,B0054,0.9839971661567688,False
0.02,B0054,0.9838643074035645,False
0.05,B0054,0.9882574081420898,False
0.1,B0054,0.9786485433578491,True
0.2,B0054,0.9350585341453552,True
0.01,B0054,0.9837420582771301,False
0.02,B0054,0.983834981918335,False
0.05,B0054,0.9821782112121582,False
0.1,B0054,0.9785515069961548,True
0.2,B0054,0.9293293952941895,True
0.01,B0054,0.9963697195053101,False
0.02,B0054,0.9960472583770752,False
0.05,B0054,0.9957908391952515,False
0.1,B0054,0.9921234846115112,False
0.2,B0054,0.8600918054580688,True
0.01,B0054,0.9834985136985779,False
0.02,B0054,0.9835275411605835,False
0.05,B0054,0.982358455657959,False
0.1,B0054,0.9772226214408875,True
0.2,B0054,0.886210560798645,True
0.01,B0054,0.9850119352340698,False
0.02,B0054,0.9848331212997437,False
0.05,B0054,0.9849212169647217,False
0.1,B0054,0.974307656288147,True
0.2,B0054,0.9261837005615234,True
0.01,B0054,0.9823839664459229,False
0.02,B0054,0.9830801486968994,False
0.05,B0054,0.9844334721565247,False
0.1,B0054,0.9841614365577698,False
0.2,B0054,0.9008461236953735,True
0.01,B0054,0.9826972484588623,False
0.02,B0054,0.9827159643173218,False
0.05,B0054,0.9852708578109741,False
0.1,B0054,0.9756051301956177,True
0.2,B0054,0.9432636499404907,True
0.01,B0054,0.9828348159790039,False
0.02,B0054,0.9829177260398865,False
0.05,B0054,0.9854127764701843,False
0.1,B0054,0.9906431436538696,False
0.2,B0054,0.9085332155227661,True
0.01,B0054,0.9889509081840515,False
0.02,B0054,0.9889458417892456,False
0.05,B0054,0.988673985004425,False
0.1,B0054,0.9785269498825073,True
0.2,B0054,0.9131669402122498,True
0.01,B0054,0.9825242161750793,False
0.02,B0054,0.9814233183860779,False
0.05,B0054,0.9786726832389832,True
0.1,B0054,0.9848264455795288,False
0.2,B0054,0.904396653175354,True
0.01,B0054,0.9948776960372925,False
0.02,B0054,0.9948870539665222,False
0.05,B0054,0.9963807463645935,False
0.1,B0054,0.9866082668304443,False
0.2,B0054,0.9158567190170288,True
0.01,B0054,0.9829932451248169,False
0.02,B0054,0.9820258021354675,False
0.05,B0054,0.9814911484718323,False
0.1,B0054,0.9696493148803711,True
0.2,B0054,0.9082989692687988,True
0.01,B0054,0.9846048951148987,False
0.02,B0054,0.984073281288147,False
0.05,B0054,0.9866061210632324,False
0.1,B0054,0.9676083326339722,True
0.2,B0054,0.916553258895874,True
0.01,B0054,0.9824482202529907,False
0.02,B0054,0.9827929735183716,False
0.05,B0054,0.9834201335906982,False
0.1,B0054,0.9750540852546692,True
0.2,B0054,0.9456387162208557,True
0.01,B0054,0.9822185039520264,False
0.02,B0054,0.9812526702880859,False
0.05,B0054,0.9826192855834961,False
0.1,B0054,0.9741647839546204,True
0.2,B0054,0.9246670603752136,True
0.01,B0054,0.9820717573165894,False
0.02,B0054,0.9813037514686584,False
0.05,B0054,0.9808653593063354,False
0.1,B0054,0.978587806224823,True
0.2,B0054,0.9445302486419678,True
0.01,B0054,0.9821754097938538,False
0.02,B0054,0.9822810888290405,False
0.05,B0054,0.9826622009277344,False
0.1,B0054,0.9803109765052795,True
0.2,B0054,0.8362043499946594,True
0.01,B0054,0.9826605916023254,False
0.02,B0054,0.983710527420044,False
0.05,B0054,0.9850109219551086,False
0.1,B0054,0.9853368997573853,False
0.2,B0054,0.9171818494796753,True
0.01,B0054,0.9945120215415955,False
0.02,B0054,0.9942193031311035,False
0.05,B0054,0.9947709441184998,False
0.1,B0054,0.9919567108154297,False
0.2,B0054,0.9157477617263794,True
0.01,B0054,0.9831793308258057,False
0.02,B0054,0.9825888872146606,False
0.05,B0054,0.9850395917892456,False
0.1,B0054,0.9772253036499023,True
0.2,B0054,0.90628981590271,True
0.01,B0054,0.9814266562461853,False
0.02,B0054,0.9821146726608276,False
0.05,B0054,0.9780533313751221,True
0.1,B0054,0.9815499782562256,False
0.2,B0054,0.9109824299812317,True
0.01,B0054,0.9831035137176514,False
0.02,B0054,0.9835821986198425,False
0.05,B0054,0.986799418926239,False
0.1,B0054,0.9721753597259521,True
0.2,B0054,0.9075980186462402,True
0.01,B0054,0.98357093334198,False
0.02,B0054,0.9833687543869019,False
0.05,B0054,0.9876123666763306,False
0.1,B0054,0.9827101826667786,False
0.2,B0054,0.8659321665763855,True
0.01,B0054,0.9830767512321472,False
0.02,B0054,0.9833203554153442,False
0.05,B0054,0.9787642955780029,True
0.1,B0054,0.9855560064315796,False
0.2,B0054,0.9017271995544434,True
0.01,B0054,0.9831989407539368,False
0.02,B0054,0.9827574491500854,False
0.05,B0054,0.9848963022232056,False
0.1,B0054,0.9834957122802734,False
0.2,B0054,0.8343754410743713,True
0.01,B0054,0.9853594303131104,False
0.02,B0054,0.9852555990219116,False
0.05,B0054,0.9865089058876038,False
0.1,B0054,0.9746124744415283,True
0.2,B0054,0.9156671762466431,True
0.01,B0054,0.9822835922241211,False
0.02,B0054,0.9830656051635742,False
0.05,B0054,0.9820880889892578,False
0.1,B0054,0.9871199131011963,False
0.2,B0054,0.8971214294433594,True
0.01,B0054,0.9943097233772278,False
0.02,B0054,0.9945485591888428,False
0.05,B0054,0.992180347442627,False
0.1,B0054,0.98933345079422,False
0.2,B0054,0.8769124746322632,True
0.01,B0054,0.9818571209907532,False
0.02,B0054,0.9817231297492981,False
0.05,B0054,0.9785472750663757,True
0.1,B0054,0.9878875613212585,False
0.2,B0054,0.9263076782226562,True
0.01,B0054,0.9846664071083069,False
0.02,B0054,0.9846568703651428,False
0.05,B0054,0.9884520173072815,False
0.1,B0054,0.9861615896224976,False
0.2,B0054,0.939316987991333,True
0.01,B0054,0.9814828038215637,False
0.02,B0054,0.9822221398353577,False
0.05,B0054,0.9826879501342773,False
0.1,B0054,0.9709147810935974,True
0.2,B0054,0.91117924451828,True
0.01,B0054,0.9817984104156494,False
0.02,B0054,0.9813460111618042,False
0.05,B0054,0.9853847026824951,False
0.1,B0054,0.9826824069023132,False
0.2,B0054,0.9156790375709534,True
0.01,B0054,0.9830992221832275,False
0.02,B0054,0.9828596115112305,False
0.05,B0054,0.9873007535934448,False
0.1,B0054,0.9825483560562134,False
0.2,B0054,0.9024271965026855,True
0.01,B0054,0.9809725284576416,False
0.02,B0054,0.9814653396606445,False
0.05,B0054,0.981910228729248,False
0.1,B0054,0.9855278134346008,False
0.2,B0054,0.9482647180557251,True
0.01,B0055,0.971306562423706,True
0.02,B0055,0.9712868928909302,True
0.05,B0055,0.9735821485519409,True
0.1,B0055,0.9772462248802185,True
0.2,B0055,0.9329065084457397,True
0.01,B0055,0.9974918365478516,False
0.02,B0055,0.9975669980049133,False
0.05,B0055,0.9977075457572937,False
0.1,B0055,0.9907234907150269,False
0.2,B0055,0.9464960694313049,True
0.01,B0055,0.9980931282043457,False
0.02,B0055,0.9982039332389832,False
0.05,B0055,0.9968382716178894,False
0.1,B0055,0.9915117025375366,False
0.2,B0055,0.9370278120040894,True
0.01,B0055,0.9973024725914001,False
0.02,B0055,0.9974079132080078,False
0.05,B0055,0.9979804158210754,False
0.1,B0055,0.9856663346290588,False
0.2,B0055,0.8951109647750854,True
0.01,B0055,0.9983845353126526,False
0.02,B0055,0.9983254075050354,False
0.05,B0055,0.9979792833328247,False
0.1,B0055,0.9953163862228394,False
0.2,B0055,0.9281677007675171,True
0.01,B0055,0.9976143836975098,False
0.02,B0055,0.9975810050964355,False
0.05,B0055,0.998116135597229,False
0.1,B0055,0.9852981567382812,False
0.2,B0055,0.9519391059875488,True
0.01,B0055,0.9942536354064941,False
0.02,B0055,0.9945762157440186,False
0.05,B0055,0.9936040639877319,False
0.1,B0055,0.9853124618530273,False
0.2,B0055,0.9356625080108643,True
0.01,B0055,0.992820143699646,False
0.02,B0055,0.9925029873847961,False
0.05,B0055,0.9931324124336243,False
0.1,B0055,0.9914835691452026,False
0.2,B0055,0.930797815322876,True
0.01,B0055,0.9979188442230225,False
0.02,B0055,0.9977019429206848,False
0.05,B0055,0.9986301064491272,False
0.1,B0055,0.9926941394805908,False
0.2,B0055,0.9519079923629761,True
0.01,B0055,0.9977980852127075,False
0.02,B0055,0.9976739287376404,False
0.05,B0055,0.9961965680122375,False
0.1,B0055,0.9929991364479065,False
0.2,B0055,0.9094418287277222,True
0.01,B0055,0.9931113719940186,False
0.02,B0055,0.9930351376533508,False
0.05,B0055,0.9921390414237976,False
0.1,B0055,0.9845623970031738,False
0.2,B0055,0.897303581237793,True
0.01,B0055,0.9975078105926514,False
0.02,B0055,0.9978334307670593,False
0.05,B0055,0.9960941076278687,False
0.1,B0055,0.9861011505126953,False
0.2,B0055,0.9293661117553711,True
0.01,B0055,0.9975138306617737,False
0.02,B0055,0.9976789355278015,False
0.05,B0055,0.9948626756668091,False
0.1,B0055,0.9915505647659302,False
0.2,B0055,0.8548693656921387,True
0.01,B0055,0.9972339272499084,False
0.02,B0055,0.9975039958953857,False
0.05,B0055,0.9980233907699585,False
0.1,B0055,0.9937218427658081,False
0.2,B0055,0.8805197477340698,True
0.01,B0055,0.9971708059310913,False
0.02,B0055,0.9972004890441895,False
0.05,B0055,0.9984525442123413,False
0.1,B0055,0.9843780398368835,False
0.2,B0055,0.8658283352851868,True
0.01,B0055,0.9972242116928101,False
0.02,B0055,0.997116208076477,False
0.05,B0055,0.9951291084289551,False
0.1,B0055,0.9924099445343018,False
0.2,B0055,0.8666916489601135,True
0.01,B0055,0.9969127774238586,False
0.02,B0055,0.996796190738678,False
0.05,B0055,0.9975320100784302,False
0.1,B0055,0.9944467544555664,False
0.2,B0055,0.9393035769462585,True
0.01,B0055,0.9966923594474792,False
0.02,B0055,0.9970380663871765,False
0.05,B0055,0.997292160987854,False
0.1,B0055,0.9929308295249939,False
0.2,B0055,0.8789426684379578,True
0.01,B0055,0.9971082210540771,False
0.02,B0055,0.9970446825027466,False
0.05,B0055,0.9960643649101257,False
0.1,B0055,0.9936836957931519,False
0.2,B0055,0.9406399726867676,True
0.01,B0055,0.9972560405731201,False
0.02,B0055,0.9973739385604858,False
0.05,B0055,0.9951170086860657,False
0.1,B0055,0.989325225353241,False
0.2,B0055,0.9335474967956543,True
0.01,B0055,0.9969825744628906,False
0.02,B0055,0.9969439506530762,False
0.05,B0055,0.9966683387756348,False
0.1,B0055,0.9924335479736328,False
0.2,B0055,0.9134252667427063,True
0.01,B0055,0.9967379570007324,False
0.02,B0055,0.996708869934082,False
0.05,B0055,0.9965455532073975,False
0.1,B0055,0.9933037161827087,False
0.2,B0055,0.926127016544342,True
0.01,B0055,0.9963431358337402,False
0.02,B0055,0.9967379570007324,False
0.05,B0055,0.9951356053352356,False
0.1,B0055,0.9955862164497375,False
0.2,B0055,0.8891873955726624,True
0.01,B0055,0.9963678121566772,False
0.02,B0055,0.9965158700942993,False
0.05,B0055,0.9943497776985168,False
0.1,B0055,0.9952648282051086,False
0.2,B0055,0.9055887460708618,True
0.01,B0055,0.9957423210144043,False
0.02,B0055,0.9960858225822449,False
0.05,B0055,0.9966520071029663,False
0.1,B0055,0.9852918982505798,False
0.2,B0055,0.9520606994628906,True
0.01,B0055,0.9962308406829834,False
0.02,B0055,0.9961459636688232,False
0.05,B0055,0.9953792095184326,False
0.1,B0055,0.990263044834137,False
0.2,B0055,0.9525572061538696,True
0.01,B0055,0.996222198009491,False
0.02,B0055,0.9959498047828674,False
0.05,B0055,0.996874213218689,False
0.1,B0055,0.9835629463195801,False
0.2,B0055,0.9319154024124146,True
0.01,B0055,0.996299684047699,False
0.02,B0055,0.9964268207550049,False
0.05,B0055,0.9969257116317749,False
0.1,B0055,0.9917161464691162,False
0.2,B0055,0.8879678249359131,True
0.01,B0055,0.9964148998260498,False
0.02,B0055,0.9962092638015747,False
0.05,B0055,0.9942333698272705,False
0.1,B0055,0.9934280514717102,False
0.2,B0055,0.9577390551567078,True
0.01,B0055,0.9957541823387146,False
0.02,B0055,0.9959537982940674,False
0.05,B0055,0.9950128793716431,False
0.1,B0055,0.9816858768463135,False
0.2,B0055,0.9498668909072876,True
0.01,B0055,0.9960514307022095,False
0.02,B0055,0.9959327578544617,False
0.05,B0055,0.9949586391448975,False
0.1,B0055,0.990365743637085,False
0.2,B0055,0.9354578852653503,True
0.01,B0055,0.9961636662483215,False
0.02,B0055,0.9962611794471741,False
0.05,B0055,0.9958683252334595,False
0.1,B0055,0.9829977750778198,False
0.2,B0055,0.9053165912628174,True
0.01,B0055,0.9951635599136353,False
0.02,B0055,0.994709312915802,False
0.05,B0055,0.9959117770195007,False
0.1,B0055,0.9862261414527893,False
0.2,B0055,0.9571385383605957,True
0.01,B0055,0.9955265522003174,False
0.02,B0055,0.9956796169281006,False
0.05,B0055,0.9946711659431458,False
0.1,B0055,0.9911643862724304,False
0.2,B0055,0.9386857748031616,True
0.01,B0055,0.9958148002624512,False
0.02,B0055,0.9958170652389526,False
0.05,B0055,0.9949847459793091,False
0.1,B0055,0.9964252710342407,False
0.2,B0055,0.8744820356369019,True
0.01,B0055,0.9960028529167175,False
0.02,B0055,0.9964635372161865,False
0.05,B0055,0.9982740879058838,False
0.1,B0055,0.9860918521881104,False
0.2,B0055,0.8748832941055298,True
0.01,B0055,0.995644748210907,False
0.02,B0055,0.9956014752388,False
0.05,B0055,0.9947547316551208,False
0.1,B0055,0.9850879907608032,False
0.2,B0055,0.8603184223175049,True
0.01,B0055,0.9959454536437988,False
0.02,B0055,0.9960789680480957,False
0.05,B0055,0.9962173700332642,False
0.1,B0055,0.9894828796386719,False
0.2,B0055,0.9269660711288452,True
0.01,B0055,0.995825469493866,False
0.02,B0055,0.99599289894104,False
0.05,B0055,0.9917775392532349,False
0.1,B0055,0.9805001616477966,True
0.2,B0055,0.8697034120559692,True
0.01,B0055,0.9960206747055054,False
0.02,B0055,0.9959715604782104,False
0.05,B0055,0.9971333742141724,False
0.1,B0055,0.9875726699829102,False
0.2,B0055,0.7884303331375122,True
0.01,B0055,0.9955061674118042,False
0.02,B0055,0.9954590201377869,False
0.05,B0055,0.9964258074760437,False
0.1,B0055,0.9932340383529663,False
0.2,B0055,0.93178391456604,True
0.01,B0055,0.9956466555595398,False
0.02,B0055,0.9956308007240295,False
0.05,B0055,0.9947308301925659,False
0.1,B0055,0.9915404319763184,False
0.2,B0055,0.9326115846633911,True
0.01,B0055,0.9957717061042786,False
0.02,B0055,0.9955442547798157,False
0.05,B0055,0.9965202808380127,False
0.1,B0055,0.9890878200531006,False
0.2,B0055,0.9395099878311157,True
0.01,B0055,0.9941078424453735,False
0.02,B0055,0.9935318231582642,False
0.05,B0055,0.9942834973335266,False
0.1,B0055,0.9940671920776367,False
0.2,B0055,0.9235095977783203,True
0.01,B0055,0.9954168796539307,False
0.02,B0055,0.9952916502952576,False
0.05,B0055,0.9970055818557739,False
0.1,B0055,0.9838944673538208,False
0.2,B0055,0.9488469362258911,True
0.01,B0055,0.9952298998832703,False
0.02,B0055,0.9955423474311829,False
0.05,B0055,0.994818925857544,False
0.1,B0055,0.9882469177246094,False
0.2,B0055,0.8703272342681885,True
0.01,B0055,0.9945327639579773,False
0.02,B0055,0.9945781230926514,False
0.05,B0055,0.9977182745933533,False
0.1,B0055,0.9937502145767212,False
0.2,B0055,0.8735498785972595,True
0.01,B0055,0.9897058010101318,False
0.02,B0055,0.9891647100448608,False
0.05,B0055,0.993269681930542,False
0.1,B0055,0.9949553608894348,False
0.2,B0055,0.9238297939300537,True
0.01,B0055,0.9934245347976685,False
0.02,B0055,0.9937422871589661,False
0.05,B0055,0.9934597611427307,False
0.1,B0055,0.9868420362472534,False
0.2,B0055,0.8968172669410706,True
0.01,B0055,0.9941199421882629,False
0.02,B0055,0.9945226311683655,False
0.05,B0055,0.9938222169876099,False
0.1,B0055,0.980614423751831,True
0.2,B0055,0.9349772334098816,True
0.01,B0055,0.993522584438324,False
0.02,B0055,0.9933304786682129,False
0.05,B0055,0.9938063025474548,False
0.1,B0055,0.9962157607078552,False
0.2,B0055,0.8496941328048706,True
0.01,B0055,0.994184136390686,False
0.02,B0055,0.993837833404541,False
0.05,B0055,0.994616687297821,False
0.1,B0055,0.986879289150238,False
0.2,B0055,0.921274721622467,True
0.01,B0055,0.9942312836647034,False
0.02,B0055,0.9941157698631287,False
0.05,B0055,0.9938438534736633,False
0.1,B0055,0.984894871711731,False
0.2,B0055,0.9294857978820801,True
0.01,B0055,0.9951996803283691,False
0.02,B0055,0.9952586889266968,False
0.05,B0055,0.9943670034408569,False
0.1,B0055,0.9886700510978699,False
0.2,B0055,0.9164447784423828,True
0.01,B0055,0.9951599836349487,False
0.02,B0055,0.9950864315032959,False
0.05,B0055,0.9940444231033325,False
0.1,B0055,0.991425633430481,False
0.2,B0055,0.9568018317222595,True
0.01,B0055,0.9951328039169312,False
0.02,B0055,0.995232105255127,False
0.05,B0055,0.9949197173118591,False
0.1,B0055,0.9945493936538696,False
0.2,B0055,0.926439642906189,True
0.01,B0055,0.9946746230125427,False
0.02,B0055,0.9945844411849976,False
0.05,B0055,0.9925326704978943,False
0.1,B0055,0.9840049147605896,False
0.2,B0055,0.9113703966140747,True
0.01,B0055,0.9951945543289185,False
0.02,B0055,0.9954624772071838,False
0.05,B0055,0.9971206188201904,False
0.1,B0055,0.994778037071228,False
0.2,B0055,0.9148229956626892,True
0.01,B0055,0.9934589862823486,False
0.02,B0055,0.9936491847038269,False
0.05,B0055,0.9920337200164795,False
0.1,B0055,0.9893888235092163,False
0.2,B0055,0.9457050561904907,True
0.01,B0055,0.9953098297119141,False
0.02,B0055,0.9954040050506592,False
0.05,B0055,0.9954380393028259,False
0.1,B0055,0.9939432144165039,False
0.2,B0055,0.9136911630630493,True
0.01,B0055,0.995181679725647,False
0.02,B0055,0.9952853918075562,False
0.05,B0055,0.9923228025436401,False
0.1,B0055,0.9821736812591553,False
0.2,B0055,0.9109563827514648,True
0.01,B0055,0.9939453601837158,False
0.02,B0055,0.9945120811462402,False
0.05,B0055,0.9949461817741394,False
0.1,B0055,0.9885023832321167,False
0.2,B0055,0.9107957482337952,True
0.01,B0055,0.994897723197937,False
0.02,B0055,0.994657576084137,False
0.05,B0055,0.9937571883201599,False
0.1,B0055,0.9847165942192078,False
0.2,B0055,0.930681586265564,True
0.01,B0055,0.993115246295929,False
0.02,B0055,0.9939429759979248,False
0.05,B0055,0.9949524402618408,False
0.1,B0055,0.9785960912704468,True
0.2,B0055,0.9430391788482666,True
0.01,B0055,0.9954020977020264,False
0.02,B0055,0.9951380491256714,False
0.05,B0055,0.995481014251709,False
0.1,B0055,0.9832016229629517,False
0.2,B0055,0.9309771656990051,True
0.01,B0055,0.9947465062141418,False
0.02,B0055,0.9946975708007812,False
0.05,B0055,0.9959627389907837,False
0.1,B0055,0.9869772791862488,False
0.2,B0055,0.931541383266449,True
0.01,B0055,0.9934320449829102,False
0.02,B0055,0.9934647083282471,False
0.05,B0055,0.9924156069755554,False
0.1,B0055,0.9933943152427673,False
0.2,B0055,0.9255785942077637,True
0.01,B0055,0.9945685267448425,False
0.02,B0055,0.9944087862968445,False
0.05,B0055,0.9918292164802551,False
0.1,B0055,0.9798837304115295,True
0.2,B0055,0.9366703033447266,True
0.01,B0055,0.9947859048843384,False
0.02,B0055,0.9950709939002991,False
0.05,B0055,0.9968646168708801,False
0.1,B0055,0.9860450625419617,False
0.2,B0055,0.9427316188812256,True
0.01,B0055,0.9925886392593384,False
0.02,B0055,0.9920965433120728,False
0.05,B0055,0.9938198924064636,False
0.1,B0055,0.9866945147514343,False
0.2,B0055,0.9317522048950195,True
0.01,B0055,0.9946751594543457,False
0.02,B0055,0.9951121807098389,False
0.05,B0055,0.994398832321167,False
0.1,B0055,0.9837235808372498,False
0.2,B0055,0.8759398460388184,True
0.01,B0055,0.9940747618675232,False
0.02,B0055,0.9939102530479431,False
0.05,B0055,0.9935065507888794,False
0.1,B0055,0.9892796874046326,False
0.2,B0055,0.8511031866073608,True
0.01,B0055,0.994260311126709,False
0.02,B0055,0.9944334030151367,False
0.05,B0055,0.9941140413284302,False
0.1,B0055,0.9856709837913513,False
0.2,B0055,0.9531207084655762,True
0.01,B0055,0.994269609451294,False
0.02,B0055,0.9947163462638855,False
0.05,B0055,0.9928765296936035,False
0.1,B0055,0.9808266162872314,True
0.2,B0055,0.9259154200553894,True
0.01,B0055,0.993101179599762,False
0.02,B0055,0.9928092956542969,False
0.05,B0055,0.9932126998901367,False
0.1,B0055,0.9873643517494202,False
0.2,B0055,0.9337764978408813,True
0.01,B0055,0.9948207139968872,False
0.02,B0055,0.9946566820144653,False
0.05,B0055,0.992569088935852,False
0.1,B0055,0.9843198657035828,False
0.2,B0055,0.9265365600585938,True
0.01,B0055,0.9947748184204102,False
0.02,B0055,0.9947732090950012,False
0.05,B0055,0.9933270812034607,False
0.1,B0055,0.9867143630981445,False
0.2,B0055,0.9552431106567383,True
0.01,B0055,0.9943163990974426,False
0.02,B0055,0.9941508769989014,False
0.05,B0055,0.9915895462036133,False
0.1,B0055,0.991057813167572,False
0.2,B0055,0.8523423075675964,True
0.01,B0055,0.9948397874832153,False
0.02,B0055,0.994904637336731,False
0.05,B0055,0.9965090751647949,False
0.1,B0055,0.9832226634025574,False
0.2,B0055,0.9441015720367432,True
0.01,B0055,0.9947100877761841,False
0.02,B0055,0.9951367378234863,False
0.05,B0055,0.99190753698349,False
0.1,B0055,0.991483747959137,False
0.2,B0055,0.9333263635635376,True
0.01,B0055,0.9937057495117188,False
0.02,B0055,0.9940731525421143,False
0.05,B0055,0.994539737701416,False
0.1,B0055,0.9874143600463867,False
0.2,B0055,0.89111328125,True
0.01,B0055,0.991644024848938,False
0.02,B0055,0.991650402545929,False
0.05,B0055,0.9952296614646912,False
0.1,B0055,0.986501932144165,False
0.2,B0055,0.9235174059867859,True
0.01,B0055,0.9925839900970459,False
0.02,B0055,0.9933271408081055,False
0.05,B0055,0.9933350086212158,False
0.1,B0055,0.9897711277008057,False
0.2,B0055,0.9163471460342407,True
0.01,B0055,0.9944190979003906,False
0.02,B0055,0.9938330054283142,False
0.05,B0055,0.9929721355438232,False
0.1,B0055,0.9887036681175232,False
0.2,B0055,0.879504382610321,True
0.01,B0055,0.9922587275505066,False
0.02,B0055,0.9921900033950806,False
0.05,B0055,0.9899877309799194,False
0.1,B0055,0.9937126636505127,False
0.2,B0055,0.9144520163536072,True
0.01,B0055,0.994460940361023,False
0.02,B0055,0.9942747950553894,False
0.05,B0055,0.9966525435447693,False
0.1,B0055,0.9871479868888855,False
0.2,B0055,0.9512723088264465,True
0.01,B0055,0.9946857690811157,False
0.02,B0055,0.9947655200958252,False
0.05,B0055,0.9939627647399902,False
0.1,B0055,0.9858124256134033,False
0.2,B0055,0.9523152112960815,True
0.01,B0055,0.9913195371627808,False
0.02,B0055,0.9915958046913147,False
0.05,B0055,0.9955686330795288,False
0.1,B0055,0.9917721748352051,False
0.2,B0055,0.8889816999435425,True
0.01,B0055,0.9937260150909424,False
0.02,B0055,0.9937198162078857,False
0.05,B0055,0.9920932650566101,False
0.1,B0055,0.9872617721557617,False
0.2,B0055,0.9409240484237671,True
0.01,B0055,0.9871696829795837,False
0.02,B0055,0.9873238801956177,False
0.05,B0055,0.9845778346061707,False
0.1,B0055,0.9826294183731079,False
0.2,B0055,0.936303973197937,True
0.01,B0055,0.990081250667572,False
0.02,B0055,0.9899466633796692,False
0.05,B0055,0.9910504817962646,False
0.1,B0055,0.985559344291687,False
0.2,B0055,0.8981204032897949,True
0.01,B0055,0.9935483932495117,False
0.02,B0055,0.9936924576759338,False
0.05,B0055,0.9911872148513794,False
0.1,B0055,0.9811793565750122,False
0.2,B0055,0.8707672357559204,True
0.01,B0055,0.9913003444671631,False
0.02,B0055,0.9920958876609802,False
0.05,B0055,0.9943075180053711,False
0.1,B0055,0.9711195230484009,True
0.2,B0055,0.9433842301368713,True
0.01,B0055,0.9938763380050659,False
0.02,B0055,0.9943187236785889,False
0.05,B0055,0.9944769144058228,False
0.1,B0055,0.9928392767906189,False
0.2,B0055,0.9375492334365845,True
0.01,B0055,0.9937801361083984,False
0.02,B0055,0.9942500591278076,False
0.05,B0055,0.9940871000289917,False
0.1,B0055,0.9907839894294739,False
0.2,B0055,0.8657063245773315,True
0.01,B0055,0.9939490556716919,False
0.02,B0055,0.9937301874160767,False
0.05,B0055,0.9928970336914062,False
0.1,B0055,0.980368971824646,True
0.2,B0055,0.9284029603004456,True
0.01,B0055,0.9921352863311768,False
0.02,B0055,0.9924858212471008,False
0.05,B0055,0.9928832054138184,False
0.1,B0055,0.9756047129631042,True
0.2,B0055,0.9441570043563843,True
0.01,B0055,0.9936604499816895,False
0.02,B0055,0.9935280084609985,False
0.05,B0055,0.9931797981262207,False
0.1,B0055,0.9792730808258057,True
0.2,B0055,0.9105597734451294,True
0.01,B0055,0.9934913516044617,False
0.02,B0055,0.9942700266838074,False
0.05,B0055,0.9956196546554565,False
0.1,B0055,0.9917483925819397,False
0.2,B0055,0.9061810970306396,True
0.01,B0055,0.9916799068450928,False
0.02,B0055,0.9922406077384949,False
0.05,B0055,0.9890909194946289,False
0.1,B0055,0.9873335361480713,False
0.2,B0055,0.8734887838363647,True
0.01,B0055,0.9928817749023438,False
0.02,B0055,0.9933529496192932,False
0.05,B0055,0.9899607300758362,False
0.1,B0055,0.9857238531112671,False
0.2,B0055,0.9395909905433655,True
0.01,B0055,0.9932254552841187,False
0.02,B0055,0.9939292669296265,False
0.05,B0055,0.9964780211448669,False
0.1,B0055,0.9873625040054321,False
0.2,B0055,0.8991354703903198,True
