severity,source_cell_id,similarity_score,detected
0.01,B0006,0.9999949336051941,False
0.02,B0006,0.9999955296516418,False
0.05,B0006,0.9999954700469971,False
0.1,B0006,0.9999954700469971,False
0.2,B0006,0.9999934434890747,False
0.01,B0006,0.9999948740005493,False
0.02,B0006,0.9999947547912598,False
0.05,B0006,0.9999947547912598,False
0.1,B0006,0.9999939203262329,False
0.2,B0006,0.9994347095489502,False
0.01,B0006,0.9999970197677612,False
0.02,B0006,0.9999969601631165,False
0.05,B0006,0.9999954700469971,False
0.1,B0006,0.9999967813491821,False
0.2,B0006,0.9999967217445374,False
0.01,B0006,0.9999983906745911,False
0.02,B0006,0.9999985694885254,False
0.05,B0006,0.9999985694885254,False
0.1,B0006,0.9999977350234985,False
0.2,B0006,0.9999982714653015,False
0.01,B0006,0.9999926686286926,False
0.02,B0006,0.9999926686286926,False
0.05,B0006,0.9999927282333374,False
0.1,B0006,0.9999931454658508,False
0.2,B0006,0.9999934434890747,False
0.01,B0006,0.9999923706054688,False
0.02,B0006,0.9999922513961792,False
0.05,B0006,0.9999924898147583,False
0.1,B0006,0.9999926090240479,False
0.2,B0006,0.9999950528144836,False
0.01,B0006,0.9999942779541016,False
0.02,B0006,0.999994158744812,False
0.05,B0006,0.9999943971633911,False
0.1,B0006,0.999993622303009,False
0.2,B0006,0.9999944567680359,False
0.01,B0006,0.9999973773956299,False
0.02,B0006,0.9999971389770508,False
0.05,B0006,0.9999972581863403,False
0.1,B0006,0.9999971389770508,False
0.2,B0006,0.9999933242797852,False
0.01,B0006,0.9999915361404419,False
0.02,B0006,0.9999917149543762,False
0.05,B0006,0.9999920129776001,False
0.1,B0006,0.9999927282333374,False
0.2,B0006,0.9999920725822449,False
0.01,B0006,0.9999802112579346,False
0.02,B0006,0.999980092048645,False
0.05,B0006,0.9999810457229614,False
0.1,B0006,0.9999808073043823,False
0.2,B0006,0.9999818801879883,False
0.01,B0006,0.9999602437019348,False
0.02,B0006,0.99996018409729,False
0.05,B0006,0.9999608993530273,False
0.1,B0006,0.9999596476554871,False
0.2,B0006,0.999966025352478,False
0.01,B0006,0.999998152256012,False
0.02,B0006,0.999998152256012,False
0.05,B0006,0.9999982118606567,False
0.1,B0006,0.9999978542327881,False
0.2,B0006,0.9999967813491821,False
0.01,B0006,0.9999971389770508,False
0.02,B0006,0.9999971389770508,False
0.05,B0006,0.9999972581863403,False
0.1,B0006,0.9999972581863403,False
0.2,B0006,0.9995843172073364,False
0.01,B0006,0.9999846816062927,False
0.02,B0006,0.9999850392341614,False
0.05,B0006,0.999984860420227,False
0.1,B0006,0.9999856948852539,False
0.2,B0006,0.9999552965164185,False
0.01,B0006,0.9999516010284424,False
0.02,B0006,0.9999518990516663,False
0.05,B0006,0.9999521374702454,False
0.1,B0006,0.9999531507492065,False
0.2,B0006,0.9999524354934692,False
0.01,B0006,0.9999050498008728,False
0.02,B0006,0.9999054074287415,False
0.05,B0006,0.999906063079834,False
0.1,B0006,0.9999077320098877,False
0.2,B0006,0.999907910823822,False
0.01,B0006,0.9999319314956665,False
0.02,B0006,0.9999314546585083,False
0.05,B0006,0.9999325275421143,False
0.1,B0006,0.9999339580535889,False
0.2,B0006,0.9999375343322754,False
0.01,B0006,0.9999366998672485,False
0.02,B0006,0.9999361038208008,False
0.05,B0006,0.9999359846115112,False
0.1,B0006,0.9999377727508545,False
0.2,B0006,0.9999401569366455,False
0.01,B0006,0.9999452829360962,False
0.02,B0006,0.9999447464942932,False
0.05,B0006,0.9999450445175171,False
0.1,B0006,0.9999452233314514,False
0.2,B0006,0.99678635597229,False
0.01,B0006,0.9997907876968384,False
0.02,B0006,0.9997910857200623,False
0.05,B0006,0.9997936487197876,False
0.1,B0006,0.9998000860214233,False
0.2,B0006,0.9998030662536621,False
0.01,B0006,0.999958336353302,False
0.02,B0006,0.9999576210975647,False
0.05,B0006,0.9999582171440125,False
0.1,B0006,0.99996018409729,False
0.2,B0006,0.9999619722366333,False
0.01,B0006,0.999811053276062,False
0.02,B0006,0.999811053276062,False
0.05,B0006,0.9998612999916077,False
0.1,B0006,0.9998146295547485,False
0.2,B0006,0.9998185038566589,False
0.01,B0006,0.9995971918106079,False
0.02,B0006,0.9995971918106079,False
0.05,B0006,0.999596357345581,False
0.1,B0006,0.9995884895324707,False
0.2,B0006,0.9996011257171631,False
0.01,B0006,0.9995413422584534,False
0.02,B0006,0.9995415806770325,False
0.05,B0006,0.999542772769928,False
0.1,B0006,0.9995478987693787,False
0.2,B0006,0.9994849562644958,False
0.01,B0006,0.9994347095489502,False
0.02,B0006,0.9994332194328308,False
0.05,B0006,0.9994321465492249,False
0.1,B0006,0.9994378089904785,False
0.2,B0006,0.9994357824325562,False
0.01,B0006,0.9994126558303833,False
0.02,B0006,0.9994125366210938,False
0.05,B0006,0.9994148015975952,False
0.1,B0006,0.999419093132019,False
0.2,B0006,0.9994335770606995,False
0.01,B0006,0.9993473887443542,False
0.02,B0006,0.9993472099304199,False
0.05,B0006,0.9993493556976318,False
0.1,B0006,0.9993480443954468,False
0.2,B0006,0.9993495941162109,False
0.01,B0006,0.9993700981140137,False
0.02,B0006,0.9993712902069092,False
0.05,B0006,0.9993719458580017,False
0.1,B0006,0.9993743896484375,False
0.2,B0006,0.9993838667869568,False
0.01,B0006,0.9994325041770935,False
0.02,B0006,0.9994311332702637,False
0.05,B0006,0.9994334578514099,False
0.1,B0006,0.9994232654571533,False
0.2,B0006,0.9994252920150757,False
0.01,B0006,0.9994071125984192,False
0.02,B0006,0.9994064569473267,False
0.05,B0006,0.9994112253189087,False
0.1,B0006,0.9994112253189087,False
0.2,B0006,0.9993679523468018,False
0.01,B0006,0.999413788318634,False
0.02,B0006,0.999413251876831,False
0.05,B0006,0.9994163513183594,False
0.1,B0006,0.9994174242019653,False
0.2,B0006,0.9994187355041504,False
0.01,B0006,0.9996349811553955,False
0.02,B0006,0.9996352791786194,False
0.05,B0006,0.9996355175971985,False
0.1,B0006,0.9996365308761597,False
0.2,B0006,0.9996491074562073,False
0.01,B0006,0.9995005130767822,False
0.02,B0006,0.9995042085647583,False
0.05,B0006,0.9995034337043762,False
0.1,B0006,0.9995056390762329,False
0.2,B0006,0.9995299577713013,False
0.01,B0006,0.9991450309753418,False
0.02,B0006,0.9991459846496582,False
0.05,B0006,0.9991501569747925,False
0.1,B0006,0.9991536140441895,False
0.2,B0006,0.9975507855415344,False
0.01,B0006,0.9990203380584717,False
0.02,B0006,0.9990209341049194,False
0.05,B0006,0.9990209341049194,False
0.1,B0006,0.9990217685699463,False
0.2,B0006,0.9989113807678223,False
0.01,B0006,0.9995315670967102,False
0.02,B0006,0.9995315074920654,False
0.05,B0006,0.9995314478874207,False
0.1,B0006,0.9995366334915161,False
0.2,B0006,0.9995504021644592,False
0.01,B0006,0.9993008971214294,False
0.02,B0006,0.999298095703125,False
0.05,B0006,0.9992949962615967,False
0.1,B0006,0.9993041157722473,False
0.2,B0006,0.9992928504943848,False
0.01,B0006,0.9991403222084045,False
0.02,B0006,0.9991437196731567,False
0.05,B0006,0.9991425275802612,False
0.1,B0006,0.9991436004638672,False
0.2,B0006,0.9991703033447266,False
0.01,B0006,0.9989453554153442,False
0.02,B0006,0.9989467859268188,False
0.05,B0006,0.998948335647583,False
0.1,B0006,0.9989528059959412,False
0.2,B0006,0.9988418817520142,False
0.01,B0006,0.9991803765296936,False
0.02,B0006,0.9991800785064697,False
0.05,B0006,0.9991766214370728,False
0.1,B0006,0.9991809129714966,False
0.2,B0006,0.9990769624710083,False
0.01,B0006,0.999369204044342,False
0.02,B0006,0.9993696808815002,False
0.05,B0006,0.9993693828582764,False
0.1,B0006,0.9993703961372375,False
0.2,B0006,0.9993710517883301,False
0.01,B0006,0.9993236064910889,False
0.02,B0006,0.9993098974227905,False
0.05,B0006,0.999326229095459,False
0.1,B0006,0.9993255138397217,False
0.2,B0006,0.9993417859077454,False
0.01,B0006,0.9994027614593506,False
0.02,B0006,0.9994025826454163,False
0.05,B0006,0.9994018077850342,False
0.1,B0006,0.9994121789932251,False
0.2,B0006,0.9993384480476379,False
0.01,B0006,0.9994513988494873,False
0.02,B0006,0.9994515776634216,False
0.05,B0006,0.999452531337738,False
0.1,B0006,0.9994538426399231,False
0.2,B0006,0.9994711875915527,False
0.01,B0006,0.9989715218544006,False
0.02,B0006,0.9989770650863647,False
0.05,B0006,0.9989822506904602,False
0.1,B0006,0.9989800453186035,False
0.2,B0006,0.9989831447601318,False
0.01,B0006,0.9987661838531494,False
0.02,B0006,0.9987667798995972,False
0.05,B0006,0.9987656474113464,False
0.1,B0006,0.99875807762146,False
0.2,B0006,0.9986358880996704,False
0.01,B0006,0.998661994934082,False
0.02,B0006,0.9986613392829895,False
0.05,B0006,0.9986662864685059,False
0.1,B0006,0.998664379119873,False
0.2,B0006,0.9936449527740479,False
0.01,B0006,0.9990366101264954,False
0.02,B0006,0.9990357160568237,False
0.05,B0006,0.999047577381134,False
0.1,B0006,0.9990298748016357,False
0.2,B0006,0.9989937543869019,False
0.01,B0006,0.9996565580368042,False
0.02,B0006,0.9996551275253296,False
0.05,B0006,0.9996549487113953,False
0.1,B0006,0.9987017512321472,False
0.2,B0006,0.9996275901794434,False
0.01,B0006,0.9997762441635132,False
0.02,B0006,0.9997764825820923,False
0.05,B0006,0.999775767326355,False
0.1,B0006,0.9997742176055908,False
0.2,B0006,0.9997740983963013,False
0.01,B0006,0.9995832443237305,False
0.02,B0006,0.9995826482772827,False
0.05,B0006,0.9995832443237305,False
0.1,B0006,0.999561607837677,False
0.2,B0006,0.9995812177658081,False
0.01,B0006,0.9993255138397217,False
0.02,B0006,0.99932461977005,False
0.05,B0006,0.9993281364440918,False
0.1,B0006,0.9993237257003784,False
0.2,B0006,0.9993289113044739,False
0.01,B0006,0.999015748500824,False
0.02,B0006,0.9990368485450745,False
0.05,B0006,0.9990378618240356,False
0.1,B0006,0.9990379810333252,False
0.2,B0006,0.9989892840385437,False
0.01,B0006,0.9988187551498413,False
0.02,B0006,0.9988126158714294,False
0.05,B0006,0.9988126754760742,False
0.1,B0006,0.9988120198249817,False
0.2,B0006,0.9988007545471191,False
0.01,B0006,0.9982975721359253,False
0.02,B0006,0.9982973337173462,False
0.05,B0006,0.9982919096946716,False
0.1,B0006,0.9982967972755432,False
0.2,B0006,0.9981474280357361,False
0.01,B0006,0.9981630444526672,False
0.02,B0006,0.9981635808944702,False
0.05,B0006,0.9978669285774231,False
0.1,B0006,0.9981672167778015,False
0.2,B0006,0.998163640499115,False
0.01,B0006,0.9979051947593689,False
0.02,B0006,0.9979073405265808,False
0.05,B0006,0.9979038238525391,False
0.1,B0006,0.9979012608528137,False
0.2,B0006,0.9978248476982117,False
0.01,B0006,0.9972058534622192,False
0.02,B0006,0.9972012042999268,False
0.05,B0006,0.9971922636032104,False
0.1,B0006,0.9971715211868286,False
0.2,B0006,0.9971277713775635,False
0.01,B0006,0.9969290494918823,False
0.02,B0006,0.9969305992126465,False
0.05,B0006,0.9969288110733032,False
0.1,B0006,0.9969286322593689,False
0.2,B0006,0.9969130754470825,False
0.01,B0006,0.9962465167045593,False
0.02,B0006,0.9962551593780518,False
0.05,B0006,0.9971774220466614,False
0.1,B0006,0.9962413311004639,False
0.2,B0006,0.9962278604507446,False
0.01,B0006,0.9957605600357056,False
0.02,B0006,0.995770275592804,False
0.05,B0006,0.9957610368728638,False
0.1,B0006,0.9957693815231323,False
0.2,B0006,0.9956874847412109,False
0.01,B0006,0.9952563047409058,False
0.02,B0006,0.9952086210250854,False
0.05,B0006,0.9952525496482849,False
0.1,B0006,0.9952536225318909,False
0.2,B0006,0.9952064752578735,False
0.01,B0006,0.9948816299438477,False
0.02,B0006,0.9948892593383789,False
0.05,B0006,0.9948927164077759,False
0.1,B0006,0.99484783411026,False
0.2,B0006,0.994796633720398,False
0.01,B0006,0.9953455924987793,False
0.02,B0006,0.9953429102897644,False
0.05,B0006,0.9953375458717346,False
0.1,B0006,0.9931067228317261,False
0.2,B0006,0.9960172176361084,False
0.01,B0006,0.994818925857544,False
0.02,B0006,0.9948174357414246,False
0.05,B0006,0.9947429299354553,False
0.1,B0006,0.9948186874389648,False
0.2,B0006,0.9948193430900574,False
0.01,B0006,0.9941115379333496,False
0.02,B0006,0.9941140413284302,False
0.05,B0006,0.9940996766090393,False
0.1,B0006,0.9940924644470215,False
0.2,B0006,0.9940792918205261,False
0.01,B0006,0.9940741062164307,False
0.02,B0006,0.9940822720527649,False
0.05,B0006,0.9940661191940308,False
0.1,B0006,0.9940615892410278,False
0.2,B0006,0.9940614700317383,False
0.01,B0006,0.9936505556106567,False
0.02,B0006,0.9936542510986328,False
0.05,B0006,0.9936477541923523,False
0.1,B0006,0.9936549663543701,False
0.2,B0006,0.9935479760169983,False
0.01,B0006,0.992741048336029,False
0.02,B0006,0.9927248954772949,False
0.05,B0006,0.9927119016647339,False
0.1,B0006,0.992713212966919,False
0.2,B0006,0.9926857948303223,False
0.01,B0006,0.992172122001648,False
0.02,B0006,0.9921733736991882,False
0.05,B0006,0.9921543598175049,False
0.1,B0006,0.9921592473983765,False
0.2,B0006,0.9802367687225342,True
0.01,B0006,0.9925849437713623,False
0.02,B0006,0.9925758242607117,False
0.05,B0006,0.9925490021705627,False
0.1,B0006,0.9925743341445923,False
0.2,B0006,0.9924653172492981,False
0.01,B0006,0.9918782114982605,False
0.02,B0006,0.9919093251228333,False
0.05,B0006,0.9919223785400391,False
0.1,B0006,0.9919168949127197,False
0.2,B0006,0.9918515086174011,False
0.01,B0006,0.9913427829742432,False
0.02,B0006,0.9913142919540405,False
0.05,B0006,0.9913305640220642,False
0.1,B0006,0.9913289546966553,False
0.2,B0006,0.9912811517715454,False
0.01,B0006,0.9910683035850525,False
0.02,B0006,0.9910651445388794,False
0.05,B0006,0.9910589456558228,False
0.1,B0006,0.9908262491226196,False
0.2,B0006,0.9697905778884888,True
0.01,B0006,0.9908733367919922,False
0.02,B0006,0.990882396697998,False
0.05,B0006,0.9929222464561462,False
0.1,B0006,0.9908484220504761,False
0.2,B0006,0.990768551826477,False
0.01,B0006,0.990384578704834,False
0.02,B0006,0.9904028177261353,False
0.05,B0006,0.9903956651687622,False
0.1,B0006,0.9903707504272461,False
0.2,B0006,0.9903872013092041,False
0.01,B0006,0.9896039962768555,False
0.02,B0006,0.9895973205566406,False
0.05,B0006,0.9895832538604736,False
0.1,B0006,0.9895545244216919,False
0.2,B0006,0.9870849251747131,False
0.01,B0006,0.9920506477355957,False
0.02,B0006,0.9921209812164307,False
0.05,B0006,0.9921009540557861,False
0.1,B0006,0.9921251535415649,False
0.2,B0006,0.9920386075973511,False
0.01,B0006,0.9915139675140381,False
0.02,B0006,0.9915229082107544,False
0.05,B0006,0.991504967212677,False
0.1,B0006,0.9914950728416443,False
0.2,B0006,0.9915121793746948,False
0.01,B0006,0.990189790725708,False
0.02,B0006,0.9901909828186035,False
0.05,B0006,0.9901635646820068,False
0.1,B0006,0.9898635149002075,False
0.2,B0006,0.9896795749664307,False
0.01,B0006,0.9888479709625244,False
0.02,B0006,0.988832414150238,False
0.05,B0006,0.9888213276863098,False
0.1,B0006,0.9888017177581787,False
0.2,B0006,0.9882404208183289,False
0.01,B0006,0.9873729944229126,False
0.02,B0006,0.9875439405441284,False
0.05,B0006,0.9875497817993164,False
0.1,B0006,0.986505925655365,False
0.2,B0006,0.9875117540359497,False
0.01,B0006,0.9865866899490356,False
0.02,B0006,0.9865965247154236,False
0.05,B0006,0.9896188974380493,False
0.1,B0006,0.9866217374801636,False
0.2,B0006,0.9865868091583252,False
0.01,B0006,0.9863492846488953,False
0.02,B0006,0.986353874206543,False
0.05,B0006,0.9863631725311279,False
0.1,B0006,0.989174485206604,False
0.2,B0006,0.9863826036453247,False
0.01,B0006,0.9866981506347656,False
0.02,B0006,0.9869175553321838,False
0.05,B0006,0.9867062568664551,False
0.1,B0006,0.9866816997528076,False
0.2,B0006,0.9943835139274597,False
0.01,B0006,0.9871416687965393,False
0.02,B0006,0.9871436357498169,False
0.05,B0006,0.9871382713317871,False
0.1,B0006,0.9871082901954651,False
0.2,B0006,0.9852975606918335,False
0.01,B0006,0.9861897230148315,False
0.02,B0006,0.9861969351768494,False
0.05,B0006,0.9861526489257812,False
0.1,B0006,0.9861918687820435,False
0.2,B0006,0.9850149154663086,False
0.01,B0006,0.9848716259002686,False
0.02,B0006,0.9848800301551819,False
0.05,B0006,0.9848271012306213,False
0.1,B0006,0.9845701456069946,False
0.2,B0006,0.9847869277000427,False
0.01,B0006,0.9845852851867676,False
0.02,B0006,0.9846356511116028,False
0.05,B0006,0.9845929145812988,False
0.1,B0006,0.9843399524688721,False
0.2,B0006,0.9845020174980164,False
0.01,B0006,0.9938489198684692,False
0.02,B0006,0.9938526153564453,False
0.05,B0006,0.993851900100708,False
0.1,B0006,0.9938123822212219,False
0.2,B0006,0.9842182397842407,False
0.01,B0006,0.9939339756965637,False
0.02,B0006,0.9939385652542114,False
0.05,B0006,0.9931237697601318,False
0.1,B0006,0.9939346313476562,False
0.2,B0006,0.99391770362854,False
0.01,B0006,0.9916245937347412,False
0.02,B0006,0.9915657043457031,False
0.05,B0006,0.9916138648986816,False
0.1,B0006,0.9916063547134399,False
0.2,B0006,0.9899354577064514,False
0.01,B0006,0.9906631708145142,False
0.02,B0006,0.9906638860702515,False
0.05,B0006,0.9906532764434814,False
0.1,B0006,0.9906333684921265,False
0.2,B0006,0.9906262159347534,False
0.01,B0006,0.9908923506736755,False
0.02,B0006,0.9906721115112305,False
0.05,B0006,0.990642786026001,False
0.1,B0006,0.9901895523071289,False
0.2,B0006,0.9814594984054565,False
0.01,B0006,0.9892599582672119,False
0.02,B0006,0.9892598390579224,False
0.05,B0006,0.9892721176147461,False
0.1,B0006,0.9886965751647949,False
0.2,B0006,0.9763043522834778,True
0.01,B0006,0.9887906908988953,False
0.02,B0006,0.988798975944519,False
0.05,B0006,0.9887776374816895,False
0.1,B0006,0.9911769032478333,False
0.2,B0006,0.9885292053222656,False
0.01,B0006,0.9880679249763489,False
0.02,B0006,0.9880727529525757,False
0.05,B0006,0.9880149960517883,False
0.1,B0006,0.9880121946334839,False
0.2,B0006,0.9871371984481812,False
0.01,B0006,0.9865434765815735,False
0.02,B0006,0.9865810871124268,False
0.05,B0006,0.9865643978118896,False
0.1,B0006,0.9865161180496216,False
0.2,B0006,0.986460268497467,False
0.01,B0006,0.9862360954284668,False
0.02,B0006,0.9862597584724426,False
0.05,B0006,0.9862619638442993,False
0.1,B0006,0.9891020059585571,False
0.2,B0006,0.9861680865287781,False
0.01,B0006,0.9857542514801025,False
0.02,B0006,0.9857053756713867,False
0.05,B0006,0.985695481300354,False
0.1,B0006,0.9856770634651184,False
0.2,B0006,0.9853066802024841,False
0.01,B0006,0.9854430556297302,False
0.02,B0006,0.9854520559310913,False
0.05,B0006,0.9854258298873901,False
0.1,B0006,0.9854338765144348,False
0.2,B0006,0.9853143095970154,False
0.01,B0006,0.9853954911231995,False
0.02,B0006,0.985387921333313,False
0.05,B0006,0.9853582382202148,False
0.1,B0006,0.9765335321426392,True
0.2,B0006,0.984938383102417,False
0.01,B0006,0.983824610710144,False
0.02,B0006,0.9838258028030396,False
0.05,B0006,0.9838044047355652,False
0.1,B0006,0.9837837815284729,False
0.2,B0006,0.9837273955345154,False
0.01,B0006,0.9857676029205322,False
0.02,B0006,0.9856863617897034,False
0.05,B0006,0.9857702851295471,False
0.1,B0006,0.9856452345848083,False
0.2,B0006,0.984622597694397,False
0.01,B0006,0.9838618040084839,False
0.02,B0006,0.9838617444038391,False
0.05,B0006,0.9838864803314209,False
0.1,B0006,0.9838196039199829,False
0.2,B0006,0.983851432800293,False
0.01,B0006,0.9834015369415283,False
0.02,B0006,0.9833700656890869,False
0.05,B0006,0.9833778142929077,False
0.1,B0006,0.9832197427749634,False
0.2,B0006,0.9829485416412354,False
0.01,B0006,0.9844492673873901,False
0.02,B0006,0.9844415783882141,False
0.05,B0006,0.9844855070114136,False
0.1,B0006,0.9844391345977783,False
0.2,B0006,0.9845365881919861,False
0.01,B0006,0.9822602868080139,False
0.02,B0006,0.982268750667572,False
0.05,B0006,0.9822770357131958,False
0.1,B0006,0.9822489023208618,False
0.2,B0006,0.9822239279747009,False
0.01,B0006,0.9811955690383911,False
0.02,B0006,0.9811913967132568,False
0.05,B0006,0.981131911277771,False
0.1,B0006,0.9810475707054138,False
0.2,B0006,0.9811697006225586,False
0.01,B0006,0.9801827669143677,True
0.02,B0006,0.9802041053771973,True
0.05,B0006,0.9801772832870483,True
0.1,B0006,0.9739552140235901,True
0.2,B0006,0.9801583290100098,True
0.01,B0006,0.9806391596794128,True
0.02,B0006,0.9806452989578247,True
0.05,B0006,0.9806050062179565,True
0.1,B0006,0.9805660247802734,True
0.2,B0006,0.9805377721786499,True
0.01,B0006,0.9810336828231812,False
0.02,B0006,0.9810106754302979,False
0.05,B0006,0.9809141755104065,False
0.1,B0006,0.9810796976089478,False
0.2,B0006,0.9811440110206604,False
0.01,B0006,0.9783177375793457,True
0.02,B0006,0.9783173203468323,True
0.05,B0006,0.9753060936927795,True
0.1,B0006,0.9782606363296509,True
0.2,B0006,0.9768610000610352,True
0.01,B0006,0.9773465394973755,True
0.02,B0006,0.9773503541946411,True
0.05,B0006,0.9773684740066528,True
0.1,B0006,0.9772655367851257,True
0.2,B0006,0.9899945259094238,False
0.01,B0006,0.9778081178665161,True
0.02,B0006,0.9777608513832092,True
0.05,B0006,0.977841317653656,True
0.1,B0006,0.9776782393455505,True
0.2,B0006,0.9776177406311035,True
0.01,B0006,0.9780800938606262,True
0.02,B0006,0.9781085252761841,True
0.05,B0006,0.9780462980270386,True
0.1,B0006,0.9781152606010437,True
0.2,B0006,0.9555026888847351,True
0.01,B0006,0.9787452816963196,True
0.02,B0006,0.9786543250083923,True
0.05,B0006,0.9765608906745911,True
0.1,B0006,0.9773922562599182,True
0.2,B0006,0.9748561382293701,True
0.01,B0006,0.977924644947052,True
0.02,B0006,0.9779254198074341,True
0.05,B0006,0.9778767228126526,True
0.1,B0006,0.977875828742981,True
0.2,B0006,0.9633589386940002,True
0.01,B0006,0.9755851626396179,True
0.02,B0006,0.975580096244812,True
0.05,B0006,0.9755601286888123,True
0.1,B0006,0.975540816783905,True
0.2,B0006,0.9889280796051025,False
0.01,B0006,0.9800364375114441,True
0.02,B0006,0.9800286293029785,True
0.05,B0006,0.980043351650238,True
0.1,B0006,0.9799635410308838,True
0.2,B0006,0.9799877405166626,True
0.01,B0006,0.9815463423728943,False
0.02,B0006,0.981555700302124,False
0.05,B0006,0.9815899133682251,False
0.1,B0006,0.9816007614135742,False
0.2,B0006,0.9813424348831177,False
0.01,B0006,0.9800429940223694,True
0.02,B0006,0.9800496697425842,True
0.05,B0006,0.9799197316169739,True
0.1,B0006,0.9870249032974243,False
0.2,B0006,0.9799846410751343,True
0.01,B0006,0.9806333780288696,True
0.02,B0006,0.9806325435638428,True
0.05,B0006,0.9806604385375977,True
0.1,B0006,0.9806720614433289,True
0.2,B0006,0.9805940985679626,True
0.01,B0006,0.9800467491149902,True
0.02,B0006,0.9800389409065247,True
0.05,B0006,0.9800212979316711,True
0.1,B0006,0.9798990488052368,True
0.2,B0006,0.9800182580947876,True
0.01,B0006,0.9791173934936523,True
0.02,B0006,0.9791320562362671,True
0.05,B0006,0.9786720871925354,True
0.1,B0006,0.9782262444496155,True
0.2,B0006,0.9602570533752441,True
0.01,B0006,0.9790465831756592,True
0.02,B0006,0.9790257811546326,True
0.05,B0006,0.9789522290229797,True
0.1,B0006,0.9789160490036011,True
0.2,B0006,0.9776272773742676,True
0.01,B0006,0.9787631034851074,True
0.02,B0006,0.9787750840187073,True
0.05,B0006,0.9787589311599731,True
0.1,B0006,0.9786601066589355,True
0.2,B0006,0.9594801068305969,True
0.01,B0006,0.977989673614502,True
0.02,B0006,0.978005051612854,True
0.05,B0006,0.977963387966156,True
0.1,B0006,0.9780542254447937,True
0.2,B0006,0.9779216647148132,True
0.01,B0006,0.977685809135437,True
0.02,B0006,0.9776864051818848,True
0.05,B0006,0.9776438474655151,True
0.1,B0006,0.9768322706222534,True
0.2,B0006,0.9763782620429993,True
0.01,B0006,0.9773621559143066,True
0.02,B0006,0.9773304462432861,True
0.05,B0006,0.9773093461990356,True
0.1,B0006,0.9657472968101501,True
0.2,B0006,0.9772108793258667,True
0.01,B0006,0.9771299362182617,True
0.02,B0006,0.9771769046783447,True
0.05,B0006,0.9771634340286255,True
0.1,B0006,0.9772005081176758,True
0.2,B0006,0.9769343733787537,True
0.01,B0006,0.9772424101829529,True
0.02,B0006,0.9772707223892212,True
0.05,B0006,0.9772262573242188,True
0.1,B0006,0.9771448373794556,True
0.2,B0006,0.9771013855934143,True
0.01,B0006,0.976193904876709,True
0.02,B0006,0.9761976003646851,True
0.05,B0006,0.9761689901351929,True
0.1,B0006,0.9758932590484619,True
0.2,B0006,0.9758783578872681,True
0.01,B0006,0.979889988899231,True
0.02,B0006,0.9798803329467773,True
0.05,B0006,0.9798413515090942,True
0.1,B0006,0.97983318567276,True
0.2,B0006,0.9799816012382507,True
0.01,B0006,0.978895366191864,True
0.02,B0006,0.9788956046104431,True
0.05,B0006,0.9788734912872314,True
0.1,B0006,0.9788531064987183,True
0.2,B0006,0.9787799715995789,True
0.01,B0006,0.9784832000732422,True
0.02,B0006,0.9785093665122986,True
0.05,B0006,0.9784616231918335,True
0.1,B0006,0.9845180511474609,False
0.2,B0006,0.9778817296028137,True
0.01,B0006,0.9782015681266785,True
0.02,B0006,0.9782158136367798,True
0.05,B0006,0.9781795144081116,True
0.1,B0006,0.9778784513473511,True
0.2,B0006,0.9778342247009277,True
0.01,B0006,0.9760773181915283,True
0.02,B0006,0.9760923981666565,True
0.05,B0006,0.975995659828186,True
0.1,B0006,0.9759790897369385,True
0.2,B0006,0.9756423830986023,True
0.01,B0006,0.975457489490509,True
0.02,B0006,0.9754658937454224,True
0.05,B0006,0.9754331111907959,True
0.1,B0006,0.9751823544502258,True
0.2,B0006,0.9596452116966248,True
0.01,B0006,0.9758354425430298,True
0.02,B0006,0.9758286476135254,True
0.05,B0006,0.9758559465408325,True
0.1,B0006,0.9758560061454773,True
0.2,B0006,0.9759186506271362,True
0.01,B0006,0.9766624569892883,True
0.02,B0006,0.9766594171524048,True
0.05,B0006,0.9766099452972412,True
0.1,B0006,0.975999116897583,True
0.2,B0006,0.9766358137130737,True
0.01,B0006,0.9760613441467285,True
0.02,B0006,0.9760611653327942,True
0.05,B0006,0.9755382537841797,True
0.1,B0006,0.9739320874214172,True
0.2,B0006,0.9778533577919006,True
0.01,B0006,0.9744619131088257,True
0.02,B0006,0.9720014333724976,True
0.05,B0006,0.974385142326355,True
0.1,B0006,0.9743581414222717,True
0.2,B0006,0.9863953590393066,False
0.01,B0006,0.9742171764373779,True
0.02,B0006,0.974225640296936,True
0.05,B0006,0.9742424488067627,True
0.1,B0006,0.974170446395874,True
0.2,B0006,0.9741188287734985,True
0.01,B0006,0.9742225408554077,True
0.02,B0006,0.9741854667663574,True
0.05,B0006,0.9741809964179993,True
0.1,B0006,0.9741212129592896,True
0.2,B0006,0.9883220195770264,False
0.01,B0006,0.9749689102172852,True
0.02,B0006,0.974969744682312,True
0.05,B0006,0.9749447107315063,True
0.1,B0006,0.981860339641571,False
0.2,B0006,0.9732021689414978,True
0.01,B0006,0.9744806289672852,True
0.02,B0006,0.9744788408279419,True
0.05,B0006,0.9744499921798706,True
0.1,B0006,0.9740928411483765,True
0.2,B0006,0.9739398956298828,True
0.01,B0006,0.9726946353912354,True
0.02,B0006,0.9726815819740295,True
0.05,B0006,0.9726814031600952,True
0.1,B0006,0.9725897312164307,True
0.2,B0006,0.9726897478103638,True
0.01,B0006,0.9728715419769287,True
0.02,B0006,0.9730746150016785,True
0.05,B0006,0.9728718400001526,True
0.1,B0006,0.9727472066879272,True
0.2,B0006,0.9688931107521057,True
0.01,B0006,0.9733436107635498,True
0.02,B0006,0.9735088348388672,True
0.05,B0006,0.9734169244766235,True
0.1,B0006,0.9733096361160278,True
0.2,B0006,0.9491961002349854,True
0.01,B0006,0.974822998046875,True
0.02,B0006,0.9748258590698242,True
0.05,B0006,0.9727309942245483,True
0.1,B0006,0.9748503565788269,True
0.2,B0006,0.9720884561538696,True
0.01,B0006,0.9710692167282104,True
0.02,B0006,0.9710357189178467,True
0.05,B0006,0.9710245728492737,True
0.1,B0006,0.9709776639938354,True
0.2,B0006,0.9701374769210815,True
0.01,B0006,0.9703493714332581,True
0.02,B0006,0.970382571220398,True
0.05,B0006,0.9703179001808167,True
0.1,B0006,0.9702840447425842,True
0.2,B0006,0.9701409935951233,True
0.01,B0006,0.967819333076477,True
0.02,B0006,0.9677495956420898,True
0.05,B0006,0.9676831960678101,True
0.1,B0006,0.9516634345054626,True
0.2,B0006,0.967633068561554,True
0.01,B0006,0.9671897888183594,True
0.02,B0006,0.9671977758407593,True
0.05,B0006,0.967216432094574,True
0.1,B0006,0.9750484824180603,True
0.2,B0006,0.9670759439468384,True
0.01,B0006,0.9655259847640991,True
0.02,B0006,0.9655089378356934,True
0.05,B0006,0.9654995203018188,True
0.1,B0006,0.9654454588890076,True
0.2,B0006,0.9655294418334961,True
0.01,B0006,0.9646152257919312,True
0.02,B0006,0.9646009802818298,True
0.05,B0006,0.964643120765686,True
0.1,B0006,0.9644960165023804,True
0.2,B0006,0.9642200469970703,True
0.01,B0006,0.9644376635551453,True
0.02,B0006,0.9644668102264404,True
0.05,B0006,0.9643604755401611,True
0.1,B0006,0.9642884731292725,True
0.2,B0006,0.9642536640167236,True
0.01,B0006,0.9639770984649658,True
0.02,B0006,0.9638671875,True
0.05,B0006,0.9639379382133484,True
0.1,B0006,0.9639942646026611,True
0.2,B0006,0.9631343483924866,True
0.01,B0006,0.9614596366882324,True
0.02,B0006,0.9614596366882324,True
0.05,B0006,0.9614227414131165,True
0.1,B0006,0.9614688158035278,True
0.2,B0006,0.9615566730499268,True
0.01,B0006,0.9611495733261108,True
0.02,B0006,0.9610140919685364,True
0.05,B0006,0.9611459970474243,True
0.1,B0006,0.9604882597923279,True
0.2,B0006,0.959497332572937,True
0.01,B0006,0.9604855179786682,True
0.02,B0006,0.9604673981666565,True
0.05,B0006,0.9604511260986328,True
0.1,B0006,0.9605308175086975,True
0.2,B0006,0.9605107307434082,True
0.01,B0006,0.9591898918151855,True
0.02,B0006,0.9591807126998901,True
0.05,B0006,0.9591227769851685,True
0.1,B0006,0.9592335820198059,True
0.2,B0006,0.9306623935699463,True
0.01,B0006,0.9560098052024841,True
0.02,B0006,0.9559325575828552,True
0.05,B0006,0.9558936357498169,True
0.1,B0006,0.9557083249092102,True
0.2,B0006,0.9559560418128967,True
0.01,B0006,0.9573383331298828,True
0.02,B0006,0.9574723839759827,True
0.05,B0006,0.9573241472244263,True
0.1,B0006,0.9569292664527893,True
0.2,B0006,0.9573314785957336,True
0.01,B0006,0.955841600894928,True
0.02,B0006,0.955845832824707,True
0.05,B0006,0.9558061957359314,True
0.1,B0006,0.9557608366012573,True
0.2,B0006,0.9556353092193604,True
0.01,B0006,0.9597526788711548,True
0.02,B0006,0.9597638249397278,True
0.05,B0006,0.9597176313400269,True
0.1,B0006,0.9596191048622131,True
0.2,B0006,0.9529687166213989,True
0.01,B0006,0.959548830986023,True
0.02,B0006,0.9594924449920654,True
0.05,B0006,0.9595534205436707,True
0.1,B0006,0.9596127867698669,True
0.2,B0006,0.9594225883483887,True
0.01,B0007,0.9999667406082153,False
0.02,B0007,0.9999665021896362,False
0.05,B0007,0.9999666213989258,False
0.1,B0007,0.9999659061431885,False
0.2,B0007,0.9999486207962036,False
0.01,B0007,0.9999653100967407,False
0.02,B0007,0.9999651908874512,False
0.05,B0007,0.9999645948410034,False
0.1,B0007,0.9999650120735168,False
0.2,B0007,0.9999619722366333,False
0.01,B0007,0.9999951124191284,False
0.02,B0007,0.9999947547912598,False
0.05,B0007,0.9999943971633911,False
0.1,B0007,0.9999947547912598,False
0.2,B0007,0.9999949932098389,False
0.01,B0007,0.9999752044677734,False
0.02,B0007,0.9999750852584839,False
0.05,B0007,0.9999786615371704,False
0.1,B0007,0.9999758005142212,False
0.2,B0007,0.9999770522117615,False
0.01,B0007,0.9999634623527527,False
0.02,B0007,0.9999639391899109,False
0.05,B0007,0.9999643564224243,False
0.1,B0007,0.9999645352363586,False
0.2,B0007,0.9999638199806213,False
0.01,B0007,0.999987006187439,False
0.02,B0007,0.999987006187439,False
0.05,B0007,0.9999873638153076,False
0.1,B0007,0.999987006187439,False
0.2,B0007,0.9999871253967285,False
0.01,B0007,0.999984622001648,False
0.02,B0007,0.9999831318855286,False
0.05,B0007,0.9999845027923584,False
0.1,B0007,0.9999842643737793,False
0.2,B0007,0.9999841451644897,False
0.01,B0007,0.999731183052063,False
0.02,B0007,0.9997304677963257,False
0.05,B0007,0.9997285604476929,False
0.1,B0007,0.999731719493866,False
0.2,B0007,0.9997338056564331,False
0.01,B0007,0.9996410608291626,False
0.02,B0007,0.9996407628059387,False
0.05,B0007,0.9996424317359924,False
0.1,B0007,0.9996441602706909,False
0.2,B0007,0.9996439218521118,False
0.01,B0007,0.9996220469474792,False
0.02,B0007,0.9996222853660583,False
0.05,B0007,0.9996247887611389,False
0.1,B0007,0.9996286034584045,False
0.2,B0007,0.9996280670166016,False
0.01,B0007,0.9994670748710632,False
0.02,B0007,0.9994798302650452,False
0.05,B0007,0.9994668960571289,False
0.1,B0007,0.9994692802429199,False
0.2,B0007,0.9994860291481018,False
0.01,B0007,0.9995254278182983,False
0.02,B0007,0.9995255470275879,False
0.05,B0007,0.9995251893997192,False
0.1,B0007,0.9995251893997192,False
0.2,B0007,0.9995254278182983,False
0.01,B0007,0.9994393587112427,False
0.02,B0007,0.9994406700134277,False
0.05,B0007,0.9994577765464783,False
0.1,B0007,0.9994431734085083,False
0.2,B0007,0.9994451403617859,False
0.01,B0007,0.999398946762085,False
0.02,B0007,0.9993980526924133,False
0.05,B0007,0.9994012713432312,False
0.1,B0007,0.999400794506073,False
0.2,B0007,0.9994019269943237,False
0.01,B0007,0.999248743057251,False
0.02,B0007,0.9992512464523315,False
0.05,B0007,0.9992531538009644,False
0.1,B0007,0.9992563128471375,False
0.2,B0007,0.9992897510528564,False
0.01,B0007,0.9990631937980652,False
0.02,B0007,0.9990642666816711,False
0.05,B0007,0.9990643262863159,False
0.1,B0007,0.9990583658218384,False
0.2,B0007,0.9991154074668884,False
0.01,B0007,0.9986829161643982,False
0.02,B0007,0.9986839294433594,False
0.05,B0007,0.9986866116523743,False
0.1,B0007,0.9987098574638367,False
0.2,B0007,0.9987335205078125,False
0.01,B0007,0.9987232089042664,False
0.02,B0007,0.9987233877182007,False
0.05,B0007,0.9989479780197144,False
0.1,B0007,0.9987176656723022,False
0.2,B0007,0.9986786842346191,False
0.01,B0007,0.9987202286720276,False
0.02,B0007,0.9987212419509888,False
0.05,B0007,0.9987201690673828,False
0.1,B0007,0.9987227320671082,False
0.2,B0007,0.9987233877182007,False
0.01,B0007,0.9996998310089111,False
0.02,B0007,0.9997009634971619,False
0.05,B0007,0.9997001886367798,False
0.1,B0007,0.9996988773345947,False
0.2,B0007,0.9996936321258545,False
0.01,B0007,0.9996048212051392,False
0.02,B0007,0.9996055364608765,False
0.05,B0007,0.9996058940887451,False
0.1,B0007,0.9996052980422974,False
0.2,B0007,0.9996057152748108,False
0.01,B0007,0.999424934387207,False
0.02,B0007,0.9994260668754578,False
0.05,B0007,0.9994275569915771,False
0.1,B0007,0.9994293451309204,False
0.2,B0007,0.9994167685508728,False
0.01,B0007,0.9991150498390198,False
0.02,B0007,0.9991169571876526,False
0.05,B0007,0.9991178512573242,False
0.1,B0007,0.999122142791748,False
0.2,B0007,0.9991214871406555,False
0.01,B0007,0.9990845322608948,False
0.02,B0007,0.9990825653076172,False
0.05,B0007,0.9990823864936829,False
0.1,B0007,0.9990848302841187,False
0.2,B0007,0.9991192817687988,False
0.01,B0007,0.9983323812484741,False
0.02,B0007,0.9983324408531189,False
0.05,B0007,0.9983323216438293,False
0.1,B0007,0.9983529448509216,False
0.2,B0007,0.9983478784561157,False
0.01,B0007,0.9981894493103027,False
0.02,B0007,0.9981895089149475,False
0.05,B0007,0.998191237449646,False
0.1,B0007,0.9981896281242371,False
0.2,B0007,0.9982423782348633,False
0.01,B0007,0.9980966448783875,False
0.02,B0007,0.9980956315994263,False
0.05,B0007,0.9981065988540649,False
0.1,B0007,0.9980971813201904,False
0.2,B0007,0.9981056451797485,False
0.01,B0007,0.9980109930038452,False
0.02,B0007,0.9980100989341736,False
0.05,B0007,0.9980137944221497,False
0.1,B0007,0.9980201721191406,False
0.2,B0007,0.9980403184890747,False
0.01,B0007,0.9980394244194031,False
0.02,B0007,0.9980406165122986,False
0.05,B0007,0.9980420470237732,False
0.1,B0007,0.9980450868606567,False
0.2,B0007,0.9980534315109253,False
0.01,B0007,0.9980812072753906,False
0.02,B0007,0.9980813264846802,False
0.05,B0007,0.9980840682983398,False
0.1,B0007,0.9980828762054443,False
0.2,B0007,0.9980872869491577,False
0.01,B0007,0.9987004995346069,False
0.02,B0007,0.9986997246742249,False
0.05,B0007,0.9987019300460815,False
0.1,B0007,0.9987137913703918,False
0.2,B0007,0.9987426996231079,False
0.01,B0007,0.9985233545303345,False
0.02,B0007,0.9985222816467285,False
0.05,B0007,0.9985217452049255,False
0.1,B0007,0.9985150098800659,False
0.2,B0007,0.9985456466674805,False
0.01,B0007,0.9982125759124756,False
0.02,B0007,0.9982117414474487,False
0.05,B0007,0.9982185363769531,False
0.1,B0007,0.9982144832611084,False
0.2,B0007,0.9982265830039978,False
0.01,B0007,0.9976547956466675,False
0.02,B0007,0.9976564645767212,False
0.05,B0007,0.9976589679718018,False
0.1,B0007,0.997639536857605,False
0.2,B0007,0.9964765310287476,False
0.01,B0007,0.9975355267524719,False
0.02,B0007,0.9975606799125671,False
0.05,B0007,0.9975501298904419,False
0.1,B0007,0.9975467920303345,False
0.2,B0007,0.9975341558456421,False
0.01,B0007,0.9983455538749695,False
0.02,B0007,0.9983443021774292,False
0.05,B0007,0.9983490109443665,False
0.1,B0007,0.9983479380607605,False
0.2,B0007,0.9983788728713989,False
0.01,B0007,0.9979345798492432,False
0.02,B0007,0.9979335069656372,False
0.05,B0007,0.9979350566864014,False
0.1,B0007,0.9979323744773865,False
0.2,B0007,0.9979794025421143,False
0.01,B0007,0.9976826906204224,False
0.02,B0007,0.9976802468299866,False
0.05,B0007,0.997678279876709,False
0.1,B0007,0.9976657629013062,False
0.2,B0007,0.9976967573165894,False
0.01,B0007,0.9973980188369751,False
0.02,B0007,0.997397780418396,False
0.05,B0007,0.9973964095115662,False
0.1,B0007,0.9974053502082825,False
0.2,B0007,0.9974271059036255,False
0.01,B0007,0.9977914094924927,False
0.02,B0007,0.9977930188179016,False
0.05,B0007,0.9977967739105225,False
0.1,B0007,0.9977884292602539,False
0.2,B0007,0.9978892803192139,False
0.01,B0007,0.9984843730926514,False
0.02,B0007,0.9984838962554932,False
0.05,B0007,0.9984803199768066,False
0.1,B0007,0.9985086917877197,False
0.2,B0007,0.9983988404273987,False
0.01,B0007,0.9986696243286133,False
0.02,B0007,0.9986692070960999,False
0.05,B0007,0.9986757636070251,False
0.1,B0007,0.998414158821106,False
0.2,B0007,0.9986772537231445,False
0.01,B0007,0.9983799457550049,False
0.02,B0007,0.9983795881271362,False
0.05,B0007,0.9983831644058228,False
0.1,B0007,0.9983820915222168,False
0.2,B0007,0.9983940720558167,False
0.01,B0007,0.9978121519088745,False
0.02,B0007,0.9978110790252686,False
0.05,B0007,0.997814416885376,False
0.1,B0007,0.997819721698761,False
0.2,B0007,0.9978617429733276,False
0.01,B0007,0.9972933530807495,False
0.02,B0007,0.9972952008247375,False
0.05,B0007,0.9972985982894897,False
0.1,B0007,0.997302770614624,False
0.2,B0007,0.9973334074020386,False
0.01,B0007,0.9972437620162964,False
0.02,B0007,0.9972429275512695,False
0.05,B0007,0.997239887714386,False
0.1,B0007,0.9972555041313171,False
0.2,B0007,0.9972807168960571,False
0.01,B0007,0.9972946047782898,False
0.02,B0007,0.9972937107086182,False
0.05,B0007,0.9972994327545166,False
0.1,B0007,0.997306227684021,False
0.2,B0007,0.9973171949386597,False
0.01,B0007,0.9989948272705078,False
0.02,B0007,0.9989944100379944,False
0.05,B0007,0.998993456363678,False
0.1,B0007,0.9989926815032959,False
0.2,B0007,0.9989968538284302,False
0.01,B0007,0.9992325901985168,False
0.02,B0007,0.9992321133613586,False
0.05,B0007,0.9992320537567139,False
0.1,B0007,0.9992537498474121,False
0.2,B0007,0.9992297887802124,False
0.01,B0007,0.99896639585495,False
0.02,B0007,0.9989679455757141,False
0.05,B0007,0.998968243598938,False
0.1,B0007,0.9989686012268066,False
0.2,B0007,0.9989863634109497,False
0.01,B0007,0.998706042766571,False
0.02,B0007,0.9987058639526367,False
0.05,B0007,0.9987059831619263,False
0.1,B0007,0.9987449645996094,False
0.2,B0007,0.998745322227478,False
0.01,B0007,0.9987306594848633,False
0.02,B0007,0.9987316131591797,False
0.05,B0007,0.9987322092056274,False
0.1,B0007,0.9987466335296631,False
0.2,B0007,0.99873948097229,False
0.01,B0007,0.998843789100647,False
0.02,B0007,0.9988452196121216,False
0.05,B0007,0.998846173286438,False
0.1,B0007,0.9988747835159302,False
0.2,B0007,0.9988658428192139,False
0.01,B0007,0.9992356300354004,False
0.02,B0007,0.9992364645004272,False
0.05,B0007,0.9992382526397705,False
0.1,B0007,0.999234676361084,False
0.2,B0007,0.9992650747299194,False
0.01,B0007,0.9991105794906616,False
0.02,B0007,0.9991096258163452,False
0.05,B0007,0.9991109371185303,False
0.1,B0007,0.9991029500961304,False
0.2,B0007,0.9991267919540405,False
0.01,B0007,0.9990787506103516,False
0.02,B0007,0.999078631401062,False
0.05,B0007,0.9990758895874023,False
0.1,B0007,0.9990875720977783,False
0.2,B0007,0.99909508228302,False
0.01,B0007,0.9989909529685974,False
0.02,B0007,0.9989907145500183,False
0.05,B0007,0.9989883899688721,False
0.1,B0007,0.9989943504333496,False
0.2,B0007,0.9989962577819824,False
0.01,B0007,0.9992078542709351,False
0.02,B0007,0.9992233514785767,False
0.05,B0007,0.9992094039916992,False
0.1,B0007,0.9992115497589111,False
0.2,B0007,0.9992352724075317,False
0.01,B0007,0.9994178414344788,False
0.02,B0007,0.999419093132019,False
0.05,B0007,0.999422013759613,False
0.1,B0007,0.9994196891784668,False
0.2,B0007,0.9994224309921265,False
0.01,B0007,0.9993511438369751,False
0.02,B0007,0.9993502497673035,False
0.05,B0007,0.9993525743484497,False
0.1,B0007,0.9996114373207092,False
0.2,B0007,0.9980598092079163,False
0.01,B0007,0.9992769956588745,False
0.02,B0007,0.9992777109146118,False
0.05,B0007,0.9992789030075073,False
0.1,B0007,0.9992862343788147,False
0.2,B0007,0.9993038177490234,False
0.01,B0007,0.9991492033004761,False
0.02,B0007,0.9991491436958313,False
0.05,B0007,0.9991565942764282,False
0.1,B0007,0.9991589784622192,False
0.2,B0007,0.9991006851196289,False
0.01,B0007,0.999411404132843,False
0.02,B0007,0.9994164705276489,False
0.05,B0007,0.9994114637374878,False
0.1,B0007,0.9994142651557922,False
0.2,B0007,0.9994102716445923,False
0.01,B0007,0.9993448257446289,False
0.02,B0007,0.9993442893028259,False
0.05,B0007,0.9993458986282349,False
0.1,B0007,0.999348521232605,False
0.2,B0007,0.9992921352386475,False
0.01,B0007,0.999537467956543,False
0.02,B0007,0.9995377659797668,False
0.05,B0007,0.9995628595352173,False
0.1,B0007,0.9995391368865967,False
0.2,B0007,0.9995459914207458,False
0.01,B0007,0.9995362758636475,False
0.02,B0007,0.9995357990264893,False
0.05,B0007,0.999535322189331,False
0.1,B0007,0.9995404481887817,False
0.2,B0007,0.9995125532150269,False
0.01,B0007,0.9994726181030273,False
0.02,B0007,0.9994736313819885,False
0.05,B0007,0.9994738101959229,False
0.1,B0007,0.9995198249816895,False
0.2,B0007,0.9994795322418213,False
0.01,B0007,0.9994839429855347,False
0.02,B0007,0.9994834661483765,False
0.05,B0007,0.9994828701019287,False
0.1,B0007,0.9994856119155884,False
0.2,B0007,0.9994302988052368,False
0.01,B0007,0.9995615482330322,False
0.02,B0007,0.9995611906051636,False
0.05,B0007,0.9995601177215576,False
0.1,B0007,0.9997060894966125,False
0.2,B0007,0.99953293800354,False
0.01,B0007,0.9995797872543335,False
0.02,B0007,0.9995797872543335,False
0.05,B0007,0.9995803833007812,False
0.1,B0007,0.999584436416626,False
0.2,B0007,0.9995331764221191,False
0.01,B0007,0.9995670318603516,False
0.02,B0007,0.9995681047439575,False
0.05,B0007,0.9995799660682678,False
0.1,B0007,0.9995713233947754,False
0.2,B0007,0.9995794296264648,False
0.01,B0007,0.9995842576026917,False
0.02,B0007,0.9995927810668945,False
0.05,B0007,0.9995980858802795,False
0.1,B0007,0.9995956420898438,False
0.2,B0007,0.999604344367981,False
0.01,B0007,0.9996023178100586,False
0.02,B0007,0.9996883273124695,False
0.05,B0007,0.999602735042572,False
0.1,B0007,0.9996403455734253,False
0.2,B0007,0.9996119737625122,False
0.01,B0007,0.9995978474617004,False
0.02,B0007,0.9995989799499512,False
0.05,B0007,0.9995999336242676,False
0.1,B0007,0.999602198600769,False
0.2,B0007,0.9996044635772705,False
0.01,B0007,0.9995747804641724,False
0.02,B0007,0.9995764493942261,False
0.05,B0007,0.9995779991149902,False
0.1,B0007,0.9995682239532471,False
0.2,B0007,0.9995248913764954,False
0.01,B0007,0.9996857643127441,False
0.02,B0007,0.9996857643127441,False
0.05,B0007,0.9996867179870605,False
0.1,B0007,0.9996881484985352,False
0.2,B0007,0.9996942281723022,False
0.01,B0007,0.9995891451835632,False
0.02,B0007,0.9995964765548706,False
0.05,B0007,0.9995929002761841,False
0.1,B0007,0.9995911717414856,False
0.2,B0007,0.9995990991592407,False
0.01,B0007,0.9997169971466064,False
0.02,B0007,0.9997167587280273,False
0.05,B0007,0.9997197985649109,False
0.1,B0007,0.9997161030769348,False
0.2,B0007,0.9997211694717407,False
0.01,B0007,0.9995304942131042,False
0.02,B0007,0.9995309710502625,False
0.05,B0007,0.9995341300964355,False
0.1,B0007,0.9995332360267639,False
0.2,B0007,0.999553918838501,False
0.01,B0007,0.999395489692688,False
0.02,B0007,0.9993957281112671,False
0.05,B0007,0.9994009137153625,False
0.1,B0007,0.9994806051254272,False
0.2,B0007,0.9994087219238281,False
0.01,B0007,0.9995572566986084,False
0.02,B0007,0.9995580315589905,False
0.05,B0007,0.9995595216751099,False
0.1,B0007,0.9995641708374023,False
0.2,B0007,0.9994831085205078,False
0.01,B0007,0.9998118877410889,False
0.02,B0007,0.9998123049736023,False
0.05,B0007,0.9998122453689575,False
0.1,B0007,0.9998053312301636,False
0.2,B0007,0.9998238682746887,False
0.01,B0007,0.9998688101768494,False
0.02,B0007,0.9998686909675598,False
0.05,B0007,0.9998691082000732,False
0.1,B0007,0.9998695850372314,False
0.2,B0007,0.9998494982719421,False
0.01,B0007,0.999880313873291,False
0.02,B0007,0.999880313873291,False
0.05,B0007,0.9998818039894104,False
0.1,B0007,0.9998762011528015,False
0.2,B0007,0.9998611211776733,False
0.01,B0007,0.9997470378875732,False
0.02,B0007,0.9997469186782837,False
0.05,B0007,0.9997466206550598,False
0.1,B0007,0.999750018119812,False
0.2,B0007,0.999697208404541,False
0.01,B0007,0.999596118927002,False
0.02,B0007,0.9995955228805542,False
0.05,B0007,0.9995960593223572,False
0.1,B0007,0.9995978474617004,False
0.2,B0007,0.9996036887168884,False
0.01,B0007,0.9998093843460083,False
0.02,B0007,0.9998108148574829,False
0.05,B0007,0.9998108148574829,False
0.1,B0007,0.9998072981834412,False
0.2,B0007,0.9998127818107605,False
0.01,B0007,0.9998888373374939,False
0.02,B0007,0.9998887777328491,False
0.05,B0007,0.9998900890350342,False
0.1,B0007,0.9998892545700073,False
0.2,B0007,0.999890923500061,False
0.01,B0007,0.9998608827590942,False
0.02,B0007,0.9998599290847778,False
0.05,B0007,0.9998599886894226,False
0.1,B0007,0.9998587965965271,False
0.2,B0007,0.9984744191169739,False
0.01,B0007,0.9996376037597656,False
0.02,B0007,0.999638020992279,False
0.05,B0007,0.9996376633644104,False
0.1,B0007,0.9996383190155029,False
0.2,B0007,0.9996436238288879,False
0.01,B0007,0.999778151512146,False
0.02,B0007,0.9997759461402893,False
0.05,B0007,0.9997737407684326,False
0.1,B0007,0.9997758269309998,False
0.2,B0007,0.9996554851531982,False
0.01,B0007,0.999786376953125,False
0.02,B0007,0.9997860789299011,False
0.05,B0007,0.9996926784515381,False
0.1,B0007,0.9997851848602295,False
0.2,B0007,0.9997832179069519,False
0.01,B0007,0.9998635053634644,False
0.02,B0007,0.9998597502708435,False
0.05,B0007,0.9998642206192017,False
0.1,B0007,0.999862551689148,False
0.2,B0007,0.9984660148620605,False
0.01,B0007,0.9998517036437988,False
0.02,B0007,0.9998518228530884,False
0.05,B0007,0.9998494982719421,False
0.1,B0007,0.999852180480957,False
0.2,B0007,0.9998257160186768,False
0.01,B0007,0.9998278021812439,False
0.02,B0007,0.9998277425765991,False
0.05,B0007,0.9998281002044678,False
0.1,B0007,0.9996997117996216,False
0.2,B0007,0.9986274242401123,False
0.01,B0007,0.9998385906219482,False
0.02,B0007,0.9998389482498169,False
0.05,B0007,0.9998389482498169,False
0.1,B0007,0.999835729598999,False
0.2,B0007,0.9998382329940796,False
0.01,B0007,0.9998802542686462,False
0.02,B0007,0.9998802542686462,False
0.05,B0007,0.9998800754547119,False
0.1,B0007,0.9998682141304016,False
0.2,B0007,0.9998838901519775,False
0.01,B0007,0.999879777431488,False
0.02,B0007,0.9998799562454224,False
0.05,B0007,0.9998798370361328,False
0.1,B0007,0.9998443722724915,False
0.2,B0007,0.9998049736022949,False
0.01,B0007,0.9998750686645508,False
0.02,B0007,0.999869704246521,False
0.05,B0007,0.9998775124549866,False
0.1,B0007,0.9998754262924194,False
0.2,B0007,0.9978878498077393,False
0.01,B0007,0.9998859763145447,False
0.02,B0007,0.999885618686676,False
0.05,B0007,0.9998847246170044,False
0.1,B0007,0.999882161617279,False
0.2,B0007,0.9998877048492432,False
0.01,B0007,0.9998705387115479,False
0.02,B0007,0.999870777130127,False
0.05,B0007,0.9998629093170166,False
0.1,B0007,0.9998544454574585,False
0.2,B0007,0.9998456239700317,False
0.01,B0007,0.9998668432235718,False
0.02,B0007,0.9998692274093628,False
0.05,B0007,0.9998680949211121,False
0.1,B0007,0.9998669624328613,False
0.2,B0007,0.9996448755264282,False
0.01,B0007,0.9998692870140076,False
0.02,B0007,0.9998706579208374,False
0.05,B0007,0.9998694062232971,False
0.1,B0007,0.9998689293861389,False
0.2,B0007,0.9998594522476196,False
0.01,B0007,0.9997274279594421,False
0.02,B0007,0.9997084736824036,False
0.05,B0007,0.9997267127037048,False
0.1,B0007,0.999735951423645,False
0.2,B0007,0.9996315836906433,False
0.01,B0007,0.9997659921646118,False
0.02,B0007,0.9997667074203491,False
0.05,B0007,0.9997638463973999,False
0.1,B0007,0.9997603893280029,False
0.2,B0007,0.9997753500938416,False
0.01,B0007,0.9998274445533752,False
0.02,B0007,0.999826967716217,False
0.05,B0007,0.9998104572296143,False
0.1,B0007,0.999817967414856,False
0.2,B0007,0.9996954202651978,False
0.01,B0007,0.9998250603675842,False
0.02,B0007,0.9998247027397156,False
0.05,B0007,0.9998253583908081,False
0.1,B0007,0.999825656414032,False
0.2,B0007,0.9997871518135071,False
0.01,B0007,0.999835193157196,False
0.02,B0007,0.9998348951339722,False
0.05,B0007,0.9998338222503662,False
0.1,B0007,0.999835193157196,False
0.2,B0007,0.9997109174728394,False
0.01,B0007,0.9997751116752625,False
0.02,B0007,0.9997754096984863,False
0.05,B0007,0.9997517466545105,False
0.1,B0007,0.9997438192367554,False
0.2,B0007,0.999759316444397,False
0.01,B0007,0.9996929168701172,False
0.02,B0007,0.9996925592422485,False
0.05,B0007,0.9996938705444336,False
0.1,B0007,0.9996882081031799,False
0.2,B0007,0.999686598777771,False
0.01,B0007,0.9997785091400146,False
0.02,B0007,0.9997776746749878,False
0.05,B0007,0.9997648596763611,False
0.1,B0007,0.9997782111167908,False
0.2,B0007,0.999785304069519,False
0.01,B0007,0.9998000264167786,False
0.02,B0007,0.9997990727424622,False
0.05,B0007,0.9997978210449219,False
0.1,B0007,0.999798595905304,False
0.2,B0007,0.9997977614402771,False
0.01,B0007,0.999726414680481,False
0.02,B0007,0.9997256994247437,False
0.05,B0007,0.9997245669364929,False
0.1,B0007,0.9997038245201111,False
0.2,B0007,0.9997165203094482,False
0.01,B0007,0.9995733499526978,False
0.02,B0007,0.9995697736740112,False
0.05,B0007,0.9995657205581665,False
0.1,B0007,0.9995582103729248,False
0.2,B0007,0.9995657205581665,False
0.01,B0007,0.9996362924575806,False
0.02,B0007,0.9996376037597656,False
0.05,B0007,0.999638557434082,False
0.1,B0007,0.9996398687362671,False
0.2,B0007,0.9996680021286011,False
0.01,B0007,0.9997198581695557,False
0.02,B0007,0.9997215270996094,False
0.05,B0007,0.9997181296348572,False
0.1,B0007,0.9996916651725769,False
0.2,B0007,0.999476969242096,False
0.01,B0007,0.9997493624687195,False
0.02,B0007,0.9997464418411255,False
0.05,B0007,0.9997473955154419,False
0.1,B0007,0.9997374415397644,False
0.2,B0007,0.9997432827949524,False
0.01,B0007,0.9996681213378906,False
0.02,B0007,0.9996664524078369,False
0.05,B0007,0.9996511936187744,False
0.1,B0007,0.9996664524078369,False
0.2,B0007,0.9996565580368042,False
0.01,B0007,0.9994615912437439,False
0.02,B0007,0.999459445476532,False
0.05,B0007,0.9994606971740723,False
0.1,B0007,0.9994465112686157,False
0.2,B0007,0.9993779063224792,False
0.01,B0007,0.9997220039367676,False
0.02,B0007,0.9997218251228333,False
0.05,B0007,0.99972003698349,False
0.1,B0007,0.9997275471687317,False
0.2,B0007,0.9996703863143921,False
0.01,B0007,0.9996973872184753,False
0.02,B0007,0.9996976852416992,False
0.05,B0007,0.9996989965438843,False
0.1,B0007,0.9996945261955261,False
0.2,B0007,0.9997237920761108,False
0.01,B0007,0.9997822046279907,False
0.02,B0007,0.9997820854187012,False
0.05,B0007,0.9997827410697937,False
0.1,B0007,0.9997795224189758,False
0.2,B0007,0.997315526008606,False
0.01,B0007,0.9997986555099487,False
0.02,B0007,0.999798595905304,False
0.05,B0007,0.9997979402542114,False
0.1,B0007,0.9997912645339966,False
0.2,B0007,0.9997855424880981,False
0.01,B0007,0.9997866153717041,False
0.02,B0007,0.9997860789299011,False
0.05,B0007,0.9997838139533997,False
0.1,B0007,0.999778151512146,False
0.2,B0007,0.9997893571853638,False
0.01,B0007,0.9997414350509644,False
0.02,B0007,0.9997365474700928,False
0.05,B0007,0.9997421503067017,False
0.1,B0007,0.9997400641441345,False
0.2,B0007,0.9997439384460449,False
0.01,B0007,0.9997640252113342,False
0.02,B0007,0.9997669458389282,False
0.05,B0007,0.9997602701187134,False
0.1,B0007,0.9997644424438477,False
0.2,B0007,0.9997371435165405,False
0.01,B0007,0.9997256994247437,False
0.02,B0007,0.9997254610061646,False
0.05,B0007,0.9997262954711914,False
0.1,B0007,0.9997235536575317,False
0.2,B0007,0.9978896379470825,False
0.01,B0007,0.9996822476387024,False
0.02,B0007,0.9996837377548218,False
0.05,B0007,0.9996825456619263,False
0.1,B0007,0.999681830406189,False
0.2,B0007,0.9995733499526978,False
0.01,B0007,0.9996500015258789,False
0.02,B0007,0.9996498227119446,False
0.05,B0007,0.999649167060852,False
0.1,B0007,0.9996485114097595,False
0.2,B0007,0.9994868040084839,False
0.01,B0007,0.9996529817581177,False
0.02,B0007,0.9996623396873474,False
0.05,B0007,0.9996702671051025,False
0.1,B0007,0.9996575117111206,False
0.2,B0007,0.9996427893638611,False
0.01,B0007,0.9996476173400879,False
0.02,B0007,0.9996476173400879,False
0.05,B0007,0.9996450543403625,False
0.1,B0007,0.9996464252471924,False
0.2,B0007,0.9996544122695923,False
0.01,B0007,0.9995808601379395,False
0.02,B0007,0.9995935559272766,False
0.05,B0007,0.9995578527450562,False
0.1,B0007,0.999592661857605,False
0.2,B0007,0.9995699524879456,False
0.01,B0007,0.9994412660598755,False
0.02,B0007,0.9996932148933411,False
0.05,B0007,0.9996730089187622,False
0.1,B0007,0.9996737241744995,False
0.2,B0007,0.9995402097702026,False
0.01,B0007,0.9996972680091858,False
0.02,B0007,0.9996970295906067,False
0.05,B0007,0.9996866583824158,False
0.1,B0007,0.9995619058609009,False
0.2,B0007,0.9996813535690308,False
0.01,B0007,0.9996500015258789,False
0.02,B0007,0.9996513724327087,False
0.05,B0007,0.999649703502655,False
0.1,B0007,0.9996410608291626,False
0.2,B0007,0.9995277523994446,False
0.01,B0007,0.9996050596237183,False
0.02,B0007,0.9996073246002197,False
0.05,B0007,0.9996915459632874,False
0.1,B0007,0.9995907545089722,False
0.2,B0007,0.9995397329330444,False
0.01,B0007,0.9995576739311218,False
0.02,B0007,0.9995592832565308,False
0.05,B0007,0.9995698928833008,False
0.1,B0007,0.999550461769104,False
0.2,B0007,0.9994965195655823,False
0.01,B0007,0.9995737671852112,False
0.02,B0007,0.9995745420455933,False
0.05,B0007,0.999549388885498,False
0.1,B0007,0.9995706677436829,False
0.2,B0007,0.9995759725570679,False
0.01,B0007,0.9994886517524719,False
0.02,B0007,0.9994874000549316,False
0.05,B0007,0.9992874264717102,False
0.1,B0007,0.999485969543457,False
0.2,B0007,0.9994592666625977,False
0.01,B0007,0.9995313286781311,False
0.02,B0007,0.9995298981666565,False
0.05,B0007,0.9995283484458923,False
0.1,B0007,0.9995242953300476,False
0.2,B0007,0.9995304942131042,False
0.01,B0007,0.9994912147521973,False
0.02,B0007,0.9994913339614868,False
0.05,B0007,0.999495267868042,False
0.1,B0007,0.9989069700241089,False
0.2,B0007,0.9994968771934509,False
0.01,B0007,0.9994038343429565,False
0.02,B0007,0.9993871450424194,False
0.05,B0007,0.9994019269943237,False
0.1,B0007,0.9993906617164612,False
0.2,B0007,0.9993315935134888,False
0.01,B0007,0.9994114637374878,False
0.02,B0007,0.9994144439697266,False
0.05,B0007,0.9994091987609863,False
0.1,B0007,0.9994128942489624,False
0.2,B0007,0.9994133114814758,False
0.01,B0007,0.9994310736656189,False
0.02,B0007,0.9994308948516846,False
0.05,B0007,0.999428391456604,False
0.1,B0007,0.9994275569915771,False
0.2,B0007,0.9993926882743835,False
0.01,B0007,0.9993159770965576,False
0.02,B0007,0.999317467212677,False
0.05,B0007,0.9993242621421814,False
0.1,B0007,0.9992018938064575,False
0.2,B0007,0.9991502165794373,False
0.01,B0007,0.9992471933364868,False
0.02,B0007,0.9992467164993286,False
0.05,B0007,0.9992327690124512,False
0.1,B0007,0.9988280534744263,False
0.2,B0007,0.9992308020591736,False
0.01,B0007,0.9990803003311157,False
0.02,B0007,0.9990764260292053,False
0.05,B0007,0.9990322589874268,False
0.1,B0007,0.9990791082382202,False
0.2,B0007,0.9990987777709961,False
0.01,B0007,0.99909508228302,False
0.02,B0007,0.9990909099578857,False
0.05,B0007,0.9990931749343872,False
0.1,B0007,0.9990949034690857,False
0.2,B0007,0.9990933537483215,False
0.01,B0007,0.9993188381195068,False
0.02,B0007,0.999253511428833,False
0.05,B0007,0.9992183446884155,False
0.1,B0007,0.9992421865463257,False
0.2,B0007,0.9992501735687256,False
0.01,B0007,0.9991830587387085,False
0.02,B0007,0.9991830587387085,False
0.05,B0007,0.9991825819015503,False
0.1,B0007,0.9987189769744873,False
0.2,B0007,0.9991792440414429,False
0.01,B0007,0.9995821118354797,False
0.02,B0007,0.9995822906494141,False
0.05,B0007,0.9995821714401245,False
0.1,B0007,0.999575138092041,False
0.2,B0007,0.9995728731155396,False
0.01,B0007,0.9994615316390991,False
0.02,B0007,0.9994630813598633,False
0.05,B0007,0.9994623064994812,False
0.1,B0007,0.9994135499000549,False
0.2,B0007,0.9994656443595886,False
0.01,B0007,0.9994128346443176,False
0.02,B0007,0.9994230270385742,False
0.05,B0007,0.9994218945503235,False
0.1,B0007,0.9994213581085205,False
0.2,B0007,0.9994271397590637,False
0.01,B0007,0.999191164970398,False
0.02,B0007,0.9991926550865173,False
0.05,B0007,0.9991888999938965,False
0.1,B0007,0.9991904497146606,False
0.2,B0007,0.999160885810852,False
0.01,B0007,0.9991429448127747,False
0.02,B0007,0.9991272687911987,False
0.05,B0007,0.9991407990455627,False
0.1,B0007,0.9991328716278076,False
0.2,B0007,0.9990825653076172,False
0.01,B0007,0.9990106225013733,False
0.02,B0007,0.9990086555480957,False
0.05,B0007,0.9990083575248718,False
0.1,B0007,0.9990060925483704,False
0.2,B0007,0.9990092515945435,False
0.01,B0007,0.9990907311439514,False
0.02,B0007,0.9990911483764648,False
0.05,B0007,0.9990919828414917,False
0.1,B0007,0.9990782141685486,False
0.2,B0007,0.9990841746330261,False
0.01,B0007,0.9990040063858032,False
0.02,B0007,0.9990018010139465,False
0.05,B0007,0.9989975094795227,False
0.1,B0007,0.9966939687728882,False
0.2,B0007,0.9990032315254211,False
0.01,B0007,0.9989684820175171,False
0.02,B0007,0.998967170715332,False
0.05,B0007,0.9989657402038574,False
0.1,B0007,0.9989623427391052,False
0.2,B0007,0.998883843421936,False
0.01,B0007,0.9989639520645142,False
0.02,B0007,0.9989603757858276,False
0.05,B0007,0.9989582896232605,False
0.1,B0007,0.9989603161811829,False
0.2,B0007,0.998882532119751,False
0.01,B0007,0.9989213943481445,False
0.02,B0007,0.9989213943481445,False
0.05,B0007,0.998921275138855,False
0.1,B0007,0.9989153146743774,False
0.2,B0007,0.9989305734634399,False
0.01,B0007,0.9989122152328491,False
0.02,B0007,0.99891197681427,False
0.05,B0007,0.9989082217216492,False
0.1,B0007,0.998913049697876,False
0.2,B0007,0.9988650679588318,False
0.01,B0007,0.9987556338310242,False
0.02,B0007,0.9987564086914062,False
0.05,B0007,0.9987534880638123,False
0.1,B0007,0.9987506866455078,False
0.2,B0007,0.9987620115280151,False
0.01,B0007,0.9988466501235962,False
0.02,B0007,0.9988551139831543,False
0.05,B0007,0.9986868500709534,False
0.1,B0007,0.9988456964492798,False
0.2,B0007,0.9988621473312378,False
0.01,B0007,0.9987143874168396,False
0.02,B0007,0.998716413974762,False
0.05,B0007,0.9987137317657471,False
0.1,B0007,0.9987164735794067,False
0.2,B0007,0.9986727833747864,False
0.01,B0007,0.9986563920974731,False
0.02,B0007,0.9986569881439209,False
0.05,B0007,0.9986568093299866,False
0.1,B0007,0.9986536502838135,False
0.2,B0007,0.9986269474029541,False
0.01,B0007,0.9992339611053467,False
0.02,B0007,0.999229371547699,False
0.05,B0007,0.9992303252220154,False
0.1,B0007,0.9992310404777527,False
0.2,B0007,0.999008059501648,False
0.01,B0007,0.9993981122970581,False
0.02,B0007,0.9993984699249268,False
0.05,B0007,0.9992929697036743,False
0.1,B0007,0.9993931651115417,False
0.2,B0007,0.9993209838867188,False
0.01,B0025,0.997988760471344,False
0.02,B0025,0.9980080723762512,False
0.05,B0025,0.9979865550994873,False
0.1,B0025,0.996742844581604,False
0.2,B0025,0.9921222925186157,False
0.01,B0025,0.9983828067779541,False
0.02,B0025,0.9983853101730347,False
0.05,B0025,0.998528003692627,False
0.1,B0025,0.9976831674575806,False
0.2,B0025,0.9661831855773926,True
0.01,B0025,0.998953640460968,False
0.02,B0025,0.9989742040634155,False
0.05,B0025,0.9989659786224365,False
0.1,B0025,0.9985560178756714,False
0.2,B0025,0.9948937892913818,False
0.01,B0025,0.9983097314834595,False
0.02,B0025,0.9984549283981323,False
0.05,B0025,0.9980486631393433,False
0.1,B0025,0.9971848726272583,False
0.2,B0025,0.98907071352005,False
0.01,B0025,0.9971959590911865,False
0.02,B0025,0.997195839881897,False
0.05,B0025,0.9971611499786377,False
0.1,B0025,0.9971957802772522,False
0.2,B0025,0.9972319602966309,False
0.01,B0025,0.9924441576004028,False
0.02,B0025,0.9920823574066162,False
0.05,B0025,0.9922893047332764,False
0.1,B0025,0.9923080205917358,False
0.2,B0025,0.9857611060142517,False
0.01,B0025,0.9919646978378296,False
0.02,B0025,0.9918898344039917,False
0.05,B0025,0.9918748140335083,False
0.1,B0025,0.9844599962234497,False
0.2,B0025,0.992139995098114,False
0.01,B0025,0.9922935962677002,False
0.02,B0025,0.992247462272644,False
0.05,B0025,0.9923152327537537,False
0.1,B0025,0.9926922917366028,False
0.2,B0025,0.9837567806243896,False
0.01,B0025,0.9879667162895203,False
0.02,B0025,0.988010823726654,False
0.05,B0025,0.9880094528198242,False
0.1,B0025,0.9880520105361938,False
0.2,B0025,0.9337080717086792,True
0.01,B0025,0.9873006343841553,False
0.02,B0025,0.9871281385421753,False
0.05,B0025,0.9868260622024536,False
0.1,B0025,0.9871346950531006,False
0.2,B0025,0.9812254309654236,False
0.01,B0025,0.9844719767570496,False
0.02,B0025,0.984795331954956,False
0.05,B0025,0.9841264486312866,False
0.1,B0025,0.9831757545471191,False
0.2,B0025,0.9719080924987793,True
0.01,B0025,0.9770899415016174,True
0.02,B0025,0.9776691198348999,True
0.05,B0025,0.9778753519058228,True
0.1,B0025,0.9660173654556274,True
0.2,B0025,0.9433640241622925,True
0.01,B0025,0.9644948840141296,True
0.02,B0025,0.964585542678833,True
0.05,B0025,0.9686468243598938,True
0.1,B0025,0.9626151919364929,True
0.2,B0025,0.9656883478164673,True
0.01,B0025,0.9214890599250793,True
0.02,B0025,0.9215731620788574,True
0.05,B0025,0.921464741230011,True
0.1,B0025,0.9216896891593933,True
0.2,B0025,0.9234805107116699,True
0.01,B0025,0.9696977138519287,True
0.02,B0025,0.9697175025939941,True
0.05,B0025,0.9696320295333862,True
0.1,B0025,0.9698510766029358,True
0.2,B0025,0.9622094631195068,True
0.01,B0025,0.9750207662582397,True
0.02,B0025,0.9751567840576172,True
0.05,B0025,0.9709225296974182,True
0.1,B0025,0.9750951528549194,True
0.2,B0025,0.975405752658844,True
0.01,B0025,0.9939924478530884,False
0.02,B0025,0.9939281344413757,False
0.05,B0025,0.9937320351600647,False
0.1,B0025,0.9894605875015259,False
0.2,B0025,0.9731026887893677,True
0.01,B0025,0.9937361478805542,False
0.02,B0025,0.9938393235206604,False
0.05,B0025,0.9938578605651855,False
0.1,B0025,0.9937596321105957,False
0.2,B0025,0.9938352108001709,False
0.01,B0025,0.9900724291801453,False
0.02,B0025,0.9901437759399414,False
0.05,B0025,0.9880077838897705,False
0.1,B0025,0.9900733232498169,False
0.2,B0025,0.9906652569770813,False
0.01,B0025,0.9928570985794067,False
0.02,B0025,0.9932132363319397,False
0.05,B0025,0.9926704168319702,False
0.1,B0025,0.9844107627868652,False
0.2,B0025,0.9842886924743652,False
0.01,B0025,0.991692304611206,False
0.02,B0025,0.9919039011001587,False
0.05,B0025,0.991854190826416,False
0.1,B0025,0.9909150004386902,False
0.2,B0025,0.987537145614624,False
0.01,B0025,0.9916574358940125,False
0.02,B0025,0.9904260635375977,False
0.05,B0025,0.9903780221939087,False
0.1,B0025,0.986972451210022,False
0.2,B0025,0.9837170839309692,False
0.01,B0025,0.9886537790298462,False
0.02,B0025,0.9886537790298462,False
0.05,B0025,0.988628089427948,False
0.1,B0025,0.9807679653167725,True
0.2,B0025,0.9864768385887146,False
0.01,B0025,0.9940626621246338,False
0.02,B0025,0.9934212565422058,False
0.05,B0025,0.9940292835235596,False
0.1,B0025,0.9887056350708008,False
0.2,B0025,0.9938005805015564,False
0.01,B0025,0.996948778629303,False
0.02,B0025,0.9971994757652283,False
0.05,B0025,0.9969713687896729,False
0.1,B0025,0.9940759539604187,False
0.2,B0025,0.9808545112609863,False
0.01,B0025,0.9985533952713013,False
0.02,B0025,0.9991323351860046,False
0.05,B0025,0.9987016916275024,False
0.1,B0025,0.9987728595733643,False
0.2,B0025,0.9872156381607056,False
0.01,B0025,0.9979835748672485,False
0.02,B0025,0.9980209469795227,False
0.05,B0025,0.9980162382125854,False
0.1,B0025,0.9980483055114746,False
0.2,B0025,0.958060622215271,True
0.01,B0025,0.9969098567962646,False
0.02,B0025,0.9964768290519714,False
0.05,B0025,0.997246265411377,False
0.1,B0025,0.9905628561973572,False
0.2,B0025,0.990447998046875,False
0.01,B0029,0.9988536238670349,False
0.02,B0029,0.9988501667976379,False
0.05,B0029,0.9988550543785095,False
0.1,B0029,0.9988550543785095,False
0.2,B0029,0.9988311529159546,False
0.01,B0029,0.9999468326568604,False
0.02,B0029,0.9999465942382812,False
0.05,B0029,0.9999455809593201,False
0.1,B0029,0.999946117401123,False
0.2,B0029,0.999945342540741,False
0.01,B0029,0.999918520450592,False
0.02,B0029,0.9999185800552368,False
0.05,B0029,0.9999176263809204,False
0.1,B0029,0.9999153017997742,False
0.2,B0029,0.9999258518218994,False
0.01,B0029,0.9999178647994995,False
0.02,B0029,0.9999164938926697,False
0.05,B0029,0.9999147653579712,False
0.1,B0029,0.9999150633811951,False
0.2,B0029,0.9999154210090637,False
0.01,B0029,0.9999237060546875,False
0.02,B0029,0.9999235272407532,False
0.05,B0029,0.9999223351478577,False
0.1,B0029,0.9999204874038696,False
0.2,B0029,0.9999240636825562,False
0.01,B0029,0.9998281598091125,False
0.02,B0029,0.9998281002044678,False
0.05,B0029,0.9998276233673096,False
0.1,B0029,0.9998276233673096,False
0.2,B0029,0.9998278617858887,False
0.01,B0029,0.9999520778656006,False
0.02,B0029,0.9999518990516663,False
0.05,B0029,0.9993423223495483,False
0.1,B0029,0.9999517202377319,False
0.2,B0029,0.9999493360519409,False
0.01,B0029,0.9999548196792603,False
0.02,B0029,0.9999549388885498,False
0.05,B0029,0.9999544620513916,False
0.1,B0029,0.9999546408653259,False
0.2,B0029,0.9988928437232971,False
0.01,B0029,0.9999573230743408,False
0.02,B0029,0.9999578595161438,False
0.05,B0029,0.9999579191207886,False
0.1,B0029,0.9999566674232483,False
0.2,B0029,0.9999575614929199,False
0.01,B0029,0.9999523758888245,False
0.02,B0029,0.9999524354934692,False
0.05,B0029,0.9999522566795349,False
0.1,B0029,0.9999521970748901,False
0.2,B0029,0.9999497532844543,False
0.01,B0029,0.9998155832290649,False
0.02,B0029,0.9998149275779724,False
0.05,B0029,0.9998154044151306,False
0.1,B0029,0.999814510345459,False
0.2,B0029,0.9998149871826172,False
0.01,B0029,0.9999541640281677,False
0.02,B0029,0.999954104423523,False
0.05,B0029,0.9999164938926697,False
0.1,B0029,0.9999538660049438,False
0.2,B0029,0.9986685514450073,False
0.01,B0029,0.999957799911499,False
0.02,B0029,0.9999576807022095,False
0.05,B0029,0.9999575614929199,False
0.1,B0029,0.999958336353302,False
0.2,B0029,0.9999582767486572,False
0.01,B0029,0.9999606609344482,False
0.02,B0029,0.9999604821205139,False
0.05,B0029,0.9999604821205139,False
0.1,B0029,0.9999595880508423,False
0.2,B0029,0.9999579191207886,False
0.01,B0029,0.999961256980896,False
0.02,B0029,0.9999604225158691,False
0.05,B0029,0.9999600648880005,False
0.1,B0029,0.9999594688415527,False
0.2,B0029,0.999961256980896,False
0.01,B0029,0.9998310804367065,False
0.02,B0029,0.9998301267623901,False
0.05,B0029,0.9998313784599304,False
0.1,B0029,0.999832034111023,False
0.2,B0029,0.9998307824134827,False
0.01,B0029,0.9999528527259827,False
0.02,B0029,0.9999524354934692,False
0.05,B0029,0.9999521970748901,False
0.1,B0029,0.9999518990516663,False
0.2,B0029,0.99994957447052,False
0.01,B0029,0.9999425411224365,False
0.02,B0029,0.9999423623085022,False
0.05,B0029,0.999942421913147,False
0.1,B0029,0.9999436140060425,False
0.2,B0029,0.999935507774353,False
0.01,B0029,0.9999516010284424,False
0.02,B0029,0.9999516606330872,False
0.05,B0029,0.9999563694000244,False
0.1,B0029,0.9999511241912842,False
0.2,B0029,0.999949038028717,False
0.01,B0029,0.999943733215332,False
0.02,B0029,0.9999432563781738,False
0.05,B0029,0.9999411106109619,False
0.1,B0029,0.9999426007270813,False
0.2,B0029,0.9999394416809082,False
0.01,B0029,0.9999585747718811,False
0.02,B0029,0.9999762773513794,False
0.05,B0029,0.9999760389328003,False
0.1,B0029,0.9999750852584839,False
0.2,B0029,0.9999759197235107,False
0.01,B0029,0.9998447299003601,False
0.02,B0029,0.9998446106910706,False
0.05,B0029,0.9998453855514526,False
0.1,B0029,0.9998458623886108,False
0.2,B0029,0.9998485445976257,False
0.01,B0029,0.9999105334281921,False
0.02,B0029,0.9999102354049683,False
0.05,B0029,0.9999092817306519,False
0.1,B0029,0.9999073147773743,False
0.2,B0029,0.999927818775177,False
0.01,B0029,0.9998300671577454,False
0.02,B0029,0.9998294711112976,False
0.05,B0029,0.9998278021812439,False
0.1,B0029,0.9998266100883484,False
0.2,B0029,0.9993569850921631,False
0.01,B0029,0.9998341798782349,False
0.02,B0029,0.9998344779014587,False
0.05,B0029,0.9998407363891602,False
0.1,B0029,0.9998302459716797,False
0.2,B0029,0.9998462796211243,False
0.01,B0029,0.999864399433136,False
0.02,B0029,0.9998626708984375,False
0.05,B0029,0.9998626708984375,False
0.1,B0029,0.9998617768287659,False
0.2,B0029,0.9998613595962524,False
0.01,B0029,0.9998462200164795,False
0.02,B0029,0.9998440146446228,False
0.05,B0029,0.999843955039978,False
0.1,B0029,0.9998432397842407,False
0.2,B0029,0.999767005443573,False
0.01,B0029,0.9998403787612915,False
0.02,B0029,0.9998345375061035,False
0.05,B0029,0.9998368620872498,False
0.1,B0029,0.9998443126678467,False
0.2,B0029,0.9997811317443848,False
0.01,B0029,0.9998598098754883,False
0.02,B0029,0.9998596906661987,False
0.05,B0029,0.9998586773872375,False
0.1,B0029,0.9969978928565979,False
0.2,B0029,0.999875545501709,False
0.01,B0029,0.9998611211776733,False
0.02,B0029,0.9998612999916077,False
0.05,B0029,0.9998608231544495,False
0.1,B0029,0.9998596906661987,False
0.2,B0029,0.9883922338485718,False
0.01,B0029,0.9998573660850525,False
0.02,B0029,0.9998571872711182,False
0.05,B0029,0.9998568296432495,False
0.1,B0029,0.9998557567596436,False
0.2,B0029,0.9998554587364197,False
0.01,B0029,0.9992063641548157,False
0.02,B0029,0.9996187686920166,False
0.05,B0029,0.9996193647384644,False
0.1,B0029,0.9996132850646973,False
0.2,B0029,0.9996167421340942,False
0.01,B0029,0.9996068477630615,False
0.02,B0029,0.9996072053909302,False
0.05,B0029,0.9996050000190735,False
0.1,B0029,0.9996055364608765,False
0.2,B0029,0.9996051788330078,False
0.01,B0029,0.9995837807655334,False
0.02,B0029,0.9995825290679932,False
0.05,B0029,0.9995824694633484,False
0.1,B0029,0.9995819926261902,False
0.2,B0029,0.9995825290679932,False
0.01,B0029,0.9996052384376526,False
0.02,B0029,0.9996045827865601,False
0.05,B0029,0.9996091723442078,False
0.1,B0029,0.9996010661125183,False
0.2,B0029,0.9996353387832642,False
0.01,B0029,0.9995696544647217,False
0.02,B0029,0.9995695352554321,False
0.05,B0029,0.9995672702789307,False
0.1,B0029,0.9995663166046143,False
0.2,B0029,0.9995690584182739,False
0.01,B0029,0.999282956123352,False
0.02,B0029,0.9992819428443909,False
0.05,B0029,0.9992810487747192,False
0.1,B0029,0.9992771148681641,False
0.2,B0029,0.9992824196815491,False
0.01,B0029,0.9995990991592407,False
0.02,B0029,0.999601423740387,False
0.05,B0029,0.9995988011360168,False
0.1,B0029,0.9995978474617004,False
0.2,B0029,0.9996024966239929,False
0.01,B0029,0.9995253682136536,False
0.02,B0029,0.9995253086090088,False
0.05,B0029,0.9995236396789551,False
0.1,B0029,0.9995232224464417,False
0.2,B0029,0.999522864818573,False
0.01,B0029,0.9995216131210327,False
0.02,B0029,0.9995218515396118,False
0.05,B0029,0.9995144605636597,False
0.1,B0029,0.9995173215866089,False
0.2,B0029,0.9994927644729614,False
0.01,B0034,0.9952893257141113,False
0.02,B0034,0.995305061340332,False
0.05,B0034,0.9952914714813232,False
0.1,B0034,0.995192289352417,False
0.2,B0034,0.9949101805686951,False
0.01,B0034,0.9995824694633484,False
0.02,B0034,0.9995779991149902,False
0.05,B0034,0.9995834231376648,False
0.1,B0034,0.9995869398117065,False
0.2,B0034,0.9996426105499268,False
0.01,B0034,0.9996637105941772,False
0.02,B0034,0.9996663928031921,False
0.05,B0034,0.9996649026870728,False
0.1,B0034,0.999669075012207,False
0.2,B0034,0.9996002912521362,False
0.01,B0034,0.999523937702179,False
0.02,B0034,0.999519407749176,False
0.05,B0034,0.9995244741439819,False
0.1,B0034,0.9995284080505371,False
0.2,B0034,0.9995362758636475,False
0.01,B0034,0.9991436004638672,False
0.02,B0034,0.999137818813324,False
0.05,B0034,0.9991509318351746,False
0.1,B0034,0.9991328716278076,False
0.2,B0034,0.9991533756256104,False
0.01,B0034,0.9975197911262512,False
0.02,B0034,0.9975047707557678,False
0.05,B0034,0.9964359402656555,False
0.1,B0034,0.9975345134735107,False
0.2,B0034,0.981562614440918,False
0.01,B0034,0.9973812699317932,False
0.02,B0034,0.9973942041397095,False
0.05,B0034,0.997399628162384,False
0.1,B0034,0.9973868727684021,False
0.2,B0034,0.9976292252540588,False
0.01,B0034,0.9977280497550964,False
0.02,B0034,0.9977213144302368,False
0.05,B0034,0.997710645198822,False
0.1,B0034,0.9977282285690308,False
0.2,B0034,0.9977371096611023,False
0.01,B0034,0.9974180459976196,False
0.02,B0034,0.9974009990692139,False
0.05,B0034,0.9974032640457153,False
0.1,B0034,0.9974075555801392,False
0.2,B0034,0.9975559711456299,False
0.01,B0034,0.9969090223312378,False
0.02,B0034,0.9969010353088379,False
0.05,B0034,0.9968901872634888,False
0.1,B0034,0.996906578540802,False
0.2,B0034,0.9970316886901855,False
0.01,B0034,0.9969630241394043,False
0.02,B0034,0.9969730377197266,False
0.05,B0034,0.9969393014907837,False
0.1,B0034,0.9915986061096191,False
0.2,B0034,0.9970622062683105,False
0.01,B0034,0.997097373008728,False
0.02,B0034,0.9971033334732056,False
0.05,B0034,0.9971017837524414,False
0.1,B0034,0.9971269965171814,False
0.2,B0034,0.9973767995834351,False
0.01,B0034,0.9966064691543579,False
0.02,B0034,0.9965892434120178,False
0.05,B0034,0.996584415435791,False
0.1,B0034,0.996597170829773,False
0.2,B0034,0.9597470760345459,True
0.01,B0034,0.9965949654579163,False
0.02,B0034,0.9965351223945618,False
0.05,B0034,0.996516764163971,False
0.1,B0034,0.9965388774871826,False
0.2,B0034,0.9598336219787598,True
0.01,B0034,0.9961077570915222,False
0.02,B0034,0.9961181282997131,False
0.05,B0034,0.9961036443710327,False
0.1,B0034,0.9961079359054565,False
0.2,B0034,0.996227502822876,False
0.01,B0034,0.9964696764945984,False
0.02,B0034,0.9964677095413208,False
0.05,B0034,0.9964482188224792,False
0.1,B0034,0.9964826107025146,False
0.2,B0034,0.9831082820892334,False
0.01,B0034,0.9972516298294067,False
0.02,B0034,0.9972516298294067,False
0.05,B0034,0.9972495436668396,False
0.1,B0034,0.9972385168075562,False
0.2,B0034,0.9876869916915894,False
0.01,B0034,0.9967043995857239,False
0.02,B0034,0.9967039227485657,False
0.05,B0034,0.9967144727706909,False
0.1,B0034,0.9967074990272522,False
0.2,B0034,0.9966071844100952,False
0.01,B0034,0.9965865612030029,False
0.02,B0034,0.9965932369232178,False
0.05,B0034,0.9966016411781311,False
0.1,B0034,0.9938528537750244,False
0.2,B0034,0.9963208436965942,False
0.01,B0034,0.9960333108901978,False
0.02,B0034,0.9959957003593445,False
0.05,B0034,0.9961085319519043,False
0.1,B0034,0.9960009455680847,False
0.2,B0034,0.9674814939498901,True
0.01,B0034,0.9954076409339905,False
0.02,B0034,0.9952714443206787,False
0.05,B0034,0.9954380393028259,False
0.1,B0034,0.9954096078872681,False
0.2,B0034,0.9952054023742676,False
0.01,B0034,0.9980889558792114,False
0.02,B0034,0.998085081577301,False
0.05,B0034,0.9981266260147095,False
0.1,B0034,0.9978205561637878,False
0.2,B0034,0.9976133108139038,False
0.01,B0034,0.9982830286026001,False
0.02,B0034,0.9982884526252747,False
0.05,B0034,0.9962185621261597,False
0.1,B0034,0.9982786178588867,False
0.2,B0034,0.9982655048370361,False
0.01,B0034,0.9977630376815796,False
0.02,B0034,0.9977635145187378,False
0.05,B0034,0.9977736473083496,False
0.1,B0034,0.9977605938911438,False
0.2,B0034,0.974980354309082,True
0.01,B0034,0.9970179200172424,False
0.02,B0034,0.9970228672027588,False
0.05,B0034,0.9970166087150574,False
0.1,B0034,0.9970160722732544,False
0.2,B0034,0.9848311543464661,False
0.01,B0034,0.997123122215271,False
0.02,B0034,0.9971669912338257,False
0.05,B0034,0.9971691370010376,False
0.1,B0034,0.9972102046012878,False
0.2,B0034,0.9972562789916992,False
0.01,B0034,0.9971556663513184,False
0.02,B0034,0.9971587657928467,False
0.05,B0034,0.9971484541893005,False
0.1,B0034,0.9971696138381958,False
0.2,B0034,0.987601637840271,False
0.01,B0034,0.9971054196357727,False
0.02,B0034,0.9971103668212891,False
0.05,B0034,0.997098982334137,False
0.1,B0034,0.9971140027046204,False
0.2,B0034,0.9820912480354309,False
0.01,B0034,0.9971266984939575,False
0.02,B0034,0.9971243143081665,False
0.05,B0034,0.997125506401062,False
0.1,B0034,0.9971333742141724,False
0.2,B0034,0.9971343278884888,False
0.01,B0034,0.996322751045227,False
0.02,B0034,0.9963219165802002,False
0.05,B0034,0.9963189363479614,False
0.1,B0034,0.992922842502594,False
0.2,B0034,0.9965171813964844,False
0.01,B0034,0.9962899088859558,False
0.02,B0034,0.9962849617004395,False
0.05,B0034,0.9963815212249756,False
0.1,B0034,0.9963105320930481,False
0.2,B0034,0.9964809417724609,False
0.01,B0034,0.9962244033813477,False
0.02,B0034,0.9962117671966553,False
0.05,B0034,0.9962161779403687,False
0.1,B0034,0.9962208271026611,False
0.2,B0034,0.9962320327758789,False
0.01,B0034,0.996321976184845,False
0.02,B0034,0.9963204860687256,False
0.05,B0034,0.9963217377662659,False
0.1,B0034,0.9963212013244629,False
0.2,B0034,0.996123194694519,False
0.01,B0034,0.9962711334228516,False
0.02,B0034,0.9962717890739441,False
0.05,B0034,0.99627685546875,False
0.1,B0034,0.996252179145813,False
0.2,B0034,0.9961634874343872,False
0.01,B0034,0.9959498643875122,False
0.02,B0034,0.9959612488746643,False
0.05,B0034,0.9959494471549988,False
0.1,B0034,0.9922406673431396,False
0.2,B0034,0.9960312843322754,False
0.01,B0034,0.9962155818939209,False
0.02,B0034,0.9961676597595215,False
0.05,B0034,0.9961901903152466,False
0.1,B0034,0.9961797595024109,False
0.2,B0034,0.9961831569671631,False
0.01,B0034,0.9960526823997498,False
0.02,B0034,0.9961004257202148,False
0.05,B0034,0.9961356520652771,False
0.1,B0034,0.9925767779350281,False
0.2,B0034,0.9961305856704712,False
0.01,B0034,0.9955705404281616,False
0.02,B0034,0.9955711960792542,False
0.05,B0034,0.9955933690071106,False
0.1,B0034,0.9955775737762451,False
0.2,B0034,0.9857961535453796,False
0.01,B0034,0.9942634701728821,False
0.02,B0034,0.9942328929901123,False
0.05,B0034,0.9942893981933594,False
0.1,B0034,0.9942280650138855,False
0.2,B0034,0.9942920207977295,False
0.01,B0034,0.995718240737915,False
0.02,B0034,0.9956890344619751,False
0.05,B0034,0.9956871271133423,False
0.1,B0034,0.9956704378128052,False
0.2,B0034,0.9954271912574768,False
0.01,B0034,0.9961137175559998,False
0.02,B0034,0.9961063265800476,False
0.05,B0034,0.996098518371582,False
0.1,B0034,0.9961196184158325,False
0.2,B0034,0.9960891008377075,False
0.01,B0034,0.9960894584655762,False
0.02,B0034,0.9960881471633911,False
0.05,B0034,0.9960849285125732,False
0.1,B0034,0.9960869550704956,False
0.2,B0034,0.9863125085830688,False
0.01,B0034,0.9968375563621521,False
0.02,B0034,0.9968342781066895,False
0.05,B0034,0.9968407154083252,False
0.1,B0034,0.9968534111976624,False
0.2,B0034,0.9964677095413208,False
0.01,B0034,0.9947284460067749,False
0.02,B0034,0.9947248697280884,False
0.05,B0034,0.9947340488433838,False
0.1,B0034,0.996537446975708,False
0.2,B0034,0.9815638065338135,False
0.01,B0034,0.9958499670028687,False
0.02,B0034,0.9958536624908447,False
0.05,B0034,0.995816707611084,False
0.1,B0034,0.9958437085151672,False
0.2,B0034,0.9955307841300964,False
0.01,B0034,0.9844269752502441,False
0.02,B0034,0.9844431281089783,False
0.05,B0034,0.9844841957092285,False
0.1,B0034,0.9844290614128113,False
0.2,B0034,0.9831387400627136,False
0.01,B0034,0.9970073699951172,False
0.02,B0034,0.9970195293426514,False
0.05,B0034,0.9970710277557373,False
0.1,B0034,0.9970433115959167,False
0.2,B0034,0.9888888597488403,False
0.01,B0034,0.9979959726333618,False
0.02,B0034,0.9979768991470337,False
0.05,B0034,0.9979865550994873,False
0.1,B0034,0.9957208633422852,False
0.2,B0034,0.9978796243667603,False
0.01,B0034,0.9975956678390503,False
0.02,B0034,0.9975845813751221,False
0.05,B0034,0.9975756406784058,False
0.1,B0034,0.9975758194923401,False
0.2,B0034,0.9974817037582397,False
0.01,B0034,0.9965798258781433,False
0.02,B0034,0.9965993165969849,False
0.05,B0034,0.9966073036193848,False
0.1,B0034,0.9966010451316833,False
0.2,B0034,0.9920635223388672,False
0.01,B0034,0.9942564368247986,False
0.02,B0034,0.9942578673362732,False
0.05,B0034,0.9943074584007263,False
0.1,B0034,0.9942494034767151,False
0.2,B0034,0.9943450093269348,False
0.01,B0034,0.9948134422302246,False
0.02,B0034,0.9947744011878967,False
0.05,B0034,0.9948332905769348,False
0.1,B0034,0.9948122501373291,False
0.2,B0034,0.9898149371147156,False
0.01,B0034,0.9957255125045776,False
0.02,B0034,0.9957078099250793,False
0.05,B0034,0.9957529306411743,False
0.1,B0034,0.9957519769668579,False
0.2,B0034,0.9808745384216309,False
0.01,B0034,0.996079683303833,False
0.02,B0034,0.9960960745811462,False
0.05,B0034,0.996119499206543,False
0.1,B0034,0.985765814781189,False
0.2,B0034,0.9810715913772583,False
0.01,B0034,0.9954408407211304,False
0.02,B0034,0.9954398274421692,False
0.05,B0034,0.995546817779541,False
0.1,B0034,0.9954171776771545,False
0.2,B0034,0.9902631044387817,False
0.01,B0034,0.9951487183570862,False
0.02,B0034,0.9951409101486206,False
0.05,B0034,0.9951424598693848,False
0.1,B0034,0.9951658248901367,False
0.2,B0034,0.9888290166854858,False
0.01,B0034,0.9917883276939392,False
0.02,B0034,0.9918225407600403,False
0.05,B0034,0.9918758869171143,False
0.1,B0034,0.991793692111969,False
0.2,B0034,0.9868555068969727,False
0.01,B0034,0.9932581186294556,False
0.02,B0034,0.9933105111122131,False
0.05,B0034,0.9932911396026611,False
0.1,B0034,0.993338942527771,False
0.2,B0034,0.9921706914901733,False
0.01,B0034,0.995612382888794,False
0.02,B0034,0.9956233501434326,False
0.05,B0034,0.9956441521644592,False
0.1,B0034,0.9955606460571289,False
0.2,B0034,0.9955495595932007,False
0.01,B0034,0.995742678642273,False
0.02,B0034,0.9957461953163147,False
0.05,B0034,0.9957475662231445,False
0.1,B0034,0.9957410097122192,False
0.2,B0034,0.9956280589103699,False
0.01,B0034,0.9952725172042847,False
0.02,B0034,0.9952774047851562,False
0.05,B0034,0.9952955842018127,False
0.1,B0034,0.9952778816223145,False
0.2,B0034,0.9944894909858704,False
0.01,B0034,0.993180513381958,False
0.02,B0034,0.9931371212005615,False
0.05,B0034,0.993215024471283,False
0.1,B0034,0.9930790662765503,False
0.2,B0034,0.9926129579544067,False
0.01,B0034,0.9898276925086975,False
0.02,B0034,0.9899012446403503,False
0.05,B0034,0.9898924231529236,False
0.1,B0034,0.9898595213890076,False
0.2,B0034,0.9891531467437744,False
0.01,B0034,0.9926495552062988,False
0.02,B0034,0.9928170442581177,False
0.05,B0034,0.992624044418335,False
0.1,B0034,0.9925975203514099,False
0.2,B0034,0.9924976825714111,False
0.01,B0034,0.9951399564743042,False
0.02,B0034,0.995134174823761,False
0.05,B0034,0.9951467514038086,False
0.1,B0034,0.9951561689376831,False
0.2,B0034,0.9949606657028198,False
0.01,B0034,0.9948272705078125,False
0.02,B0034,0.9948242902755737,False
0.05,B0034,0.99480140209198,False
0.1,B0034,0.9948130249977112,False
0.2,B0034,0.9945158362388611,False
0.01,B0034,0.9969411492347717,False
0.02,B0034,0.9969072341918945,False
0.05,B0034,0.9969200491905212,False
0.1,B0034,0.987174391746521,False
0.2,B0034,0.9965934753417969,False
0.01,B0034,0.9933587312698364,False
0.02,B0034,0.9933825731277466,False
0.05,B0034,0.9934381246566772,False
0.1,B0034,0.9934028387069702,False
0.2,B0034,0.9934600591659546,False
0.01,B0034,0.9960073232650757,False
0.02,B0034,0.9960171580314636,False
0.05,B0034,0.9960333108901978,False
0.1,B0034,0.9959608316421509,False
0.2,B0034,0.9717318415641785,True
0.01,B0034,0.9967658519744873,False
0.02,B0034,0.9967652559280396,False
0.05,B0034,0.9967235326766968,False
0.1,B0034,0.9950778484344482,False
0.2,B0034,0.9962772130966187,False
0.01,B0034,0.9960681200027466,False
0.02,B0034,0.9960793256759644,False
0.05,B0034,0.9960588216781616,False
0.1,B0034,0.9960366487503052,False
0.2,B0034,0.9960163831710815,False
0.01,B0034,0.9961202144622803,False
0.02,B0034,0.9961227774620056,False
0.05,B0034,0.9961354732513428,False
0.1,B0034,0.9960951805114746,False
0.2,B0034,0.9960815906524658,False
0.01,B0034,0.9947216510772705,False
0.02,B0034,0.9947351217269897,False
0.05,B0034,0.9947230815887451,False
0.1,B0034,0.9947322607040405,False
0.2,B0034,0.9942810535430908,False
0.01,B0034,0.9918766021728516,False
0.02,B0034,0.9918575286865234,False
0.05,B0034,0.9919005632400513,False
0.1,B0034,0.9953393340110779,False
0.2,B0034,0.992729663848877,False
0.01,B0034,0.9944104552268982,False
0.02,B0034,0.9943833351135254,False
0.05,B0034,0.9943667650222778,False
0.1,B0034,0.9943586587905884,False
0.2,B0034,0.9941905736923218,False
0.01,B0034,0.9956773519515991,False
0.02,B0034,0.9956808090209961,False
0.05,B0034,0.9956762194633484,False
0.1,B0034,0.9956751465797424,False
0.2,B0034,0.9954873323440552,False
0.01,B0034,0.9950937032699585,False
0.02,B0034,0.9950862526893616,False
0.05,B0034,0.9950950145721436,False
0.1,B0034,0.9950813055038452,False
0.2,B0034,0.9949429035186768,False
0.01,B0034,0.9949981570243835,False
0.02,B0034,0.9950125217437744,False
0.05,B0034,0.9950133562088013,False
0.1,B0034,0.9911277294158936,False
0.2,B0034,0.994826078414917,False
0.01,B0034,0.9950357675552368,False
0.02,B0034,0.9950244426727295,False
0.05,B0034,0.9950069189071655,False
0.1,B0034,0.9949905276298523,False
0.2,B0034,0.9948086738586426,False
0.01,B0034,0.9951255321502686,False
0.02,B0034,0.9951245784759521,False
0.05,B0034,0.995124101638794,False
0.1,B0034,0.9931714534759521,False
0.2,B0034,0.9695756435394287,True
0.01,B0034,0.9949842095375061,False
0.02,B0034,0.9949759840965271,False
0.05,B0034,0.9949827194213867,False
0.1,B0034,0.9949890971183777,False
0.2,B0034,0.9948185682296753,False
0.01,B0034,0.9950039982795715,False
0.02,B0034,0.9949976205825806,False
0.05,B0034,0.9950079917907715,False
0.1,B0034,0.9950029253959656,False
0.2,B0034,0.9831173419952393,False
0.01,B0034,0.9950329661369324,False
0.02,B0034,0.9950334429740906,False
0.05,B0034,0.995061993598938,False
0.1,B0034,0.9950276613235474,False
0.2,B0034,0.9948222041130066,False
0.01,B0034,0.9949843287467957,False
0.02,B0034,0.9949743151664734,False
0.05,B0034,0.9950159788131714,False
0.1,B0034,0.9950286746025085,False
0.2,B0034,0.9761613607406616,True
0.01,B0034,0.9949764013290405,False
0.02,B0034,0.9949849247932434,False
0.05,B0034,0.9949814081192017,False
0.1,B0034,0.9949852228164673,False
0.2,B0034,0.9830973148345947,False
0.01,B0034,0.995048999786377,False
0.02,B0034,0.9950440526008606,False
0.05,B0034,0.9950664043426514,False
0.1,B0034,0.9950447082519531,False
0.2,B0034,0.9948835372924805,False
0.01,B0034,0.9951480031013489,False
0.02,B0034,0.9951438903808594,False
0.05,B0034,0.9951599836349487,False
0.1,B0034,0.9950420260429382,False
0.2,B0034,0.9951121807098389,False
0.01,B0034,0.9950121641159058,False
0.02,B0034,0.9950080513954163,False
0.05,B0034,0.9949905276298523,False
0.1,B0034,0.9950142502784729,False
0.2,B0034,0.9947962760925293,False
0.01,B0034,0.9949402809143066,False
0.02,B0034,0.9948837757110596,False
0.05,B0034,0.9948835372924805,False
0.1,B0034,0.9948908686637878,False
0.2,B0034,0.9948253035545349,False
0.01,B0034,0.9942345023155212,False
0.02,B0034,0.9942137002944946,False
0.05,B0034,0.9941905736923218,False
0.1,B0034,0.9942413568496704,False
0.2,B0034,0.9941185712814331,False
0.01,B0034,0.9936698079109192,False
0.02,B0034,0.9937026500701904,False
0.05,B0034,0.9936544895172119,False
0.1,B0034,0.9938015341758728,False
0.2,B0034,0.9933071136474609,False
0.01,B0034,0.9927017688751221,False
0.02,B0034,0.9926601648330688,False
0.05,B0034,0.9926482439041138,False
0.1,B0034,0.9927204847335815,False
0.2,B0034,0.9922356605529785,False
0.01,B0034,0.9946736097335815,False
0.02,B0034,0.9946897029876709,False
0.05,B0034,0.9902555346488953,False
0.1,B0034,0.99466872215271,False
0.2,B0034,0.9869227409362793,False
0.01,B0034,0.9949948787689209,False
0.02,B0034,0.994945764541626,False
0.05,B0034,0.9950016140937805,False
0.1,B0034,0.9950056076049805,False
0.2,B0034,0.9948439002037048,False
0.01,B0034,0.9948873519897461,False
0.02,B0034,0.9948862791061401,False
0.05,B0034,0.9948872327804565,False
0.1,B0034,0.9948956966400146,False
0.2,B0034,0.9948648810386658,False
0.01,B0034,0.9943235516548157,False
0.02,B0034,0.9943264722824097,False
0.05,B0034,0.9943334460258484,False
0.1,B0034,0.9943206310272217,False
0.2,B0034,0.9939931631088257,False
0.01,B0034,0.9941149950027466,False
0.02,B0034,0.9941172003746033,False
0.05,B0034,0.9934573173522949,False
0.1,B0034,0.9908884763717651,False
0.2,B0034,0.9873896837234497,False
0.01,B0034,0.9941593408584595,False
0.02,B0034,0.994144856929779,False
0.05,B0034,0.9941872954368591,False
0.1,B0034,0.9941046237945557,False
0.2,B0034,0.9919528961181641,False
0.01,B0034,0.9948062896728516,False
0.02,B0034,0.9948075413703918,False
0.05,B0034,0.9947875738143921,False
0.1,B0034,0.994793176651001,False
0.2,B0034,0.9946099519729614,False
0.01,B0034,0.9948615431785583,False
0.02,B0034,0.9948207139968872,False
0.05,B0034,0.9948641061782837,False
0.1,B0034,0.9916696548461914,False
0.2,B0034,0.9866352081298828,False
0.01,B0034,0.9948359727859497,False
0.02,B0034,0.9948400259017944,False
0.05,B0034,0.9948516488075256,False
0.1,B0034,0.9948439002037048,False
0.2,B0034,0.9946334362030029,False
0.01,B0034,0.9927719831466675,False
0.02,B0034,0.993267297744751,False
0.05,B0034,0.9932695627212524,False
0.1,B0034,0.9932264089584351,False
0.2,B0034,0.9931401014328003,False
0.01,B0034,0.9918855428695679,False
0.02,B0034,0.9918843507766724,False
0.05,B0034,0.9919294714927673,False
0.1,B0034,0.9918835163116455,False
0.2,B0034,0.9912197589874268,False
0.01,B0034,0.9938420653343201,False
0.02,B0034,0.9938250780105591,False
0.05,B0034,0.9938761591911316,False
0.1,B0034,0.9926685690879822,False
0.2,B0034,0.99037766456604,False
0.01,B0034,0.994780421257019,False
0.02,B0034,0.9947570562362671,False
0.05,B0034,0.9947690367698669,False
0.1,B0034,0.9947926998138428,False
0.2,B0034,0.9946064352989197,False
0.01,B0034,0.9948298931121826,False
0.02,B0034,0.9948712587356567,False
0.05,B0034,0.9948462247848511,False
0.1,B0034,0.9926592111587524,False
0.2,B0034,0.9949408173561096,False
0.01,B0034,0.9947600364685059,False
0.02,B0034,0.9947531223297119,False
0.05,B0034,0.994742751121521,False
0.1,B0034,0.9944868087768555,False
0.2,B0034,0.9870389103889465,False
0.01,B0034,0.9918487668037415,False
0.02,B0034,0.9918824434280396,False
0.05,B0034,0.9919108152389526,False
0.1,B0034,0.9918941259384155,False
0.2,B0034,0.9917316436767578,False
0.01,B0034,0.9900469779968262,False
0.02,B0034,0.9900923371315002,False
0.05,B0034,0.9900074005126953,False
0.1,B0034,0.9900864958763123,False
0.2,B0034,0.9901056885719299,False
0.01,B0034,0.9930664896965027,False
0.02,B0034,0.9930260181427002,False
0.05,B0034,0.9930789470672607,False
0.1,B0034,0.9929729700088501,False
0.2,B0034,0.9928041696548462,False
0.01,B0034,0.9947308897972107,False
0.02,B0034,0.9947425127029419,False
0.05,B0034,0.994753360748291,False
0.1,B0034,0.9947328567504883,False
0.2,B0034,0.9944278597831726,False
0.01,B0034,0.9952646493911743,False
0.02,B0034,0.9952619671821594,False
0.05,B0034,0.9952716827392578,False
0.1,B0034,0.9952423572540283,False
0.2,B0034,0.9950046539306641,False
0.01,B0034,0.9940485954284668,False
0.02,B0034,0.9940608739852905,False
0.05,B0034,0.9940577745437622,False
0.1,B0034,0.9939858913421631,False
0.2,B0034,0.9937249422073364,False
0.01,B0034,0.9826927781105042,False
0.02,B0034,0.9826620221138,False
0.05,B0034,0.9827774167060852,False
0.1,B0034,0.9826047420501709,False
0.2,B0034,0.9666276574134827,True
0.01,B0034,0.9932748079299927,False
0.02,B0034,0.9932951927185059,False
0.05,B0034,0.9933152794837952,False
0.1,B0034,0.9933279752731323,False
0.2,B0034,0.9930216073989868,False
0.01,B0034,0.9946157932281494,False
0.02,B0034,0.994604229927063,False
0.05,B0034,0.9946180582046509,False
0.1,B0034,0.9944852590560913,False
0.2,B0034,0.9944435358047485,False
0.01,B0034,0.9943916201591492,False
0.02,B0034,0.9943816065788269,False
0.05,B0034,0.9944097995758057,False
0.1,B0034,0.9943746328353882,False
0.2,B0034,0.9941677451133728,False
0.01,B0034,0.9948925375938416,False
0.02,B0034,0.9948925375938416,False
0.05,B0034,0.9948645234107971,False
0.1,B0034,0.9948886632919312,False
0.2,B0034,0.9772789478302002,True
0.01,B0034,0.9943393468856812,False
0.02,B0034,0.9943697452545166,False
0.05,B0034,0.9943958520889282,False
0.1,B0034,0.9944303035736084,False
0.2,B0034,0.9865413308143616,False
0.01,B0034,0.9951196908950806,False
0.02,B0034,0.9951332807540894,False
0.05,B0034,0.995139479637146,False
0.1,B0034,0.9938837289810181,False
0.2,B0034,0.9947857856750488,False
0.01,B0034,0.9949617385864258,False
0.02,B0034,0.9949280619621277,False
0.05,B0034,0.9949190616607666,False
0.1,B0034,0.9948654174804688,False
0.2,B0034,0.9948303699493408,False
0.01,B0034,0.995333194732666,False
0.02,B0034,0.995323896408081,False
0.05,B0034,0.9954596757888794,False
0.1,B0034,0.9954972267150879,False
0.2,B0034,0.9950833320617676,False
0.01,B0034,0.9941444396972656,False
0.02,B0034,0.9948540329933167,False
0.05,B0034,0.994867205619812,False
0.1,B0034,0.9948722720146179,False
0.2,B0034,0.99491286277771,False
0.01,B0034,0.9949029684066772,False
0.02,B0034,0.9948996901512146,False
0.05,B0034,0.9948766827583313,False
0.1,B0034,0.9948393106460571,False
0.2,B0034,0.9831994771957397,False
0.01,B0034,0.9946649670600891,False
0.02,B0034,0.9946450591087341,False
0.05,B0034,0.9943801760673523,False
0.1,B0034,0.9946299195289612,False
0.2,B0034,0.9945217370986938,False
0.01,B0034,0.9949564337730408,False
0.02,B0034,0.994949221611023,False
0.05,B0034,0.9949901103973389,False
0.1,B0034,0.9949671030044556,False
0.2,B0034,0.9946655035018921,False
0.01,B0034,0.9951143860816956,False
0.02,B0034,0.9936045408248901,False
0.05,B0034,0.9950739741325378,False
0.1,B0034,0.9951192736625671,False
0.2,B0034,0.9951567053794861,False
0.01,B0034,0.9946488738059998,False
0.02,B0034,0.9946296215057373,False
0.05,B0034,0.9946427345275879,False
0.1,B0034,0.9946460127830505,False
0.2,B0034,0.9945290088653564,False
0.01,B0034,0.9949711561203003,False
0.02,B0034,0.994951605796814,False
0.05,B0034,0.9949321746826172,False
0.1,B0034,0.9949207901954651,False
0.2,B0034,0.9948478937149048,False
0.01,B0034,0.9918458461761475,False
0.02,B0034,0.9918004870414734,False
0.05,B0034,0.9918711185455322,False
0.1,B0034,0.9918429851531982,False
0.2,B0034,0.9770022630691528,True
0.01,B0034,0.9888273477554321,False
0.02,B0034,0.988799512386322,False
0.05,B0034,0.9888029098510742,False
0.1,B0034,0.9888225793838501,False
0.2,B0034,0.988991916179657,False
0.01,B0034,0.9914736151695251,False
0.02,B0034,0.9914751052856445,False
0.05,B0034,0.9915091395378113,False
0.1,B0034,0.9914203882217407,False
0.2,B0034,0.9911282062530518,False
0.01,B0034,0.9938429594039917,False
0.02,B0034,0.9938526749610901,False
0.05,B0034,0.9938601851463318,False
0.1,B0034,0.9934541583061218,False
0.2,B0034,0.9935445785522461,False
0.01,B0034,0.9942469596862793,False
0.02,B0034,0.9942281246185303,False
0.05,B0034,0.9942359924316406,False
0.1,B0034,0.9941940307617188,False
0.2,B0034,0.9933525323867798,False
0.01,B0034,0.9940358996391296,False
0.02,B0034,0.9940731525421143,False
0.05,B0034,0.9939917922019958,False
0.1,B0034,0.9905093908309937,False
0.2,B0034,0.9939843416213989,False
0.01,B0034,0.9900938272476196,False
0.02,B0034,0.9900475740432739,False
0.05,B0034,0.990115225315094,False
0.1,B0034,0.9900949597358704,False
0.2,B0034,0.9900867342948914,False
0.01,B0034,0.993486762046814,False
0.02,B0034,0.9935101270675659,False
0.05,B0034,0.9935517311096191,False
0.1,B0034,0.993433952331543,False
0.2,B0034,0.9932764768600464,False
0.01,B0034,0.9940112829208374,False
0.02,B0034,0.9940200448036194,False
0.05,B0034,0.9940672516822815,False
0.1,B0034,0.9940584897994995,False
0.2,B0034,0.9939287304878235,False
0.01,B0034,0.9944859743118286,False
0.02,B0034,0.9944838285446167,False
0.05,B0034,0.9944748878479004,False
0.1,B0034,0.9944949150085449,False
0.2,B0034,0.9882309436798096,False
0.01,B0034,0.9951600432395935,False
0.02,B0034,0.9951769709587097,False
0.05,B0034,0.9951722025871277,False
0.1,B0034,0.9951063394546509,False
0.2,B0034,0.9744930267333984,True
0.01,B0034,0.9939459562301636,False
0.02,B0034,0.9939167499542236,False
0.05,B0034,0.992687463760376,False
0.1,B0034,0.9939407110214233,False
0.2,B0034,0.9937247633934021,False
0.01,B0034,0.9914576411247253,False
0.02,B0034,0.9914776086807251,False
0.05,B0034,0.9914019107818604,False
0.1,B0034,0.991310179233551,False
0.2,B0034,0.9908542633056641,False
0.01,B0034,0.9945124983787537,False
0.02,B0034,0.9944968819618225,False
0.05,B0034,0.9944766163825989,False
0.1,B0034,0.9944861531257629,False
0.2,B0034,0.978790283203125,True
0.01,B0034,0.9948190450668335,False
0.02,B0034,0.994826078414917,False
0.05,B0034,0.9948070049285889,False
0.1,B0034,0.9948714971542358,False
0.2,B0034,0.996929407119751,False
0.01,B0034,0.995093584060669,False
0.02,B0034,0.9951026439666748,False
0.05,B0034,0.9950785636901855,False
0.1,B0034,0.9951040744781494,False
0.2,B0034,0.9952254891395569,False
0.01,B0034,0.9946445226669312,False
0.02,B0034,0.9946025609970093,False
0.05,B0034,0.9945628643035889,False
0.1,B0034,0.9946630597114563,False
0.2,B0034,0.9943058490753174,False
0.01,B0034,0.993411123752594,False
0.02,B0034,0.9934387803077698,False
0.05,B0034,0.9934718608856201,False
0.1,B0034,0.9934518337249756,False
0.2,B0034,0.9936310648918152,False
0.01,B0034,0.9861737489700317,False
0.02,B0034,0.9861520528793335,False
0.05,B0034,0.9861445426940918,False
0.1,B0034,0.9860220551490784,False
0.2,B0034,0.9861297607421875,False
0.01,B0034,0.9918012619018555,False
0.02,B0034,0.9918426871299744,False
0.05,B0034,0.9917556047439575,False
0.1,B0034,0.9907398223876953,False
0.2,B0034,0.99120032787323,False
0.01,B0034,0.9937652349472046,False
0.02,B0034,0.9937687516212463,False
0.05,B0034,0.9886048436164856,False
0.1,B0034,0.9937782287597656,False
0.2,B0034,0.9933559894561768,False
0.01,B0034,0.9942610263824463,False
0.02,B0034,0.9942554831504822,False
0.05,B0034,0.9942864179611206,False
0.1,B0034,0.9941545724868774,False
0.2,B0034,0.9896680116653442,False
0.01,B0034,0.9942734241485596,False
0.02,B0034,0.9942589998245239,False
0.05,B0034,0.9942948222160339,False
0.1,B0034,0.9941577315330505,False
0.2,B0034,0.9939748048782349,False
0.01,B0034,0.9946087002754211,False
0.02,B0034,0.9946137070655823,False
0.05,B0034,0.9945805072784424,False
0.1,B0034,0.9946177005767822,False
0.2,B0034,0.9943615198135376,False
0.01,B0034,0.9943450689315796,False
0.02,B0034,0.9943366050720215,False
0.05,B0034,0.9943976998329163,False
0.1,B0034,0.9943733215332031,False
0.2,B0034,0.9939702153205872,False
0.01,B0034,0.9946911334991455,False
0.02,B0034,0.9946892261505127,False
0.05,B0034,0.994731068611145,False
0.1,B0034,0.9946879148483276,False
0.2,B0034,0.9944406747817993,False
0.01,B0034,0.9923364520072937,False
0.02,B0034,0.992345929145813,False
0.05,B0034,0.992382287979126,False
0.1,B0034,0.9923406839370728,False
0.2,B0034,0.9922913312911987,False
0.01,B0034,0.9907793402671814,False
0.02,B0034,0.99083411693573,False
0.05,B0034,0.9909058809280396,False
0.1,B0034,0.9908061623573303,False
0.2,B0034,0.9908217191696167,False
0.01,B0034,0.9937558174133301,False
0.02,B0034,0.9937694072723389,False
0.05,B0034,0.9936834573745728,False
0.1,B0034,0.9937440752983093,False
0.2,B0034,0.9935078620910645,False
0.01,B0034,0.9949710369110107,False
0.02,B0034,0.9949835538864136,False
0.05,B0034,0.9950215816497803,False
0.1,B0034,0.9836276769638062,False
0.2,B0034,0.9945075511932373,False
0.01,B0034,0.9950014352798462,False
0.02,B0034,0.9950352311134338,False
0.05,B0034,0.9950476288795471,False
0.1,B0034,0.995031476020813,False
0.2,B0034,0.9950953722000122,False
0.01,B0034,0.9931887984275818,False
0.02,B0034,0.9932010173797607,False
0.05,B0034,0.9931355714797974,False
0.1,B0034,0.9932054877281189,False
0.2,B0034,0.9933192729949951,False
0.01,B0034,0.9897449016571045,False
0.02,B0034,0.9896682500839233,False
0.05,B0034,0.989676296710968,False
0.1,B0034,0.9897292852401733,False
0.2,B0034,0.9892603158950806,False
0.01,B0034,0.993155837059021,False
0.02,B0034,0.993159294128418,False
0.05,B0034,0.9931268692016602,False
0.1,B0034,0.993120551109314,False
0.2,B0034,0.9931231141090393,False
0.01,B0034,0.9943701028823853,False
0.02,B0034,0.9943647384643555,False
0.05,B0034,0.9943497180938721,False
0.1,B0034,0.994324803352356,False
0.2,B0034,0.9890618324279785,False
0.01,B0034,0.9950836896896362,False
0.02,B0034,0.9950557947158813,False
0.05,B0034,0.9950953722000122,False
0.1,B0034,0.9950367212295532,False
0.2,B0034,0.995094358921051,False
0.01,B0034,0.994523823261261,False
0.02,B0034,0.9945388436317444,False
0.05,B0034,0.9946614503860474,False
0.1,B0034,0.9945594668388367,False
0.2,B0034,0.9916558861732483,False
0.01,B0034,0.9931742548942566,False
0.02,B0034,0.9931492805480957,False
0.05,B0034,0.9931046962738037,False
0.1,B0034,0.9942539930343628,False
0.2,B0034,0.9834024310112,False
0.01,B0034,0.9915536046028137,False
0.02,B0034,0.9914513826370239,False
0.05,B0034,0.991518497467041,False
0.1,B0034,0.9915266633033752,False
0.2,B0034,0.9912168383598328,False
0.01,B0034,0.9921795129776001,False
0.02,B0034,0.9921778440475464,False
0.05,B0034,0.9921820759773254,False
0.1,B0034,0.9921166896820068,False
0.2,B0034,0.9909899234771729,False
0.01,B0034,0.994236946105957,False
0.02,B0034,0.9942598342895508,False
0.05,B0034,0.9942654371261597,False
0.1,B0034,0.9942622780799866,False
0.2,B0034,0.9903478622436523,False
0.01,B0034,0.9945437908172607,False
0.02,B0034,0.9945340752601624,False
0.05,B0034,0.9945570826530457,False
0.1,B0034,0.9943249821662903,False
0.2,B0034,0.9800816774368286,True
0.01,B0034,0.9949667453765869,False
0.02,B0034,0.994954526424408,False
0.05,B0034,0.9949697256088257,False
0.1,B0034,0.9948256015777588,False
0.2,B0034,0.9949605464935303,False
0.01,B0034,0.991775393486023,False
0.02,B0034,0.9918354749679565,False
0.05,B0034,0.9918539524078369,False
0.1,B0034,0.9918199777603149,False
0.2,B0034,0.9762053489685059,True
0.01,B0034,0.9891382455825806,False
0.02,B0034,0.9909975528717041,False
0.05,B0034,0.991057276725769,False
0.1,B0034,0.9908836483955383,False
0.2,B0034,0.9910033941268921,False
0.01,B0034,0.9924986362457275,False
0.02,B0034,0.9924535751342773,False
0.05,B0034,0.9925092458724976,False
0.1,B0034,0.9924862384796143,False
0.2,B0034,0.9926365613937378,False
0.01,B0034,0.994005024433136,False
0.02,B0034,0.9940328598022461,False
0.05,B0034,0.9940618872642517,False
0.1,B0034,0.9938658475875854,False
0.2,B0034,0.9938332438468933,False
0.01,B0034,0.9911305904388428,False
0.02,B0034,0.9910863637924194,False
0.05,B0034,0.9911413192749023,False
0.1,B0034,0.99115389585495,False
0.2,B0034,0.9910885095596313,False
0.01,B0034,0.9946112632751465,False
0.02,B0034,0.9946457147598267,False
0.05,B0034,0.9946639537811279,False
0.1,B0034,0.9945671558380127,False
0.2,B0034,0.9964919090270996,False
0.01,B0034,0.9948207139968872,False
0.02,B0034,0.9947969317436218,False
0.05,B0034,0.9948408603668213,False
0.1,B0034,0.9948270320892334,False
0.2,B0034,0.9943154454231262,False
0.01,B0034,0.9946330189704895,False
0.02,B0034,0.9946563839912415,False
0.05,B0034,0.9946856498718262,False
0.1,B0034,0.9946227073669434,False
0.2,B0034,0.9945031404495239,False
0.01,B0034,0.9949303269386292,False
0.02,B0034,0.9949203729629517,False
0.05,B0034,0.9949021339416504,False
0.1,B0034,0.9949285984039307,False
0.2,B0034,0.9946866035461426,False
0.01,B0034,0.9949228763580322,False
0.02,B0034,0.9949147701263428,False
0.05,B0034,0.9948921203613281,False
0.1,B0034,0.9949368834495544,False
0.2,B0034,0.994640588760376,False
0.01,B0034,0.9952540397644043,False
0.02,B0034,0.9952419996261597,False
0.05,B0034,0.9952601194381714,False
0.1,B0034,0.9952508807182312,False
0.2,B0034,0.9950639009475708,False
0.01,B0034,0.9944292902946472,False
0.02,B0034,0.9944379329681396,False
0.05,B0034,0.9944548606872559,False
0.1,B0034,0.9945049285888672,False
0.2,B0034,0.9942774176597595,False
0.01,B0034,0.9947338104248047,False
0.02,B0034,0.9947575330734253,False
0.05,B0034,0.9947539567947388,False
0.1,B0034,0.994697093963623,False
0.2,B0034,0.9784090518951416,True
0.01,B0034,0.994513988494873,False
0.02,B0034,0.9945062398910522,False
0.05,B0034,0.9945477843284607,False
0.1,B0034,0.9943321943283081,False
0.2,B0034,0.9943463802337646,False
0.01,B0034,0.9947863817214966,False
0.02,B0034,0.9947786331176758,False
0.05,B0034,0.9947466850280762,False
0.1,B0034,0.9947814345359802,False
0.2,B0034,0.9949092268943787,False
0.01,B0034,0.994798481464386,False
0.02,B0034,0.9948145151138306,False
0.05,B0034,0.9948222637176514,False
0.1,B0034,0.9948052167892456,False
0.2,B0034,0.9891954064369202,False
0.01,B0034,0.9947296380996704,False
0.02,B0034,0.9947513341903687,False
0.05,B0034,0.9946712851524353,False
0.1,B0034,0.9947391748428345,False
0.2,B0034,0.9944550395011902,False
0.01,B0034,0.9952307939529419,False
0.02,B0034,0.9952285289764404,False
0.05,B0034,0.9952713251113892,False
0.1,B0034,0.9951409101486206,False
0.2,B0034,0.9951802492141724,False
0.01,B0034,0.9951362609863281,False
0.02,B0034,0.9951288104057312,False
0.05,B0034,0.9951634407043457,False
0.1,B0034,0.9950804710388184,False
0.2,B0034,0.994918704032898,False
0.01,B0034,0.9950624704360962,False
0.02,B0034,0.9942308664321899,False
0.05,B0034,0.9949786067008972,False
0.1,B0034,0.9950158596038818,False
0.2,B0034,0.9949498176574707,False
0.01,B0034,0.9873456954956055,False
0.02,B0034,0.9873977303504944,False
0.05,B0034,0.98734050989151,False
0.1,B0034,0.9873197078704834,False
0.2,B0034,0.986983597278595,False
0.01,B0034,0.9880226254463196,False
0.02,B0034,0.9880036115646362,False
0.05,B0034,0.9879511594772339,False
0.1,B0034,0.9880568981170654,False
0.2,B0034,0.987458348274231,False
0.01,B0034,0.991597056388855,False
0.02,B0034,0.9916108250617981,False
0.05,B0034,0.9917042851448059,False
0.1,B0034,0.9916455149650574,False
0.2,B0034,0.9924298524856567,False
0.01,B0034,0.9942659139633179,False
0.02,B0034,0.9942229986190796,False
0.05,B0034,0.9942400455474854,False
0.1,B0034,0.9942540526390076,False
0.2,B0034,0.9937946200370789,False
0.01,B0034,0.9939241409301758,False
0.02,B0034,0.993951141834259,False
0.05,B0034,0.9939708709716797,False
0.1,B0034,0.9948767423629761,False
0.2,B0034,0.9896959662437439,False
0.01,B0054,0.9778029918670654,True
0.02,B0054,0.9767310619354248,True
0.05,B0054,0.9777896404266357,True
0.1,B0054,0.9778091907501221,True
0.2,B0054,0.9779229760169983,True
0.01,B0054,0.9983541369438171,False
0.02,B0054,0.9983564615249634,False
0.05,B0054,0.9983546733856201,False
0.1,B0054,0.9983447790145874,False
0.2,B0054,0.9985113739967346,False
0.01,B0054,0.9989719986915588,False
0.02,B0054,0.9989719986915588,False
0.05,B0054,0.9989705085754395,False
0.1,B0054,0.9989558458328247,False
0.2,B0054,0.998162031173706,False
0.01,B0054,0.9849151372909546,False
0.02,B0054,0.9849036931991577,False
0.05,B0054,0.9848387837409973,False
0.1,B0054,0.9849391579627991,False
0.2,B0054,0.9853187203407288,False
0.01,B0054,0.9971752166748047,False
0.02,B0054,0.9971752166748047,False
0.05,B0054,0.9971681833267212,False
0.1,B0054,0.9971937537193298,False
0.2,B0054,0.9825595617294312,False
0.01,B0054,0.9846855401992798,False
0.02,B0054,0.984695315361023,False
0.05,B0054,0.9847006797790527,False
0.1,B0054,0.9847030639648438,False
0.2,B0054,0.9847862124443054,False
0.01,B0054,0.9964951872825623,False
0.02,B0054,0.9964929819107056,False
0.05,B0054,0.9965084791183472,False
0.1,B0054,0.996580958366394,False
0.2,B0054,0.9960773587226868,False
0.01,B0054,0.9855212569236755,False
0.02,B0054,0.9855319261550903,False
0.05,B0054,0.9855420589447021,False
0.1,B0054,0.9853512048721313,False
0.2,B0054,0.9852538704872131,False
0.01,B0054,0.9979275465011597,False
0.02,B0054,0.9979321956634521,False
0.05,B0054,0.9979364275932312,False
0.1,B0054,0.9978423714637756,False
0.2,B0054,0.997999906539917,False
0.01,B0054,0.9975873827934265,False
0.02,B0054,0.9975885152816772,False
0.05,B0054,0.997592568397522,False
0.1,B0054,0.9976112246513367,False
0.2,B0054,0.9981614947319031,False
0.01,B0054,0.9852331280708313,False
0.02,B0054,0.9852274656295776,False
0.05,B0054,0.9852376580238342,False
0.1,B0054,0.9852043390274048,False
0.2,B0054,0.9845103621482849,False
0.01,B0054,0.9966654777526855,False
0.02,B0054,0.9966651201248169,False
0.05,B0054,0.9966737627983093,False
0.1,B0054,0.9944906234741211,False
0.2,B0054,0.9963168501853943,False
0.01,B0054,0.9879136085510254,False
0.02,B0054,0.9877286553382874,False
0.05,B0054,0.9879352450370789,False
0.1,B0054,0.9879239797592163,False
0.2,B0054,0.9877041578292847,False
0.01,B0054,0.9964914321899414,False
0.02,B0054,0.9964878559112549,False
0.05,B0054,0.9965350031852722,False
0.1,B0054,0.9956811666488647,False
0.2,B0054,0.997080385684967,False
0.01,B0054,0.9961440563201904,False
0.02,B0054,0.9961418509483337,False
0.05,B0054,0.9962302446365356,False
0.1,B0054,0.9962078332901001,False
0.2,B0054,0.9962073564529419,False
0.01,B0054,0.9850444793701172,False
0.02,B0054,0.98503178358078,False
0.05,B0054,0.9850401878356934,False
0.1,B0054,0.98505699634552,False
0.2,B0054,0.9852991104125977,False
0.01,B0054,0.9855301976203918,False
0.02,B0054,0.9855432510375977,False
0.05,B0054,0.9855414628982544,False
0.1,B0054,0.985550045967102,False
0.2,B0054,0.98478102684021,False
0.01,B0054,0.9864829182624817,False
0.02,B0054,0.9864773750305176,False
0.05,B0054,0.9864417314529419,False
0.1,B0054,0.9856271743774414,False
0.2,B0054,0.9870175719261169,False
0.01,B0054,0.9885854125022888,False
0.02,B0054,0.9885695576667786,False
0.05,B0054,0.9885959029197693,False
0.1,B0054,0.9885318875312805,False
0.2,B0054,0.9886255860328674,False
0.01,B0054,0.9970023036003113,False
0.02,B0054,0.9970005750656128,False
0.05,B0054,0.9969695210456848,False
0.1,B0054,0.9969509840011597,False
0.2,B0054,0.9972189664840698,False
0.01,B0054,0.9846379160881042,False
0.02,B0054,0.9846711754798889,False
0.05,B0054,0.9847072958946228,False
0.1,B0054,0.984698474407196,False
0.2,B0054,0.9847030639648438,False
0.01,B0054,0.9861865639686584,False
0.02,B0054,0.9861823320388794,False
0.05,B0054,0.9861534833908081,False
0.1,B0054,0.9862179756164551,False
0.2,B0054,0.9851641654968262,False
0.01,B0054,0.9968016147613525,False
0.02,B0054,0.9968011379241943,False
0.05,B0054,0.9967972040176392,False
0.1,B0054,0.9967982172966003,False
0.2,B0054,0.9969252347946167,False
0.01,B0054,0.9862880706787109,False
0.02,B0054,0.9862874150276184,False
0.05,B0054,0.9862444400787354,False
0.1,B0054,0.9862738847732544,False
0.2,B0054,0.9859599471092224,False
0.01,B0054,0.9872137308120728,False
0.02,B0054,0.9871985912322998,False
0.05,B0054,0.9872256517410278,False
0.1,B0054,0.9872519969940186,False
0.2,B0054,0.9869898557662964,False
0.01,B0054,0.9846304059028625,False
0.02,B0054,0.9846353530883789,False
0.05,B0054,0.9846288561820984,False
0.1,B0054,0.9841488599777222,False
0.2,B0054,0.9889635443687439,False
0.01,B0054,0.9965376853942871,False
0.02,B0054,0.9965376853942871,False
0.05,B0054,0.995843768119812,False
0.1,B0054,0.9965174198150635,False
0.2,B0054,0.9961559176445007,False
0.01,B0054,0.9974246025085449,False
0.02,B0054,0.9974240064620972,False
0.05,B0054,0.997452974319458,False
0.1,B0054,0.9974700212478638,False
0.2,B0054,0.9977535605430603,False
0.01,B0054,0.9963148832321167,False
0.02,B0054,0.9963254928588867,False
0.05,B0054,0.996323823928833,False
0.1,B0054,0.9963528513908386,False
0.2,B0054,0.9884932637214661,False
0.01,B0054,0.9852629899978638,False
0.02,B0054,0.9853185415267944,False
0.05,B0054,0.985273540019989,False
0.1,B0054,0.9847080111503601,False
0.2,B0054,0.9845054149627686,False
0.01,B0054,0.997126579284668,False
0.02,B0054,0.9971283078193665,False
0.05,B0054,0.9971445202827454,False
0.1,B0054,0.9971575140953064,False
0.2,B0054,0.9972161054611206,False
0.01,B0054,0.9846614599227905,False
0.02,B0054,0.9846382141113281,False
0.05,B0054,0.9846013784408569,False
0.1,B0054,0.9846358299255371,False
0.2,B0054,0.9837020635604858,False
0.01,B0054,0.9864305257797241,False
0.02,B0054,0.9864094853401184,False
0.05,B0054,0.986465334892273,False
0.1,B0054,0.9864197969436646,False
0.2,B0054,0.9857583045959473,False
0.01,B0054,0.9966504573822021,False
0.02,B0054,0.9966404438018799,False
0.05,B0054,0.996685802936554,False
0.1,B0054,0.9966588616371155,False
0.2,B0054,0.9962772130966187,False
0.01,B0054,0.9861142635345459,False
0.02,B0054,0.9861092567443848,False
0.05,B0054,0.9861185550689697,False
0.1,B0054,0.9861053228378296,False
0.2,B0054,0.9899035692214966,False
0.01,B0054,0.9839200377464294,False
0.02,B0054,0.9839169979095459,False
0.05,B0054,0.9839193820953369,False
0.1,B0054,0.9839136600494385,False
0.2,B0054,0.9839316606521606,False
0.01,B0054,0.9870898127555847,False
0.02,B0054,0.9870984554290771,False
0.05,B0054,0.987102746963501,False
0.1,B0054,0.9868179559707642,False
0.2,B0054,0.9868480563163757,False
0.01,B0054,0.9974432587623596,False
0.02,B0054,0.9973729252815247,False
0.05,B0054,0.9971936941146851,False
0.1,B0054,0.997221827507019,False
0.2,B0054,0.9973273277282715,False
0.01,B0054,0.983847975730896,False
0.02,B0054,0.9838330745697021,False
0.05,B0054,0.9839006662368774,False
0.1,B0054,0.9838263988494873,False
0.2,B0054,0.983751118183136,False
0.01,B0054,0.9944074153900146,False
0.02,B0054,0.9943680763244629,False
0.05,B0054,0.994396984577179,False
0.1,B0054,0.9941810369491577,False
0.2,B0054,0.9942628145217896,False
0.01,B0054,0.9967206716537476,False
0.02,B0054,0.9967221617698669,False
0.05,B0054,0.9967270493507385,False
0.1,B0054,0.9928803443908691,False
0.2,B0054,0.9853670597076416,False
0.01,B0054,0.983623743057251,False
0.02,B0054,0.983668327331543,False
0.05,B0054,0.9833922386169434,False
0.1,B0054,0.9837283492088318,False
0.2,B0054,0.9841487407684326,False
0.01,B0054,0.9850949048995972,False
0.02,B0054,0.9851154685020447,False
0.05,B0054,0.9849919080734253,False
0.1,B0054,0.9851046204566956,False
0.2,B0054,0.9833532571792603,False
0.01,B0054,0.984740138053894,False
0.02,B0054,0.9847310781478882,False
0.05,B0054,0.9847610592842102,False
0.1,B0054,0.9847087860107422,False
0.2,B0054,0.9840518236160278,False
0.01,B0054,0.9970643520355225,False
0.02,B0054,0.9970604181289673,False
0.05,B0054,0.9970715641975403,False
0.1,B0054,0.9970971345901489,False
0.2,B0054,0.9973568916320801,False
0.01,B0054,0.9843959212303162,False
0.02,B0054,0.984389066696167,False
0.05,B0054,0.9835307002067566,False
0.1,B0054,0.9843870997428894,False
0.2,B0054,0.98836350440979,False
0.01,B0054,0.9838405251502991,False
0.02,B0054,0.9838218092918396,False
0.05,B0054,0.9838404655456543,False
0.1,B0054,0.9838594794273376,False
0.2,B0054,0.983478844165802,False
0.01,B0054,0.9837255477905273,False
0.02,B0054,0.9837247133255005,False
0.05,B0054,0.9836763143539429,False
0.1,B0054,0.9838996529579163,False
0.2,B0054,0.9831297993659973,False
0.01,B0054,0.9848178029060364,False
0.02,B0054,0.9847737550735474,False
0.05,B0054,0.984839916229248,False
0.1,B0054,0.9847717881202698,False
0.2,B0054,0.9847743511199951,False
0.01,B0054,0.9857487678527832,False
0.02,B0054,0.9857838153839111,False
0.05,B0054,0.9857959747314453,False
0.1,B0054,0.9857696890830994,False
0.2,B0054,0.9856764078140259,False
0.01,B0054,0.9850301146507263,False
0.02,B0054,0.9850355386734009,False
0.05,B0054,0.9849600791931152,False
0.1,B0054,0.9847065210342407,False
0.2,B0054,0.9857412576675415,False
0.01,B0054,0.9846577048301697,False
0.02,B0054,0.984695553779602,False
0.05,B0054,0.9847170114517212,False
0.1,B0054,0.9847235679626465,False
0.2,B0054,0.9847218990325928,False
0.01,B0054,0.9843577146530151,False
0.02,B0054,0.98434978723526,False
0.05,B0054,0.9843459129333496,False
0.1,B0054,0.9839613437652588,False
0.2,B0054,0.9921432137489319,False
0.01,B0054,0.9842972159385681,False
0.02,B0054,0.9843401908874512,False
0.05,B0054,0.984286904335022,False
0.1,B0054,0.9840361475944519,False
0.2,B0054,0.9840964078903198,False
0.01,B0054,0.9847255945205688,False
0.02,B0054,0.9847472906112671,False
0.05,B0054,0.9847682118415833,False
0.1,B0054,0.9848053455352783,False
0.2,B0054,0.9847579598426819,False
0.01,B0054,0.9967218637466431,False
0.02,B0054,0.9967181086540222,False
0.05,B0054,0.99671471118927,False
0.1,B0054,0.9967601299285889,False
0.2,B0054,0.9887007474899292,False
0.01,B0054,0.984338641166687,False
0.02,B0054,0.9843201041221619,False
0.05,B0054,0.984283447265625,False
0.1,B0054,0.9844362139701843,False
0.2,B0054,0.9834781885147095,False
0.01,B0054,0.9836859107017517,False
0.02,B0054,0.9837116003036499,False
0.05,B0054,0.9835699200630188,False
0.1,B0054,0.9837278127670288,False
0.2,B0054,0.9836958646774292,False
0.01,B0054,0.9840475916862488,False
0.02,B0054,0.98405522108078,False
0.05,B0054,0.983950138092041,False
0.1,B0054,0.983707070350647,False
0.2,B0054,0.9829213619232178,False
0.01,B0054,0.9835548400878906,False
0.02,B0054,0.9835547208786011,False
0.05,B0054,0.98356032371521,False
0.1,B0054,0.9835541248321533,False
0.2,B0054,0.9833988547325134,False
0.01,B0054,0.9963197708129883,False
0.02,B0054,0.9963163137435913,False
0.05,B0054,0.9963268041610718,False
0.1,B0054,0.9953089356422424,False
0.2,B0054,0.9963685274124146,False
0.01,B0054,0.9839057326316833,False
0.02,B0054,0.9839575290679932,False
0.05,B0054,0.983961284160614,False
0.1,B0054,0.9840707182884216,False
0.2,B0054,0.9834447503089905,False
0.01,B0054,0.9971300959587097,False
0.02,B0054,0.9971206784248352,False
0.05,B0054,0.9971238374710083,False
0.1,B0054,0.9971129894256592,False
0.2,B0054,0.9972219467163086,False
0.01,B0054,0.9837501049041748,False
0.02,B0054,0.9837628602981567,False
0.05,B0054,0.9837031364440918,False
0.1,B0054,0.9834524989128113,False
0.2,B0054,0.9828490614891052,False
0.01,B0054,0.9835593104362488,False
0.02,B0054,0.983561635017395,False
0.05,B0054,0.9835681915283203,False
0.1,B0054,0.9835515022277832,False
0.2,B0054,0.9841819405555725,False
0.01,B0054,0.9969602823257446,False
0.02,B0054,0.9969578981399536,False
0.05,B0054,0.9969577789306641,False
0.1,B0054,0.995928168296814,False
0.2,B0054,0.9948738217353821,False
0.01,B0054,0.9842178821563721,False
0.02,B0054,0.9842358231544495,False
0.05,B0054,0.9842340350151062,False
0.1,B0054,0.983993411064148,False
0.2,B0054,0.983858048915863,False
0.01,B0054,0.9825699329376221,False
0.02,B0054,0.9826029539108276,False
0.05,B0054,0.9824923276901245,False
0.1,B0054,0.9826382398605347,False
0.2,B0054,0.9813770055770874,False
0.01,B0054,0.9840192794799805,False
0.02,B0054,0.984029233455658,False
0.05,B0054,0.9840056300163269,False
0.1,B0054,0.9842193126678467,False
0.2,B0054,0.9891389608383179,False
0.01,B0054,0.9838377833366394,False
0.02,B0054,0.9838405847549438,False
0.05,B0054,0.9838639497756958,False
0.1,B0054,0.983880877494812,False
0.2,B0054,0.9829971790313721,False
0.01,B0054,0.996346116065979,False
0.02,B0054,0.9963441491127014,False
0.05,B0054,0.9957950711250305,False
0.1,B0054,0.9963787198066711,False
0.2,B0054,0.9962842464447021,False
0.01,B0054,0.9834960699081421,False
0.02,B0054,0.9834952354431152,False
0.05,B0054,0.9834574460983276,False
0.1,B0054,0.9836575984954834,False
0.2,B0054,0.9833077788352966,False
0.01,B0054,0.9849751591682434,False
0.02,B0054,0.9850114583969116,False
0.05,B0054,0.9859977960586548,False
0.1,B0054,0.984711766242981,False
0.2,B0054,0.9854692220687866,False
0.01,B0054,0.9823685884475708,False
0.02,B0054,0.9823312163352966,False
0.05,B0054,0.9823758602142334,False
0.1,B0054,0.9823282957077026,False
0.2,B0054,0.9822331666946411,False
0.01,B0054,0.9825940132141113,False
0.02,B0054,0.9825570583343506,False
0.05,B0054,0.9824925065040588,False
0.1,B0054,0.9821759462356567,False
0.2,B0054,0.982621431350708,False
0.01,B0054,0.9828294515609741,False
0.02,B0054,0.982878565788269,False
0.05,B0054,0.9835776686668396,False
0.1,B0054,0.982930064201355,False
0.2,B0054,0.9829075336456299,False
0.01,B0054,0.9889440536499023,False
0.02,B0054,0.9896544218063354,False
0.05,B0054,0.988868236541748,False
0.1,B0054,0.9847098588943481,False
0.2,B0054,0.9915322065353394,False
0.01,B0054,0.9824920296669006,False
0.02,B0054,0.9825241565704346,False
0.05,B0054,0.9825039505958557,False
0.1,B0054,0.9825006723403931,False
0.2,B0054,0.9882778525352478,False
0.01,B0054,0.9947437047958374,False
0.02,B0054,0.99474036693573,False
0.05,B0054,0.993843674659729,False
0.1,B0054,0.9946969747543335,False
0.2,B0054,0.9947336316108704,False
0.01,B0054,0.9830092191696167,False
0.02,B0054,0.9829589128494263,False
0.05,B0054,0.9830143451690674,False
0.1,B0054,0.9830530285835266,False
0.2,B0054,0.9813866019248962,False
0.01,B0054,0.9843376874923706,False
0.02,B0054,0.984279990196228,False
0.05,B0054,0.9843255877494812,False
0.1,B0054,0.9851008653640747,False
0.2,B0054,0.9842697978019714,False
0.01,B0054,0.9826433062553406,False
0.02,B0054,0.9826402068138123,False
0.05,B0054,0.9825090169906616,False
0.1,B0054,0.9825424551963806,False
0.2,B0054,0.9829636812210083,False
0.01,B0054,0.9822543263435364,False
0.02,B0054,0.9821970462799072,False
0.05,B0054,0.9822140336036682,False
0.1,B0054,0.9881976842880249,False
0.2,B0054,0.9812417030334473,False
0.01,B0054,0.9822834730148315,False
0.02,B0054,0.9822885990142822,False
0.05,B0054,0.9823044538497925,False
0.1,B0054,0.9822993278503418,False
0.2,B0054,0.9817931652069092,False
0.01,B0054,0.9820523262023926,False
0.02,B0054,0.9823834896087646,False
0.05,B0054,0.9820653200149536,False
0.1,B0054,0.9821102619171143,False
0.2,B0054,0.9885281324386597,False
0.01,B0054,0.9826050996780396,False
0.02,B0054,0.9826145768165588,False
0.05,B0054,0.9826198816299438,False
0.1,B0054,0.9826254844665527,False
0.2,B0054,0.9810236692428589,False
0.01,B0054,0.9944974184036255,False
0.02,B0054,0.9944474697113037,False
0.05,B0054,0.994324803352356,False
0.1,B0054,0.9943057298660278,False
0.2,B0054,0.9918062686920166,False
0.01,B0054,0.9830703139305115,False
0.02,B0054,0.9831118583679199,False
0.05,B0054,0.9830917119979858,False
0.1,B0054,0.9831029772758484,False
0.2,B0054,0.981768786907196,False
0.01,B0054,0.9815178513526917,False
0.02,B0054,0.9814868569374084,False
0.05,B0054,0.9815376400947571,False
0.1,B0054,0.9815148711204529,False
0.2,B0054,0.9820098280906677,False
0.01,B0054,0.9839181900024414,False
0.02,B0054,0.9832098484039307,False
0.05,B0054,0.9831640124320984,False
0.1,B0054,0.983174204826355,False
0.2,B0054,0.9827393293380737,False
0.01,B0054,0.9835556745529175,False
0.02,B0054,0.9835566282272339,False
0.05,B0054,0.9835994243621826,False
0.1,B0054,0.985467255115509,False
0.2,B0054,0.9823017716407776,False
0.01,B0054,0.9830449819564819,False
0.02,B0054,0.9830032587051392,False
0.05,B0054,0.9830563068389893,False
0.1,B0054,0.9856284260749817,False
0.2,B0054,0.9828658103942871,False
0.01,B0054,0.9829915761947632,False
0.02,B0054,0.9830272197723389,False
0.05,B0054,0.9828816652297974,False
0.1,B0054,0.9833348393440247,False
0.2,B0054,0.9841218590736389,False
0.01,B0054,0.9853181838989258,False
0.02,B0054,0.9850465059280396,False
0.05,B0054,0.9853748083114624,False
0.1,B0054,0.9850250482559204,False
0.2,B0054,0.9850713014602661,False
0.01,B0054,0.982341468334198,False
0.02,B0054,0.9823499917984009,False
0.05,B0054,0.9823512434959412,False
0.1,B0054,0.981606125831604,False
0.2,B0054,0.980498194694519,True
0.01,B0054,0.994499146938324,False
0.02,B0054,0.994480311870575,False
0.05,B0054,0.994130551815033,False
0.1,B0054,0.9945151209831238,False
0.2,B0054,0.994126558303833,False
0.01,B0054,0.9819165468215942,False
0.02,B0054,0.9819082617759705,False
0.05,B0054,0.9819447994232178,False
0.1,B0054,0.9819563031196594,False
0.2,B0054,0.9822058081626892,False
0.01,B0054,0.9847221970558167,False
0.02,B0054,0.9846803545951843,False
0.05,B0054,0.9839975237846375,False
0.1,B0054,0.984854519367218,False
0.2,B0054,0.9828823804855347,False
0.01,B0054,0.9819451570510864,False
0.02,B0054,0.9813618659973145,False
0.05,B0054,0.9814211130142212,False
0.1,B0054,0.9814612865447998,False
0.2,B0054,0.9831357598304749,False
0.01,B0054,0.981959342956543,False
0.02,B0054,0.9819997549057007,False
0.05,B0054,0.9819564819335938,False
0.1,B0054,0.9820223450660706,False
0.2,B0054,0.9803482890129089,True
0.01,B0054,0.9836695194244385,False
0.02,B0054,0.9827739000320435,False
0.05,B0054,0.9827725887298584,False
0.1,B0054,0.9825885891914368,False
0.2,B0054,0.9827383756637573,False
0.01,B0054,0.9809102416038513,False
0.02,B0054,0.9808818101882935,False
0.05,B0054,0.9809097647666931,False
0.1,B0054,0.980924665927887,False
0.2,B0054,0.9880625009536743,False
0.01,B0055,0.9712433815002441,True
0.02,B0055,0.971233069896698,True
0.05,B0055,0.9711711406707764,True
0.1,B0055,0.9712386131286621,True
0.2,B0055,0.9713460206985474,True
0.01,B0055,0.9974517822265625,False
0.02,B0055,0.9974542856216431,False
0.05,B0055,0.9974563717842102,False
0.1,B0055,0.9974571466445923,False
0.2,B0055,0.9972878694534302,False
0.01,B0055,0.9980791807174683,False
0.02,B0055,0.9980778098106384,False
0.05,B0055,0.9980998039245605,False
0.1,B0055,0.9980450868606567,False
0.2,B0055,0.9981629252433777,False
0.01,B0055,0.9972697496414185,False
0.02,B0055,0.9972639083862305,False
0.05,B0055,0.9972444772720337,False
0.1,B0055,0.9972869753837585,False
0.2,B0055,0.9970518350601196,False
0.01,B0055,0.9984613060951233,False
0.02,B0055,0.9984700679779053,False
0.05,B0055,0.9984067678451538,False
0.1,B0055,0.9984315037727356,False
0.2,B0055,0.9983566999435425,False
0.01,B0055,0.9975610971450806,False
0.02,B0055,0.9975591897964478,False
0.05,B0055,0.9975634217262268,False
0.1,B0055,0.9975681304931641,False
0.2,B0055,0.9977067112922668,False
0.01,B0055,0.9942082166671753,False
0.02,B0055,0.9941944479942322,False
0.05,B0055,0.9942116141319275,False
0.1,B0055,0.994203507900238,False
0.2,B0055,0.9942749738693237,False
0.01,B0055,0.9928929209709167,False
0.02,B0055,0.9928966760635376,False
0.05,B0055,0.9929031729698181,False
0.1,B0055,0.9895975589752197,False
0.2,B0055,0.9880075454711914,False
0.01,B0055,0.9978416562080383,False
0.02,B0055,0.997841477394104,False
0.05,B0055,0.9978498220443726,False
0.1,B0055,0.9978536367416382,False
0.2,B0055,0.997736930847168,False
0.01,B0055,0.9978059530258179,False
0.02,B0055,0.9978101849555969,False
0.05,B0055,0.9978041648864746,False
0.1,B0055,0.9978832006454468,False
0.2,B0055,0.9877832531929016,False
0.01,B0055,0.9931241869926453,False
0.02,B0055,0.993118405342102,False
0.05,B0055,0.9931253790855408,False
0.1,B0055,0.993202269077301,False
0.2,B0055,0.9932019710540771,False
0.01,B0055,0.9975752830505371,False
0.02,B0055,0.9975840449333191,False
0.05,B0055,0.9962444305419922,False
0.1,B0055,0.9934925436973572,False
0.2,B0055,0.9875271320343018,False
0.01,B0055,0.9975818395614624,False
0.02,B0055,0.9975829124450684,False
0.05,B0055,0.9976109862327576,False
0.1,B0055,0.9975864887237549,False
0.2,B0055,0.998008668422699,False
0.01,B0055,0.9973006248474121,False
0.02,B0055,0.9972916841506958,False
0.05,B0055,0.9973118305206299,False
0.1,B0055,0.9968463182449341,False
0.2,B0055,0.997565746307373,False
0.01,B0055,0.9971889853477478,False
0.02,B0055,0.9971887469291687,False
0.05,B0055,0.9971868395805359,False
0.1,B0055,0.9972094297409058,False
0.2,B0055,0.9972665309906006,False
0.01,B0055,0.9971565008163452,False
0.02,B0055,0.9971550703048706,False
0.05,B0055,0.9971802830696106,False
0.1,B0055,0.9971594214439392,False
0.2,B0055,0.9855434894561768,False
0.01,B0055,0.9968709349632263,False
0.02,B0055,0.9968754053115845,False
0.05,B0055,0.9968804121017456,False
0.1,B0055,0.9968480467796326,False
0.2,B0055,0.9967981576919556,False
0.01,B0055,0.9967490434646606,False
0.02,B0055,0.9967572093009949,False
0.05,B0055,0.9967532157897949,False
0.1,B0055,0.9968464970588684,False
0.2,B0055,0.9966577291488647,False
0.01,B0055,0.9971116781234741,False
0.02,B0055,0.997109591960907,False
0.05,B0055,0.9970643520355225,False
0.1,B0055,0.9971205592155457,False
0.2,B0055,0.9974093437194824,False
0.01,B0055,0.9971779584884644,False
0.02,B0055,0.9971686601638794,False
0.05,B0055,0.9971801042556763,False
0.1,B0055,0.9973195195198059,False
0.2,B0055,0.9975686073303223,False
0.01,B0055,0.9969743490219116,False
0.02,B0055,0.9969711303710938,False
0.05,B0055,0.9969735145568848,False
0.1,B0055,0.9963474273681641,False
0.2,B0055,0.9894864559173584,False
0.01,B0055,0.9967836141586304,False
0.02,B0055,0.9967809915542603,False
0.05,B0055,0.996817946434021,False
0.1,B0055,0.9968224763870239,False
0.2,B0055,0.9970493912696838,False
0.01,B0055,0.9964224100112915,False
0.02,B0055,0.9964092969894409,False
0.05,B0055,0.9964075684547424,False
0.1,B0055,0.9964054822921753,False
0.2,B0055,0.9966046214103699,False
0.01,B0055,0.9964768290519714,False
0.02,B0055,0.9964743256568909,False
0.05,B0055,0.996483564376831,False
0.1,B0055,0.996573805809021,False
0.2,B0055,0.9959203004837036,False
0.01,B0055,0.9957810640335083,False
0.02,B0055,0.9957805871963501,False
0.05,B0055,0.9957265853881836,False
0.1,B0055,0.995804488658905,False
0.2,B0055,0.9953000545501709,False
0.01,B0055,0.996229350566864,False
0.02,B0055,0.9962223172187805,False
0.05,B0055,0.9953888058662415,False
0.1,B0055,0.9962403178215027,False
0.2,B0055,0.9929231405258179,False
0.01,B0055,0.9961642026901245,False
0.02,B0055,0.9961792230606079,False
0.05,B0055,0.9961786270141602,False
0.1,B0055,0.9961912631988525,False
0.2,B0055,0.996151864528656,False
0.01,B0055,0.996366024017334,False
0.02,B0055,0.9963793158531189,False
0.05,B0055,0.9964221119880676,False
0.1,B0055,0.9964054822921753,False
0.2,B0055,0.9885425567626953,False
0.01,B0055,0.996338963508606,False
0.02,B0055,0.996336042881012,False
0.05,B0055,0.9963409900665283,False
0.1,B0055,0.9964733719825745,False
0.2,B0055,0.995954155921936,False
0.01,B0055,0.9958032369613647,False
0.02,B0055,0.9957977533340454,False
0.05,B0055,0.9958417415618896,False
0.1,B0055,0.9958093166351318,False
0.2,B0055,0.9961858987808228,False
0.01,B0055,0.996107816696167,False
0.02,B0055,0.9961121082305908,False
0.05,B0055,0.9961134195327759,False
0.1,B0055,0.9941425919532776,False
0.2,B0055,0.9961819052696228,False
0.01,B0055,0.9961578249931335,False
0.02,B0055,0.9961665272712708,False
0.05,B0055,0.9961823225021362,False
0.1,B0055,0.9961726665496826,False
0.2,B0055,0.9960629940032959,False
0.01,B0055,0.9952040910720825,False
0.02,B0055,0.99521404504776,False
0.05,B0055,0.995216965675354,False
0.1,B0055,0.993772029876709,False
0.2,B0055,0.9952511787414551,False
0.01,B0055,0.9956233501434326,False
0.02,B0055,0.9956263303756714,False
0.05,B0055,0.9956388473510742,False
0.1,B0055,0.99562668800354,False
0.2,B0055,0.9924794435501099,False
0.01,B0055,0.9958304166793823,False
0.02,B0055,0.9958406686782837,False
0.05,B0055,0.9958233833312988,False
0.1,B0055,0.9958232641220093,False
0.2,B0055,0.9960215091705322,False
0.01,B0055,0.9959012866020203,False
0.02,B0055,0.9958988428115845,False
0.05,B0055,0.9959163665771484,False
0.1,B0055,0.9959105253219604,False
0.2,B0055,0.9955721497535706,False
0.01,B0055,0.9955533146858215,False
0.02,B0055,0.9955562949180603,False
0.05,B0055,0.9955645799636841,False
0.1,B0055,0.995530366897583,False
0.2,B0055,0.9951598644256592,False
0.01,B0055,0.996012806892395,False
0.02,B0055,0.9960112571716309,False
0.05,B0055,0.9959954023361206,False
0.1,B0055,0.9958221912384033,False
0.2,B0055,0.9960348010063171,False
0.01,B0055,0.9958698153495789,False
0.02,B0055,0.9958769679069519,False
0.05,B0055,0.9958997368812561,False
0.1,B0055,0.9975432753562927,False
0.2,B0055,0.9953926801681519,False
0.01,B0055,0.9961419105529785,False
0.02,B0055,0.9961494207382202,False
0.05,B0055,0.9960997104644775,False
0.1,B0055,0.9961270093917847,False
0.2,B0055,0.9919936656951904,False
0.01,B0055,0.9954299926757812,False
0.02,B0055,0.9954267740249634,False
0.05,B0055,0.9954298734664917,False
0.1,B0055,0.995387852191925,False
0.2,B0055,0.9952654838562012,False
0.01,B0055,0.9955668449401855,False
0.02,B0055,0.9955697059631348,False
0.05,B0055,0.9955796599388123,False
0.1,B0055,0.9957057237625122,False
0.2,B0055,0.9926077127456665,False
0.01,B0055,0.9958723783493042,False
0.02,B0055,0.9958784580230713,False
0.05,B0055,0.9957600831985474,False
0.1,B0055,0.9958949089050293,False
0.2,B0055,0.9927664995193481,False
0.01,B0055,0.9941572546958923,False
0.02,B0055,0.9941485524177551,False
0.05,B0055,0.9941271543502808,False
0.1,B0055,0.9940283894538879,False
0.2,B0055,0.9937653541564941,False
0.01,B0055,0.9954735636711121,False
0.02,B0055,0.9954678416252136,False
0.05,B0055,0.9955273866653442,False
0.1,B0055,0.9955214262008667,False
0.2,B0055,0.991218090057373,False
0.01,B0055,0.9952367544174194,False
0.02,B0055,0.9952411651611328,False
0.05,B0055,0.9952211380004883,False
0.1,B0055,0.9948592185974121,False
0.2,B0055,0.995394766330719,False
0.01,B0055,0.9946871995925903,False
0.02,B0055,0.9943822622299194,False
0.05,B0055,0.9947062730789185,False
0.1,B0055,0.9947373867034912,False
0.2,B0055,0.9945975542068481,False
0.01,B0055,0.9895427823066711,False
0.02,B0055,0.9895665049552917,False
0.05,B0055,0.9895716905593872,False
0.1,B0055,0.9896041750907898,False
0.2,B0055,0.9887512922286987,False
0.01,B0055,0.9934403300285339,False
0.02,B0055,0.9934467077255249,False
0.05,B0055,0.9934682846069336,False
0.1,B0055,0.9936509728431702,False
0.2,B0055,0.9932286739349365,False
0.01,B0055,0.994032084941864,False
0.02,B0055,0.9940358400344849,False
0.05,B0055,0.9941062927246094,False
0.1,B0055,0.994114100933075,False
0.2,B0055,0.9944304823875427,False
0.01,B0055,0.993587076663971,False
0.02,B0055,0.9935982823371887,False
0.05,B0055,0.9935888051986694,False
0.1,B0055,0.9946969151496887,False
0.2,B0055,0.9938694834709167,False
0.01,B0055,0.9940469861030579,False
0.02,B0055,0.9940319061279297,False
0.05,B0055,0.994060754776001,False
0.1,B0055,0.9938032627105713,False
0.2,B0055,0.9892669320106506,False
0.01,B0055,0.9942626953125,False
0.02,B0055,0.9942584037780762,False
0.05,B0055,0.9936921000480652,False
0.1,B0055,0.9942997694015503,False
0.2,B0055,0.9928666353225708,False
0.01,B0055,0.9951924085617065,False
0.02,B0055,0.9952085018157959,False
0.05,B0055,0.9952205419540405,False
0.1,B0055,0.9950315356254578,False
0.2,B0055,0.9932039380073547,False
0.01,B0055,0.9951706528663635,False
0.02,B0055,0.9951879382133484,False
0.05,B0055,0.9951732754707336,False
0.1,B0055,0.9954286217689514,False
0.2,B0055,0.9908736944198608,False
0.01,B0055,0.99522864818573,False
0.02,B0055,0.9952324032783508,False
0.05,B0055,0.9952564239501953,False
0.1,B0055,0.9949874877929688,False
0.2,B0055,0.995201587677002,False
0.01,B0055,0.9946830868721008,False
0.02,B0055,0.9946825504302979,False
0.05,B0055,0.9947242736816406,False
0.1,B0055,0.9947474598884583,False
0.2,B0055,0.9946319460868835,False
0.01,B0055,0.9952974319458008,False
0.02,B0055,0.995296835899353,False
0.05,B0055,0.9953092336654663,False
0.1,B0055,0.997002363204956,False
0.2,B0055,0.9948458075523376,False
0.01,B0055,0.9934685826301575,False
0.02,B0055,0.9934477806091309,False
0.05,B0055,0.9934832453727722,False
0.1,B0055,0.9934413433074951,False
0.2,B0055,0.9930745959281921,False
0.01,B0055,0.9952847361564636,False
0.02,B0055,0.9952691793441772,False
0.05,B0055,0.9952806234359741,False
0.1,B0055,0.9953486919403076,False
0.2,B0055,0.9881536364555359,False
0.01,B0055,0.995223343372345,False
0.02,B0055,0.9952200651168823,False
0.05,B0055,0.9952536821365356,False
0.1,B0055,0.9953080415725708,False
0.2,B0055,0.9952463507652283,False
0.01,B0055,0.994043231010437,False
0.02,B0055,0.9940457344055176,False
0.05,B0055,0.994047999382019,False
0.1,B0055,0.9941883087158203,False
0.2,B0055,0.9936162829399109,False
0.01,B0055,0.9949641823768616,False
0.02,B0055,0.9949473142623901,False
0.05,B0055,0.9949213862419128,False
0.1,B0055,0.9949875473976135,False
0.2,B0055,0.9946631193161011,False
0.01,B0055,0.9932553172111511,False
0.02,B0055,0.9932686686515808,False
0.05,B0055,0.993276834487915,False
0.1,B0055,0.993280827999115,False
0.2,B0055,0.9936308860778809,False
0.01,B0055,0.9953992366790771,False
0.02,B0055,0.9953873753547668,False
0.05,B0055,0.9954029321670532,False
0.1,B0055,0.994115948677063,False
0.2,B0055,0.9953098297119141,False
0.01,B0055,0.9947159290313721,False
0.02,B0055,0.9947227239608765,False
0.05,B0055,0.9947022199630737,False
0.1,B0055,0.9947684407234192,False
0.2,B0055,0.9946744441986084,False
0.01,B0055,0.9933871030807495,False
0.02,B0055,0.9933956861495972,False
0.05,B0055,0.9933847188949585,False
0.1,B0055,0.993427574634552,False
0.2,B0055,0.9924065470695496,False
0.01,B0055,0.9944381713867188,False
0.02,B0055,0.9944526553153992,False
0.05,B0055,0.9944757223129272,False
0.1,B0055,0.9944595098495483,False
0.2,B0055,0.9936715364456177,False
0.01,B0055,0.9948116540908813,False
0.02,B0055,0.9948177933692932,False
0.05,B0055,0.994840681552887,False
0.1,B0055,0.994863748550415,False
0.2,B0055,0.9956051111221313,False
0.01,B0055,0.9925899505615234,False
0.02,B0055,0.9925980567932129,False
0.05,B0055,0.9934163093566895,False
0.1,B0055,0.9925215244293213,False
0.2,B0055,0.9921923875808716,False
0.01,B0055,0.9945839643478394,False
0.02,B0055,0.9945888519287109,False
0.05,B0055,0.9946490526199341,False
0.1,B0055,0.9937370419502258,False
0.2,B0055,0.994529128074646,False
0.01,B0055,0.9940599203109741,False
0.02,B0055,0.9940637350082397,False
0.05,B0055,0.9940739274024963,False
0.1,B0055,0.99434494972229,False
0.2,B0055,0.9938182830810547,False
0.01,B0055,0.9942242503166199,False
0.02,B0055,0.9942246675491333,False
0.05,B0055,0.9942348599433899,False
0.1,B0055,0.994369626045227,False
0.2,B0055,0.9943553805351257,False
0.01,B0055,0.9944319725036621,False
0.02,B0055,0.9944010972976685,False
0.05,B0055,0.9943768382072449,False
0.1,B0055,0.9944088459014893,False
0.2,B0055,0.9948274493217468,False
0.01,B0055,0.9931190013885498,False
0.02,B0055,0.9931319355964661,False
0.05,B0055,0.9931520819664001,False
0.1,B0055,0.9931592345237732,False
0.2,B0055,0.9932131767272949,False
0.01,B0055,0.9948315024375916,False
0.02,B0055,0.9948338866233826,False
0.05,B0055,0.9949072003364563,False
0.1,B0055,0.9948135614395142,False
0.2,B0055,0.9934159517288208,False
0.01,B0055,0.9947174787521362,False
0.02,B0055,0.9947274327278137,False
0.05,B0055,0.994742751121521,False
0.1,B0055,0.9947380423545837,False
0.2,B0055,0.9889251589775085,False
0.01,B0055,0.9946600794792175,False
0.02,B0055,0.9941898584365845,False
0.05,B0055,0.9942211508750916,False
0.1,B0055,0.9942306280136108,False
0.2,B0055,0.9941613078117371,False
0.01,B0055,0.9948110580444336,False
0.02,B0055,0.9948389530181885,False
0.05,B0055,0.9948524236679077,False
0.1,B0055,0.9948220252990723,False
0.2,B0055,0.9949946403503418,False
0.01,B0055,0.9947077035903931,False
0.02,B0055,0.994715690612793,False
0.05,B0055,0.99472975730896,False
0.1,B0055,0.994739294052124,False
0.2,B0055,0.9954655766487122,False
0.01,B0055,0.9938358664512634,False
0.02,B0055,0.9938557744026184,False
0.05,B0055,0.9938745498657227,False
0.1,B0055,0.9941270351409912,False
0.2,B0055,0.9937835335731506,False
0.01,B0055,0.9916792511940002,False
0.02,B0055,0.9917120337486267,False
0.05,B0055,0.9916864037513733,False
0.1,B0055,0.9917076826095581,False
0.2,B0055,0.9921993613243103,False
0.01,B0055,0.9926887154579163,False
0.02,B0055,0.9927144050598145,False
0.05,B0055,0.9927469491958618,False
0.1,B0055,0.9927492141723633,False
0.2,B0055,0.99333655834198,False
0.01,B0055,0.9943856000900269,False
0.02,B0055,0.9943807125091553,False
0.05,B0055,0.9944128394126892,False
0.1,B0055,0.9944056868553162,False
0.2,B0055,0.9936936497688293,False
0.01,B0055,0.9922837018966675,False
0.02,B0055,0.9922842383384705,False
0.05,B0055,0.9922587871551514,False
0.1,B0055,0.9920271039009094,False
0.2,B0055,0.9920405745506287,False
0.01,B0055,0.9945619702339172,False
0.02,B0055,0.9945619702339172,False
0.05,B0055,0.9945664405822754,False
0.1,B0055,0.9945412278175354,False
0.2,B0055,0.993930995464325,False
0.01,B0055,0.9946619868278503,False
0.02,B0055,0.9946715235710144,False
0.05,B0055,0.994251012802124,False
0.1,B0055,0.9946560859680176,False
0.2,B0055,0.9910364151000977,False
0.01,B0055,0.9914154410362244,False
0.02,B0055,0.9914084076881409,False
0.05,B0055,0.9914259314537048,False
0.1,B0055,0.9914560317993164,False
0.2,B0055,0.9914883375167847,False
0.01,B0055,0.9937713146209717,False
0.02,B0055,0.9937822222709656,False
0.05,B0055,0.9937947392463684,False
0.1,B0055,0.9937688708305359,False
0.2,B0055,0.9926199913024902,False
0.01,B0055,0.9874048829078674,False
0.02,B0055,0.9873583316802979,False
0.05,B0055,0.9873760938644409,False
0.1,B0055,0.9876543283462524,False
0.2,B0055,0.987202525138855,False
0.01,B0055,0.9901358485221863,False
0.02,B0055,0.9901431202888489,False
0.05,B0055,0.9901583194732666,False
0.1,B0055,0.9901770353317261,False
0.2,B0055,0.9899168610572815,False
0.01,B0055,0.9935534596443176,False
0.02,B0055,0.9935692548751831,False
0.05,B0055,0.9935746788978577,False
0.1,B0055,0.9924948215484619,False
0.2,B0055,0.9936630725860596,False
0.01,B0055,0.9913488030433655,False
0.02,B0055,0.9913640022277832,False
0.05,B0055,0.9913839101791382,False
0.1,B0055,0.991553783416748,False
0.2,B0055,0.9901828765869141,False
0.01,B0055,0.9941380023956299,False
0.02,B0055,0.9938000440597534,False
0.05,B0055,0.993809700012207,False
0.1,B0055,0.9937873482704163,False
0.2,B0055,0.9939413070678711,False
0.01,B0055,0.9938065409660339,False
0.02,B0055,0.9938055872917175,False
0.05,B0055,0.9938089847564697,False
0.1,B0055,0.9941825866699219,False
0.2,B0055,0.990015983581543,False
0.01,B0055,0.9939457774162292,False
0.02,B0055,0.9939435124397278,False
0.05,B0055,0.9939458966255188,False
0.1,B0055,0.9939650893211365,False
0.2,B0055,0.9941567778587341,False
0.01,B0055,0.9921839237213135,False
0.02,B0055,0.9921871423721313,False
0.05,B0055,0.9922109842300415,False
0.1,B0055,0.9921876192092896,False
0.2,B0055,0.9921596646308899,False
0.01,B0055,0.9936436414718628,False
0.02,B0055,0.9936519861221313,False
0.05,B0055,0.9936734437942505,False
0.1,B0055,0.9937493801116943,False
0.2,B0055,0.9929320812225342,False
0.01,B0055,0.9936344027519226,False
0.02,B0055,0.9936339855194092,False
0.05,B0055,0.9936156272888184,False
0.1,B0055,0.9936201572418213,False
0.2,B0055,0.9936190843582153,False
0.01,B0055,0.9918760657310486,False
0.02,B0055,0.9918447732925415,False
0.05,B0055,0.9918857216835022,False
0.1,B0055,0.991950511932373,False
0.2,B0055,0.992095947265625,False
0.01,B0055,0.9928282499313354,False
0.02,B0055,0.9928455352783203,False
0.05,B0055,0.9927363395690918,False
0.1,B0055,0.9939453601837158,False
0.2,B0055,0.9926245212554932,False
0.01,B0055,0.9932913780212402,False
0.02,B0055,0.99326491355896,False
0.05,B0055,0.9932891726493835,False
0.1,B0055,0.9929665327072144,False
0.2,B0055,0.9932117462158203,False
