severity,source_cell_id,similarity_score,detected
0.01,B0006,0.9999953508377075,False
0.02,B0006,0.999994695186615,False
0.05,B0006,0.9998941421508789,False
0.1,B0006,0.9998321533203125,False
0.2,B0006,0.9996374845504761,False
0.01,B0006,0.9999546408653259,False
0.02,B0006,0.9996626973152161,False
0.05,B0006,0.9992499351501465,False
0.1,B0006,0.9979788064956665,False
0.2,B0006,0.9916561245918274,False
0.01,B0006,0.9999561905860901,False
0.02,B0006,0.9997677206993103,False
0.05,B0006,0.9991391897201538,False
0.1,B0006,0.9985476136207581,False
0.2,B0006,0.9886235594749451,False
0.01,B0006,0.9999374747276306,False
0.02,B0006,0.9999200105667114,False
0.05,B0006,0.9993424415588379,False
0.1,B0006,0.9986201524734497,False
0.2,B0006,0.9914007186889648,False
0.01,B0006,0.9998762607574463,False
0.02,B0006,0.9996762275695801,False
0.05,B0006,0.9993637800216675,False
0.1,B0006,0.9979915618896484,False
0.2,B0006,0.992035448551178,False
0.01,B0006,0.9999008178710938,False
0.02,B0006,0.9997551441192627,False
0.05,B0006,0.9992599487304688,False
0.1,B0006,0.9971312880516052,False
0.2,B0006,0.9857033491134644,False
0.01,B0006,0.9998754262924194,False
0.02,B0006,0.9997491836547852,False
0.05,B0006,0.9984071254730225,False
0.1,B0006,0.9965136051177979,False
0.2,B0006,0.993944525718689,False
0.01,B0006,0.9999393224716187,False
0.02,B0006,0.9997499585151672,False
0.05,B0006,0.9992386102676392,False
0.1,B0006,0.9980790615081787,False
0.2,B0006,0.9883745908737183,False
0.01,B0006,0.9999969005584717,False
0.02,B0006,0.9999479651451111,False
0.05,B0006,0.9999873042106628,False
0.1,B0006,0.9999765157699585,False
0.2,B0006,0.9994218945503235,False
0.01,B0006,0.9999186992645264,False
0.02,B0006,0.9998593330383301,False
0.05,B0006,0.9989708662033081,False
0.1,B0006,0.9965404272079468,False
0.2,B0006,0.9904886484146118,False
0.01,B0006,0.999954104423523,False
0.02,B0006,0.9999580383300781,False
0.05,B0006,0.9998329877853394,False
0.1,B0006,0.9999600648880005,False
0.2,B0006,0.9992122650146484,False
0.01,B0006,0.9999930262565613,False
0.02,B0006,0.999964714050293,False
0.05,B0006,0.9999081492424011,False
0.1,B0006,0.9999319314956665,False
0.2,B0006,0.999584972858429,False
0.01,B0006,0.9999263286590576,False
0.02,B0006,0.999798059463501,False
0.05,B0006,0.9994634389877319,False
0.1,B0006,0.9983804821968079,False
0.2,B0006,0.9818835854530334,False
0.01,B0006,0.9999096989631653,False
0.02,B0006,0.9998728036880493,False
0.05,B0006,0.9993208646774292,False
0.1,B0006,0.9974977970123291,False
0.2,B0006,0.9927874207496643,False
0.01,B0006,0.9999517202377319,False
0.02,B0006,0.9999614953994751,False
0.05,B0006,0.9999690055847168,False
0.1,B0006,0.9998309016227722,False
0.2,B0006,0.9989047050476074,False
0.01,B0006,0.9998995065689087,False
0.02,B0006,0.9998652935028076,False
0.05,B0006,0.9998453259468079,False
0.1,B0006,0.9996216893196106,False
0.2,B0006,0.9999226927757263,False
0.01,B0006,0.99993896484375,False
0.02,B0006,0.9999125599861145,False
0.05,B0006,0.999836266040802,False
0.1,B0006,0.9999433159828186,False
0.2,B0006,0.9983645081520081,False
0.01,B0006,0.9998540878295898,False
0.02,B0006,0.9997552633285522,False
0.05,B0006,0.9984833598136902,False
0.1,B0006,0.9965541362762451,False
0.2,B0006,0.983069658279419,False
0.01,B0006,0.9999299049377441,False
0.02,B0006,0.9999539852142334,False
0.05,B0006,0.9999545216560364,False
0.1,B0006,0.9998000264167786,False
0.2,B0006,0.9999465346336365,False
0.01,B0006,0.9998027086257935,False
0.02,B0006,0.9998313188552856,False
0.05,B0006,0.999773383140564,False
0.1,B0006,0.9997597932815552,False
0.2,B0006,0.9985666275024414,False
0.01,B0006,0.9999203085899353,False
0.02,B0006,0.9997535943984985,False
0.05,B0006,0.9988695979118347,False
0.1,B0006,0.9974267482757568,False
0.2,B0006,0.991266131401062,False
0.01,B0006,0.9996901750564575,False
0.02,B0006,0.9996813535690308,False
0.05,B0006,0.9986184239387512,False
0.1,B0006,0.9973368048667908,False
0.2,B0006,0.9880045652389526,False
0.01,B0006,0.9996254444122314,False
0.02,B0006,0.9995844960212708,False
0.05,B0006,0.9997571110725403,False
0.1,B0006,0.9993091821670532,False
0.2,B0006,0.9993432760238647,False
0.01,B0006,0.9995318651199341,False
0.02,B0006,0.9995044469833374,False
0.05,B0006,0.9992498159408569,False
0.1,B0006,0.9944979548454285,False
0.2,B0006,0.9932734370231628,False
0.01,B0006,0.9994430541992188,False
0.02,B0006,0.999483585357666,False
0.05,B0006,0.9995315074920654,False
0.1,B0006,0.9995043277740479,False
0.2,B0006,0.9994852542877197,False
0.01,B0006,0.9989439845085144,False
0.02,B0006,0.9990856647491455,False
0.05,B0006,0.9987717866897583,False
0.1,B0006,0.9965068101882935,False
0.2,B0006,0.986366868019104,False
0.01,B0006,0.999404788017273,False
0.02,B0006,0.9992071390151978,False
0.05,B0006,0.999289870262146,False
0.1,B0006,0.9993014335632324,False
0.2,B0006,0.9980642795562744,False
0.01,B0006,0.999277651309967,False
0.02,B0006,0.9993380904197693,False
0.05,B0006,0.998323917388916,False
0.1,B0006,0.9991170763969421,False
0.2,B0006,0.9975904226303101,False
0.01,B0006,0.9994231462478638,False
0.02,B0006,0.9994516372680664,False
0.05,B0006,0.999096691608429,False
0.1,B0006,0.9982927441596985,False
0.2,B0006,0.9993757009506226,False
0.01,B0006,0.9994685649871826,False
0.02,B0006,0.9992793798446655,False
0.05,B0006,0.9976608157157898,False
0.1,B0006,0.9968758225440979,False
0.2,B0006,0.9933611154556274,False
0.01,B0006,0.9993916153907776,False
0.02,B0006,0.9995096921920776,False
0.05,B0006,0.9993780851364136,False
0.1,B0006,0.9990153312683105,False
0.2,B0006,0.9997037649154663,False
0.01,B0006,0.9996280670166016,False
0.02,B0006,0.9996289610862732,False
0.05,B0006,0.9995080232620239,False
0.1,B0006,0.9975509643554688,False
0.2,B0006,0.9997659921646118,False
0.01,B0006,0.9992586970329285,False
0.02,B0006,0.9992790222167969,False
0.05,B0006,0.9983553886413574,False
0.1,B0006,0.9953780174255371,False
0.2,B0006,0.9896833896636963,False
0.01,B0006,0.9991870522499084,False
0.02,B0006,0.9989960193634033,False
0.05,B0006,0.9977473020553589,False
0.1,B0006,0.9971877336502075,False
0.2,B0006,0.9922253489494324,False
0.01,B0006,0.999030590057373,False
0.02,B0006,0.9990860223770142,False
0.05,B0006,0.9992639422416687,False
0.1,B0006,0.9991806149482727,False
0.2,B0006,0.9993175268173218,False
0.01,B0006,0.9994716644287109,False
0.02,B0006,0.9995807409286499,False
0.05,B0006,0.9995126128196716,False
0.1,B0006,0.9990622997283936,False
0.2,B0006,0.9990500807762146,False
0.01,B0006,0.9993205070495605,False
0.02,B0006,0.9993043541908264,False
0.05,B0006,0.9993469715118408,False
0.1,B0006,0.9993585348129272,False
0.2,B0006,0.9993743300437927,False
0.01,B0006,0.998953104019165,False
0.02,B0006,0.9986419677734375,False
0.05,B0006,0.9980813264846802,False
0.1,B0006,0.9950584769248962,False
0.2,B0006,0.9868037700653076,False
0.01,B0006,0.99880450963974,False
0.02,B0006,0.9985991716384888,False
0.05,B0006,0.9980510473251343,False
0.1,B0006,0.9975666999816895,False
0.2,B0006,0.9860313534736633,False
0.01,B0006,0.9992518424987793,False
0.02,B0006,0.9992333054542542,False
0.05,B0006,0.9980679750442505,False
0.1,B0006,0.9983701705932617,False
0.2,B0006,0.9741255640983582,True
0.01,B0006,0.9991746544837952,False
0.02,B0006,0.9986047744750977,False
0.05,B0006,0.9981727004051208,False
0.1,B0006,0.9968338012695312,False
0.2,B0006,0.9888770580291748,False
0.01,B0006,0.999142587184906,False
0.02,B0006,0.9989430904388428,False
0.05,B0006,0.9966244101524353,False
0.1,B0006,0.9972661733627319,False
0.2,B0006,0.9859752058982849,False
0.01,B0006,0.9990813732147217,False
0.02,B0006,0.9986494779586792,False
0.05,B0006,0.9979692101478577,False
0.1,B0006,0.9915416836738586,False
0.2,B0006,0.9537348747253418,True
0.01,B0006,0.9994530081748962,False
0.02,B0006,0.9994289875030518,False
0.05,B0006,0.9995463490486145,False
0.1,B0006,0.9993744492530823,False
0.2,B0006,0.9990009069442749,False
0.01,B0006,0.9985394477844238,False
0.02,B0006,0.9986107349395752,False
0.05,B0006,0.9977954626083374,False
0.1,B0006,0.9939274787902832,False
0.2,B0006,0.9900844693183899,False
0.01,B0006,0.998777449131012,False
0.02,B0006,0.9988563060760498,False
0.05,B0006,0.9985799193382263,False
0.1,B0006,0.9981751441955566,False
0.2,B0006,0.9983170628547668,False
0.01,B0006,0.9983373880386353,False
0.02,B0006,0.9982403516769409,False
0.05,B0006,0.9971344470977783,False
0.1,B0006,0.9948141574859619,False
0.2,B0006,0.9921207427978516,False
0.01,B0006,0.9993574023246765,False
0.02,B0006,0.9994509816169739,False
0.05,B0006,0.9995712041854858,False
0.1,B0006,0.9979187846183777,False
0.2,B0006,0.9925577640533447,False
0.01,B0006,0.9997050762176514,False
0.02,B0006,0.9996727108955383,False
0.05,B0006,0.9979889392852783,False
0.1,B0006,0.997753381729126,False
0.2,B0006,0.9680764079093933,True
0.01,B0006,0.9997166991233826,False
0.02,B0006,0.9997862577438354,False
0.05,B0006,0.998627781867981,False
0.1,B0006,0.9962653517723083,False
0.2,B0006,0.9911190867424011,False
0.01,B0006,0.9994722604751587,False
0.02,B0006,0.9993119239807129,False
0.05,B0006,0.9984679222106934,False
0.1,B0006,0.9966869354248047,False
0.2,B0006,0.9890327453613281,False
0.01,B0006,0.9993979334831238,False
0.02,B0006,0.9989892244338989,False
0.05,B0006,0.9978616237640381,False
0.1,B0006,0.9954056739807129,False
0.2,B0006,0.9896261692047119,False
0.01,B0006,0.9987354874610901,False
0.02,B0006,0.9982392191886902,False
0.05,B0006,0.9968726634979248,False
0.1,B0006,0.9933518171310425,False
0.2,B0006,0.9948167204856873,False
0.01,B0006,0.9988576173782349,False
0.02,B0006,0.9988143444061279,False
0.05,B0006,0.9988065958023071,False
0.1,B0006,0.9991047978401184,False
0.2,B0006,0.9988464117050171,False
0.01,B0006,0.9973132610321045,False
0.02,B0006,0.9970486164093018,False
0.05,B0006,0.9966110587120056,False
0.1,B0006,0.9944640398025513,False
0.2,B0006,0.93309086561203,True
0.01,B0006,0.9976081848144531,False
0.02,B0006,0.9969590902328491,False
0.05,B0006,0.9966678619384766,False
0.1,B0006,0.9876831769943237,False
0.2,B0006,0.985302746295929,False
0.01,B0006,0.9976210594177246,False
0.02,B0006,0.9975147843360901,False
0.05,B0006,0.9981511831283569,False
0.1,B0006,0.9942030310630798,False
0.2,B0006,0.9819294810295105,False
0.01,B0006,0.9960840940475464,False
0.02,B0006,0.9952995777130127,False
0.05,B0006,0.9930575489997864,False
0.1,B0006,0.987567126750946,False
0.2,B0006,0.9274482727050781,True
0.01,B0006,0.9955153465270996,False
0.02,B0006,0.9968517422676086,False
0.05,B0006,0.9892048835754395,False
0.1,B0006,0.9868311285972595,False
0.2,B0006,0.9615635871887207,True
0.01,B0006,0.995617151260376,False
0.02,B0006,0.9943766593933105,False
0.05,B0006,0.9958996772766113,False
0.1,B0006,0.9778457283973694,True
0.2,B0006,0.9888371825218201,False
0.01,B0006,0.9962049722671509,False
0.02,B0006,0.9935770034790039,False
0.05,B0006,0.9965201616287231,False
0.1,B0006,0.9921061992645264,False
0.2,B0006,0.9713208675384521,True
0.01,B0006,0.9953376650810242,False
0.02,B0006,0.9954892992973328,False
0.05,B0006,0.9934723377227783,False
0.1,B0006,0.9951044917106628,False
0.2,B0006,0.9952578544616699,False
0.01,B0006,0.9948101043701172,False
0.02,B0006,0.9948046207427979,False
0.05,B0006,0.994488000869751,False
0.1,B0006,0.9948242902755737,False
0.2,B0006,0.9895386695861816,False
0.01,B0006,0.9941171407699585,False
0.02,B0006,0.9929870963096619,False
0.05,B0006,0.9941380023956299,False
0.1,B0006,0.993240475654602,False
0.2,B0006,0.960862934589386,True
0.01,B0006,0.9948732256889343,False
0.02,B0006,0.9920758008956909,False
0.05,B0006,0.9913121461868286,False
0.1,B0006,0.9852138757705688,False
0.2,B0006,0.941484272480011,True
0.01,B0006,0.9925283193588257,False
0.02,B0006,0.9918532967567444,False
0.05,B0006,0.9908651113510132,False
0.1,B0006,0.9974474310874939,False
0.2,B0006,0.9658623933792114,True
0.01,B0006,0.9924675822257996,False
0.02,B0006,0.9917415380477905,False
0.05,B0006,0.9917594194412231,False
0.1,B0006,0.9765346646308899,True
0.2,B0006,0.984635591506958,False
0.01,B0006,0.9919002056121826,False
0.02,B0006,0.9914276599884033,False
0.05,B0006,0.9843871593475342,False
0.1,B0006,0.9670018553733826,True
0.2,B0006,0.9872560501098633,False
0.01,B0006,0.990588903427124,False
0.02,B0006,0.9895367622375488,False
0.05,B0006,0.989495575428009,False
0.1,B0006,0.9769265055656433,True
0.2,B0006,0.9447454214096069,True
0.01,B0006,0.9907491207122803,False
0.02,B0006,0.9891055822372437,False
0.05,B0006,0.9895150661468506,False
0.1,B0006,0.9864025115966797,False
0.2,B0006,0.9276233911514282,True
0.01,B0006,0.99394291639328,False
0.02,B0006,0.9916945099830627,False
0.05,B0006,0.990336537361145,False
0.1,B0006,0.9857751131057739,False
0.2,B0006,0.9908901453018188,False
0.01,B0006,0.9921016097068787,False
0.02,B0006,0.991877019405365,False
0.05,B0006,0.9922945499420166,False
0.1,B0006,0.9989476203918457,False
0.2,B0006,0.9858627915382385,False
0.01,B0006,0.9914394617080688,False
0.02,B0006,0.9891335368156433,False
0.05,B0006,0.9918902516365051,False
0.1,B0006,0.9912542104721069,False
0.2,B0006,0.989330530166626,False
0.01,B0006,0.9912347793579102,False
0.02,B0006,0.990873396396637,False
0.05,B0006,0.9920032024383545,False
0.1,B0006,0.9984368681907654,False
0.2,B0006,0.9929020404815674,False
0.01,B0006,0.9877268671989441,False
0.02,B0006,0.9892900586128235,False
0.05,B0006,0.9827032089233398,False
0.1,B0006,0.9615628719329834,True
0.2,B0006,0.9443630576133728,True
0.01,B0006,0.9878924489021301,False
0.02,B0006,0.9876517057418823,False
0.05,B0006,0.9865714907646179,False
0.1,B0006,0.9702526330947876,True
0.2,B0006,0.9492220878601074,True
0.01,B0006,0.9867199659347534,False
0.02,B0006,0.9887439012527466,False
0.05,B0006,0.9801974296569824,True
0.1,B0006,0.988520622253418,False
0.2,B0006,0.9320091009140015,True
0.01,B0006,0.9924052953720093,False
0.02,B0006,0.9920731782913208,False
0.05,B0006,0.9929561614990234,False
0.1,B0006,0.9990147352218628,False
0.2,B0006,0.9959320425987244,False
0.01,B0006,0.9911442995071411,False
0.02,B0006,0.9906607270240784,False
0.05,B0006,0.9911248087882996,False
0.1,B0006,0.9808731079101562,False
0.2,B0006,0.9764994978904724,True
0.01,B0006,0.9886319637298584,False
0.02,B0006,0.9857991337776184,False
0.05,B0006,0.9869428873062134,False
0.1,B0006,0.9848772883415222,False
0.2,B0006,0.9350427389144897,True
0.01,B0006,0.9878740310668945,False
0.02,B0006,0.9934394359588623,False
0.05,B0006,0.9861488938331604,False
0.1,B0006,0.9932867288589478,False
0.2,B0006,0.970647394657135,True
0.01,B0006,0.9870405197143555,False
0.02,B0006,0.9847473502159119,False
0.05,B0006,0.9931396842002869,False
0.1,B0006,0.9887821078300476,False
0.2,B0006,0.976634681224823,True
0.01,B0006,0.9862907528877258,False
0.02,B0006,0.9876585006713867,False
0.05,B0006,0.9856210350990295,False
0.1,B0006,0.9867101311683655,False
0.2,B0006,0.9899354577064514,False
0.01,B0006,0.9864344596862793,False
0.02,B0006,0.9859094619750977,False
0.05,B0006,0.9938302636146545,False
0.1,B0006,0.9826622009277344,False
0.2,B0006,0.9903292655944824,False
0.01,B0006,0.9891133904457092,False
0.02,B0006,0.987062931060791,False
0.05,B0006,0.9830172061920166,False
0.1,B0006,0.9736387133598328,True
0.2,B0006,0.9789062738418579,True
0.01,B0006,0.9873418807983398,False
0.02,B0006,0.9876976013183594,False
0.05,B0006,0.9893571138381958,False
0.1,B0006,0.9885444641113281,False
0.2,B0006,0.9895629286766052,False
0.01,B0006,0.9864276647567749,False
0.02,B0006,0.9856860637664795,False
0.05,B0006,0.9861310720443726,False
0.1,B0006,0.9910418391227722,False
0.2,B0006,0.9857932925224304,False
0.01,B0006,0.982416033744812,False
0.02,B0006,0.9898891448974609,False
0.05,B0006,0.980989933013916,False
0.1,B0006,0.9904006123542786,False
0.2,B0006,0.9714071750640869,True
0.01,B0006,0.9840980172157288,False
0.02,B0006,0.985805332660675,False
0.05,B0006,0.9890629053115845,False
0.1,B0006,0.9963359832763672,False
0.2,B0006,0.8762906789779663,True
0.01,B0006,0.9939269423484802,False
0.02,B0006,0.9899083375930786,False
0.05,B0006,0.9915583729743958,False
0.1,B0006,0.9914737939834595,False
0.2,B0006,0.9575603604316711,True
0.01,B0006,0.9941979646682739,False
0.02,B0006,0.9929640293121338,False
0.05,B0006,0.9933886528015137,False
0.1,B0006,0.9963040351867676,False
0.2,B0006,0.9973325729370117,False
0.01,B0006,0.9908684492111206,False
0.02,B0006,0.987160325050354,False
0.05,B0006,0.9869397878646851,False
0.1,B0006,0.9861987829208374,False
0.2,B0006,0.8852314949035645,True
0.01,B0006,0.9883911609649658,False
0.02,B0006,0.9857209324836731,False
0.05,B0006,0.9811418652534485,False
0.1,B0006,0.9717572331428528,True
0.2,B0006,0.9827000498771667,False
0.01,B0006,0.9915286302566528,False
0.02,B0006,0.9853665232658386,False
0.05,B0006,0.9884859323501587,False
0.1,B0006,0.9786454439163208,True
0.2,B0006,0.9690296649932861,True
0.01,B0006,0.9893327355384827,False
0.02,B0006,0.9901246428489685,False
0.05,B0006,0.9877819418907166,False
0.1,B0006,0.990227460861206,False
0.2,B0006,0.9909488558769226,False
0.01,B0006,0.9857842922210693,False
0.02,B0006,0.9868050813674927,False
0.05,B0006,0.9861294031143188,False
0.1,B0006,0.9860490560531616,False
0.2,B0006,0.9690161347389221,True
0.01,B0006,0.9880411624908447,False
0.02,B0006,0.9926719069480896,False
0.05,B0006,0.9901071786880493,False
0.1,B0006,0.983993411064148,False
0.2,B0006,0.991128146648407,False
0.01,B0006,0.9864225387573242,False
0.02,B0006,0.9857242107391357,False
0.05,B0006,0.9872589111328125,False
0.1,B0006,0.9955966472625732,False
0.2,B0006,0.9839104413986206,False
0.01,B0006,0.985704243183136,False
0.02,B0006,0.9813939332962036,False
0.05,B0006,0.9846796989440918,False
0.1,B0006,0.9792493581771851,True
0.2,B0006,0.9764283895492554,True
0.01,B0006,0.9881674647331238,False
0.02,B0006,0.9866617918014526,False
0.05,B0006,0.9924895167350769,False
0.1,B0006,0.9869230389595032,False
0.2,B0006,0.9909278154373169,False
0.01,B0006,0.9890346527099609,False
0.02,B0006,0.9841324090957642,False
0.05,B0006,0.9907488226890564,False
0.1,B0006,0.9841501116752625,False
0.2,B0006,0.9670487642288208,True
0.01,B0006,0.9838290810585022,False
0.02,B0006,0.9810024499893188,False
0.05,B0006,0.9863653182983398,False
0.1,B0006,0.988067626953125,False
0.2,B0006,0.8915199041366577,True
0.01,B0006,0.9851370453834534,False
0.02,B0006,0.983686089515686,False
0.05,B0006,0.9915604591369629,False
0.1,B0006,0.9866583943367004,False
0.2,B0006,0.9814891815185547,False
0.01,B0006,0.9858739376068115,False
0.02,B0006,0.9889342784881592,False
0.05,B0006,0.9845264554023743,False
0.1,B0006,0.9903619289398193,False
0.2,B0006,0.9902275800704956,False
0.01,B0006,0.9813168048858643,False
0.02,B0006,0.9818383455276489,False
0.05,B0006,0.974880039691925,True
0.1,B0006,0.9752734899520874,True
0.2,B0006,0.9587336182594299,True
0.01,B0006,0.9797005653381348,True
0.02,B0006,0.9766441583633423,True
0.05,B0006,0.988264799118042,False
0.1,B0006,0.9642934799194336,True
0.2,B0006,0.9133318066596985,True
0.01,B0006,0.9850702881813049,False
0.02,B0006,0.9851135015487671,False
0.05,B0006,0.9838948249816895,False
0.1,B0006,0.9760767817497253,True
0.2,B0006,0.9702474474906921,True
0.01,B0006,0.9822113513946533,False
0.02,B0006,0.9814016222953796,False
0.05,B0006,0.9864292144775391,False
0.1,B0006,0.9841297268867493,False
0.2,B0006,0.998022735118866,False
0.01,B0006,0.9781056642532349,True
0.02,B0006,0.9813627004623413,False
0.05,B0006,0.9827144145965576,False
0.1,B0006,0.9716370105743408,True
0.2,B0006,0.9911206364631653,False
0.01,B0006,0.9766408205032349,True
0.02,B0006,0.9828082919120789,False
0.05,B0006,0.9627857804298401,True
0.1,B0006,0.9796686768531799,True
0.2,B0006,0.9671996831893921,True
0.01,B0006,0.981407642364502,False
0.02,B0006,0.9778843522071838,True
0.05,B0006,0.9789252281188965,True
0.1,B0006,0.9698663949966431,True
0.2,B0006,0.9455317258834839,True
0.01,B0006,0.982758641242981,False
0.02,B0006,0.9810808300971985,False
0.05,B0006,0.9840166568756104,False
0.1,B0006,0.9862452149391174,False
0.2,B0006,0.9715632200241089,True
0.01,B0006,0.9768434166908264,True
0.02,B0006,0.9726388454437256,True
0.05,B0006,0.9759625196456909,True
0.1,B0006,0.9800812005996704,True
0.2,B0006,0.9697901010513306,True
0.01,B0006,0.9727563261985779,True
0.02,B0006,0.971295177936554,True
0.05,B0006,0.9656697511672974,True
0.1,B0006,0.9743620753288269,True
0.2,B0006,0.9570420980453491,True
0.01,B0006,0.9751256704330444,True
0.02,B0006,0.9741437435150146,True
0.05,B0006,0.9688846468925476,True
0.1,B0006,0.9653818011283875,True
0.2,B0006,0.8599256873130798,True
0.01,B0006,0.9777751564979553,True
0.02,B0006,0.9791461229324341,True
0.05,B0006,0.9803803563117981,True
0.1,B0006,0.9849858283996582,False
0.2,B0006,0.9798921346664429,True
0.01,B0006,0.9747897386550903,True
0.02,B0006,0.9773870706558228,True
0.05,B0006,0.9879955649375916,False
0.1,B0006,0.9722445011138916,True
0.2,B0006,0.9593810439109802,True
0.01,B0006,0.9739826917648315,True
0.02,B0006,0.9739668369293213,True
0.05,B0006,0.9698262810707092,True
0.1,B0006,0.9629570245742798,True
0.2,B0006,0.990123987197876,False
0.01,B0006,0.9753344655036926,True
0.02,B0006,0.9695034027099609,True
0.05,B0006,0.9763095378875732,True
0.1,B0006,0.932754397392273,True
0.2,B0006,0.8674343824386597,True
0.01,B0006,0.9815963506698608,False
0.02,B0006,0.97568678855896,True
0.05,B0006,0.9743518829345703,True
0.1,B0006,0.979906439781189,True
0.2,B0006,0.9683592915534973,True
0.01,B0006,0.9817847609519958,False
0.02,B0006,0.9827160239219666,False
0.05,B0006,0.9786006212234497,True
0.1,B0006,0.9892663955688477,False
0.2,B0006,0.9603308439254761,True
0.01,B0006,0.9779744744300842,True
0.02,B0006,0.9797259569168091,True
0.05,B0006,0.9801749587059021,True
0.1,B0006,0.9871128797531128,False
0.2,B0006,0.9830194115638733,False
0.01,B0006,0.9807761907577515,True
0.02,B0006,0.9871282577514648,False
0.05,B0006,0.9802318215370178,True
0.1,B0006,0.9763158559799194,True
0.2,B0006,0.9855334758758545,False
0.01,B0006,0.9800344109535217,True
0.02,B0006,0.9798325896263123,True
0.05,B0006,0.9780886173248291,True
0.1,B0006,0.9828460216522217,False
0.2,B0006,0.9951211214065552,False
0.01,B0006,0.9756559133529663,True
0.02,B0006,0.9739089012145996,True
0.05,B0006,0.9761303663253784,True
0.1,B0006,0.9712626934051514,True
0.2,B0006,0.967074453830719,True
0.01,B0006,0.9778711795806885,True
0.02,B0006,0.9782341122627258,True
0.05,B0006,0.9784605503082275,True
0.1,B0006,0.9906123876571655,False
0.2,B0006,0.9617501497268677,True
0.01,B0006,0.978950023651123,True
0.02,B0006,0.9795233011245728,True
0.05,B0006,0.9777617454528809,True
0.1,B0006,0.9804040789604187,True
0.2,B0006,0.9978464841842651,False
0.01,B0006,0.9783464670181274,True
0.02,B0006,0.9845216274261475,False
0.05,B0006,0.9781713485717773,True
0.1,B0006,0.9818621873855591,False
0.2,B0006,0.9972631335258484,False
0.01,B0006,0.9734068512916565,True
0.02,B0006,0.973650336265564,True
0.05,B0006,0.9738913774490356,True
0.1,B0006,0.9927666187286377,False
0.2,B0006,0.9541138410568237,True
0.01,B0006,0.9780804514884949,True
0.02,B0006,0.9770296812057495,True
0.05,B0006,0.976392924785614,True
0.1,B0006,0.9800518751144409,True
0.2,B0006,0.9773077368736267,True
0.01,B0006,0.9765123128890991,True
0.02,B0006,0.9775172472000122,True
0.05,B0006,0.9812409281730652,False
0.1,B0006,0.9755398631095886,True
0.2,B0006,0.9835096001625061,False
0.01,B0006,0.9811094999313354,False
0.02,B0006,0.9769004583358765,True
0.05,B0006,0.9695606231689453,True
0.1,B0006,0.9789400100708008,True
0.2,B0006,0.9885239601135254,False
0.01,B0006,0.9768534302711487,True
0.02,B0006,0.9708735346794128,True
0.05,B0006,0.9740347862243652,True
0.1,B0006,0.9564037919044495,True
0.2,B0006,0.9363753795623779,True
0.01,B0006,0.9769300818443298,True
0.02,B0006,0.9863384366035461,False
0.05,B0006,0.976671576499939,True
0.1,B0006,0.9858070015907288,False
0.2,B0006,0.9572946429252625,True
0.01,B0006,0.9790489673614502,True
0.02,B0006,0.9732932448387146,True
0.05,B0006,0.9688452482223511,True
0.1,B0006,0.9544355869293213,True
0.2,B0006,0.9691221714019775,True
0.01,B0006,0.9761530756950378,True
0.02,B0006,0.9803625345230103,True
0.05,B0006,0.9727190732955933,True
0.1,B0006,0.9694380760192871,True
0.2,B0006,0.95229572057724,True
0.01,B0006,0.9785192012786865,True
0.02,B0006,0.9795873761177063,True
0.05,B0006,0.9784767031669617,True
0.1,B0006,0.9837595224380493,False
0.2,B0006,0.9736493229866028,True
0.01,B0006,0.9734699726104736,True
0.02,B0006,0.9829150438308716,False
0.05,B0006,0.9799220561981201,True
0.1,B0006,0.9794391393661499,True
0.2,B0006,0.9589130878448486,True
0.01,B0006,0.9753167629241943,True
0.02,B0006,0.9751988649368286,True
0.05,B0006,0.9756390452384949,True
0.1,B0006,0.9814961552619934,False
0.2,B0006,0.977374792098999,True
0.01,B0006,0.975380539894104,True
0.02,B0006,0.97420734167099,True
0.05,B0006,0.9739602208137512,True
0.1,B0006,0.9794659614562988,True
0.2,B0006,0.9402201175689697,True
0.01,B0006,0.9770100712776184,True
0.02,B0006,0.967068612575531,True
0.05,B0006,0.978815495967865,True
0.1,B0006,0.9908140897750854,False
0.2,B0006,0.9667738676071167,True
0.01,B0006,0.9760801196098328,True
0.02,B0006,0.9819618463516235,False
0.05,B0006,0.9744486212730408,True
0.1,B0006,0.9908713698387146,False
0.2,B0006,0.9756068587303162,True
0.01,B0006,0.9755758047103882,True
0.02,B0006,0.9743376970291138,True
0.05,B0006,0.9734564423561096,True
0.1,B0006,0.9934018850326538,False
0.2,B0006,0.9984115362167358,False
0.01,B0006,0.9744666814804077,True
0.02,B0006,0.9737260937690735,True
0.05,B0006,0.973709225654602,True
0.1,B0006,0.9656432271003723,True
0.2,B0006,0.9793007373809814,True
0.01,B0006,0.969629168510437,True
0.02,B0006,0.9701329469680786,True
0.05,B0006,0.9700846672058105,True
0.1,B0006,0.9698374271392822,True
0.2,B0006,0.941007137298584,True
0.01,B0006,0.9723384976387024,True
0.02,B0006,0.9654510021209717,True
0.05,B0006,0.9851753115653992,False
0.1,B0006,0.9851450324058533,False
0.2,B0006,0.9512841701507568,True
0.01,B0006,0.9719812273979187,True
0.02,B0006,0.9636194705963135,True
0.05,B0006,0.9763625264167786,True
0.1,B0006,0.9447966814041138,True
0.2,B0006,0.8522237539291382,True
0.01,B0006,0.967872142791748,True
0.02,B0006,0.9669173955917358,True
0.05,B0006,0.9597587585449219,True
0.1,B0006,0.9871788620948792,False
0.2,B0006,0.9823147654533386,False
0.01,B0006,0.9722161889076233,True
0.02,B0006,0.9702219367027283,True
0.05,B0006,0.9816689491271973,False
0.1,B0006,0.9599121809005737,True
0.2,B0006,0.8702511787414551,True
0.01,B0006,0.9720140099525452,True
0.02,B0006,0.9704603552818298,True
0.05,B0006,0.9616838097572327,True
0.1,B0006,0.9565145373344421,True
0.2,B0006,0.9901800155639648,False
0.01,B0006,0.9727811813354492,True
0.02,B0006,0.9797483086585999,True
0.05,B0006,0.9729154109954834,True
0.1,B0006,0.9713797569274902,True
0.2,B0006,0.9776362180709839,True
0.01,B0006,0.9721249341964722,True
0.02,B0006,0.9684031009674072,True
0.05,B0006,0.9554449319839478,True
0.1,B0006,0.9632165431976318,True
0.2,B0006,0.937228798866272,True
0.01,B0006,0.9687689542770386,True
0.02,B0006,0.9700143337249756,True
0.05,B0006,0.9733093976974487,True
0.1,B0006,0.9784286022186279,True
0.2,B0006,0.9713471531867981,True
0.01,B0006,0.9693755507469177,True
0.02,B0006,0.9732050895690918,True
0.05,B0006,0.9738157987594604,True
0.1,B0006,0.9668846130371094,True
0.2,B0006,0.9859501123428345,False
0.01,B0006,0.9630692005157471,True
0.02,B0006,0.9620437026023865,True
0.05,B0006,0.9413264989852905,True
0.1,B0006,0.9240859150886536,True
0.2,B0006,0.9417860507965088,True
0.01,B0006,0.9719050526618958,True
0.02,B0006,0.9574681520462036,True
0.05,B0006,0.9633505344390869,True
0.1,B0006,0.960956335067749,True
0.2,B0006,0.9823376536369324,False
0.01,B0006,0.964139461517334,True
0.02,B0006,0.9645298719406128,True
0.05,B0006,0.9678587317466736,True
0.1,B0006,0.9897888898849487,False
0.2,B0006,0.9979304075241089,False
0.01,B0006,0.9647669196128845,True
0.02,B0006,0.9620450139045715,True
0.05,B0006,0.9751700758934021,True
0.1,B0006,0.9529784321784973,True
0.2,B0006,0.7742102146148682,True
0.01,B0006,0.9695445895195007,True
0.02,B0006,0.9637848734855652,True
0.05,B0006,0.9810139536857605,False
0.1,B0006,0.9841790199279785,False
0.2,B0006,0.9413009285926819,True
0.01,B0006,0.9606923460960388,True
0.02,B0006,0.9631890654563904,True
0.05,B0006,0.9643374681472778,True
0.1,B0006,0.9726207256317139,True
0.2,B0006,0.9625758528709412,True
0.01,B0006,0.9618861675262451,True
0.02,B0006,0.9535696506500244,True
0.05,B0006,0.9550696611404419,True
0.1,B0006,0.9699975252151489,True
0.2,B0006,0.9072535037994385,True
0.01,B0006,0.9580684900283813,True
0.02,B0006,0.963683009147644,True
0.05,B0006,0.9632077813148499,True
0.1,B0006,0.981722354888916,False
0.2,B0006,0.9927257299423218,False
0.01,B0006,0.9561789035797119,True
0.02,B0006,0.9683457612991333,True
0.05,B0006,0.9489981532096863,True
0.1,B0006,0.8792091608047485,True
0.2,B0006,0.765189528465271,True
0.01,B0006,0.9562134146690369,True
0.02,B0006,0.957618236541748,True
0.05,B0006,0.9598520398139954,True
0.1,B0006,0.9522625803947449,True
0.2,B0006,0.9546050429344177,True
0.01,B0006,0.9571570158004761,True
0.02,B0006,0.970029354095459,True
0.05,B0006,0.957196056842804,True
0.1,B0006,0.9586893320083618,True
0.2,B0006,0.8866848945617676,True
0.01,B0006,0.9557666182518005,True
0.02,B0006,0.9585562944412231,True
0.05,B0006,0.9746896028518677,True
0.1,B0006,0.9621303081512451,True
0.2,B0006,0.9675730466842651,True
0.01,B0006,0.9604083299636841,True
0.02,B0006,0.9661650061607361,True
0.05,B0006,0.9632368087768555,True
0.1,B0006,0.9643125534057617,True
0.2,B0006,0.9840178489685059,False
0.01,B0006,0.9598085880279541,True
0.02,B0006,0.9594409465789795,True
0.05,B0006,0.9790545701980591,True
0.1,B0006,0.9704431295394897,True
0.2,B0006,0.9856880307197571,False
0.01,B0007,0.9997923374176025,False
0.02,B0007,0.9994511604309082,False
0.05,B0007,0.9985314607620239,False
0.1,B0007,0.9975333213806152,False
0.2,B0007,0.9590215682983398,True
0.01,B0007,0.9999513030052185,False
0.02,B0007,0.9999834299087524,False
0.05,B0007,0.999953031539917,False
0.1,B0007,0.9996103048324585,False
0.2,B0007,0.9998869895935059,False
0.01,B0007,0.9999436736106873,False
0.02,B0007,0.9997224807739258,False
0.05,B0007,0.9997339248657227,False
0.1,B0007,0.995265007019043,False
0.2,B0007,0.9993218183517456,False
0.01,B0007,0.999965250492096,False
0.02,B0007,0.9999735355377197,False
0.05,B0007,0.9994809627532959,False
0.1,B0007,0.9999478459358215,False
0.2,B0007,0.9997563362121582,False
0.01,B0007,0.9999014735221863,False
0.02,B0007,0.9997892379760742,False
0.05,B0007,0.9993703365325928,False
0.1,B0007,0.9962261915206909,False
0.2,B0007,0.9904565215110779,False
0.01,B0007,0.9998005628585815,False
0.02,B0007,0.9996644854545593,False
0.05,B0007,0.9995685815811157,False
0.1,B0007,0.9967536330223083,False
0.2,B0007,0.9922881126403809,False
0.01,B0007,0.9998413920402527,False
0.02,B0007,0.9996764063835144,False
0.05,B0007,0.9995941519737244,False
0.1,B0007,0.998464047908783,False
0.2,B0007,0.989748477935791,False
0.01,B0007,0.9997615814208984,False
0.02,B0007,0.9997459053993225,False
0.05,B0007,0.9996806383132935,False
0.1,B0007,0.9996777772903442,False
0.2,B0007,0.9994419813156128,False
0.01,B0007,0.9997528195381165,False
0.02,B0007,0.9996634125709534,False
0.05,B0007,0.9991413354873657,False
0.1,B0007,0.9973417520523071,False
0.2,B0007,0.9890594482421875,False
0.01,B0007,0.9994680881500244,False
0.02,B0007,0.9991621971130371,False
0.05,B0007,0.9992228746414185,False
0.1,B0007,0.9977758526802063,False
0.2,B0007,0.9953845143318176,False
0.01,B0007,0.9994445443153381,False
0.02,B0007,0.999197244644165,False
0.05,B0007,0.998989462852478,False
0.1,B0007,0.9961293339729309,False
0.2,B0007,0.9873102903366089,False
0.01,B0007,0.9996574521064758,False
0.02,B0007,0.9996683597564697,False
0.05,B0007,0.999335765838623,False
0.1,B0007,0.9973725080490112,False
0.2,B0007,0.9850778579711914,False
0.01,B0007,0.9994955062866211,False
0.02,B0007,0.9993723630905151,False
0.05,B0007,0.9990599155426025,False
0.1,B0007,0.9964519739151001,False
0.2,B0007,0.9925642013549805,False
0.01,B0007,0.9993609189987183,False
0.02,B0007,0.9991888403892517,False
0.05,B0007,0.9985110759735107,False
0.1,B0007,0.9977203011512756,False
0.2,B0007,0.9886249899864197,False
0.01,B0007,0.9994297027587891,False
0.02,B0007,0.999448835849762,False
0.05,B0007,0.9989764094352722,False
0.1,B0007,0.9970967173576355,False
0.2,B0007,0.9888396263122559,False
0.01,B0007,0.9995418190956116,False
0.02,B0007,0.9992346167564392,False
0.05,B0007,0.9984927177429199,False
0.1,B0007,0.9985086917877197,False
0.2,B0007,0.9904478788375854,False
0.01,B0007,0.9986345171928406,False
0.02,B0007,0.9983409643173218,False
0.05,B0007,0.9981601238250732,False
0.1,B0007,0.9955669045448303,False
0.2,B0007,0.988622784614563,False
0.01,B0007,0.9988136291503906,False
0.02,B0007,0.998628556728363,False
0.05,B0007,0.998776912689209,False
0.1,B0007,0.9991332292556763,False
0.2,B0007,0.9984841346740723,False
0.01,B0007,0.9989334344863892,False
0.02,B0007,0.9985424280166626,False
0.05,B0007,0.9989279508590698,False
0.1,B0007,0.9984240531921387,False
0.2,B0007,0.9917620420455933,False
0.01,B0007,0.9997208118438721,False
0.02,B0007,0.9997429251670837,False
0.05,B0007,0.999179482460022,False
0.1,B0007,0.9997349977493286,False
0.2,B0007,0.9992847442626953,False
0.01,B0007,0.9995612502098083,False
0.02,B0007,0.9995949268341064,False
0.05,B0007,0.9993692636489868,False
0.1,B0007,0.9979612827301025,False
0.2,B0007,0.9902719259262085,False
0.01,B0007,0.9994561672210693,False
0.02,B0007,0.9994614124298096,False
0.05,B0007,0.9994568824768066,False
0.1,B0007,0.9993044137954712,False
0.2,B0007,0.999311625957489,False
0.01,B0007,0.9993388056755066,False
0.02,B0007,0.999000608921051,False
0.05,B0007,0.9986211061477661,False
0.1,B0007,0.9974059462547302,False
0.2,B0007,0.9925386905670166,False
0.01,B0007,0.9994319677352905,False
0.02,B0007,0.9991173148155212,False
0.05,B0007,0.9984503984451294,False
0.1,B0007,0.9964025020599365,False
0.2,B0007,0.9904200434684753,False
0.01,B0007,0.9983606338500977,False
0.02,B0007,0.9978787899017334,False
0.05,B0007,0.9967215657234192,False
0.1,B0007,0.9975937008857727,False
0.2,B0007,0.9884743690490723,False
0.01,B0007,0.9984002709388733,False
0.02,B0007,0.9977205395698547,False
0.05,B0007,0.9972419738769531,False
0.1,B0007,0.9972679018974304,False
0.2,B0007,0.992929220199585,False
0.01,B0007,0.9985484480857849,False
0.02,B0007,0.9983879327774048,False
0.05,B0007,0.9978209733963013,False
0.1,B0007,0.996900200843811,False
0.2,B0007,0.9906007051467896,False
0.01,B0007,0.9981493353843689,False
0.02,B0007,0.9979625940322876,False
0.05,B0007,0.9985244274139404,False
0.1,B0007,0.9978953003883362,False
0.2,B0007,0.9984866380691528,False
0.01,B0007,0.9979708194732666,False
0.02,B0007,0.9984034895896912,False
0.05,B0007,0.9971354007720947,False
0.1,B0007,0.9948765635490417,False
0.2,B0007,0.9859494566917419,False
0.01,B0007,0.9984671473503113,False
0.02,B0007,0.9981983304023743,False
0.05,B0007,0.9977446794509888,False
0.1,B0007,0.9987149238586426,False
0.2,B0007,0.993411123752594,False
0.01,B0007,0.9989969730377197,False
0.02,B0007,0.9989783763885498,False
0.05,B0007,0.9992401003837585,False
0.1,B0007,0.9988393187522888,False
0.2,B0007,0.9934945702552795,False
0.01,B0007,0.998798131942749,False
0.02,B0007,0.9989150762557983,False
0.05,B0007,0.998028039932251,False
0.1,B0007,0.9972409605979919,False
0.2,B0007,0.9910904169082642,False
0.01,B0007,0.9982283115386963,False
0.02,B0007,0.9988505244255066,False
0.05,B0007,0.9979604482650757,False
0.1,B0007,0.9988706111907959,False
0.2,B0007,0.9925660490989685,False
0.01,B0007,0.9980401992797852,False
0.02,B0007,0.998697817325592,False
0.05,B0007,0.9971914887428284,False
0.1,B0007,0.9987269639968872,False
0.2,B0007,0.9931061267852783,False
0.01,B0007,0.9970309734344482,False
0.02,B0007,0.9987766742706299,False
0.05,B0007,0.9986047744750977,False
0.1,B0007,0.9983299374580383,False
0.2,B0007,0.989932119846344,False
0.01,B0007,0.9983230233192444,False
0.02,B0007,0.9983604550361633,False
0.05,B0007,0.9985281229019165,False
0.1,B0007,0.9988002777099609,False
0.2,B0007,0.9966557621955872,False
0.01,B0007,0.9987193942070007,False
0.02,B0007,0.9986331462860107,False
0.05,B0007,0.9971942901611328,False
0.1,B0007,0.9986043572425842,False
0.2,B0007,0.9912844896316528,False
0.01,B0007,0.9981292486190796,False
0.02,B0007,0.9985806941986084,False
0.05,B0007,0.998967707157135,False
0.1,B0007,0.9961077570915222,False
0.2,B0007,0.9903868436813354,False
0.01,B0007,0.9972484111785889,False
0.02,B0007,0.997635006904602,False
0.05,B0007,0.9957788586616516,False
0.1,B0007,0.9923606514930725,False
0.2,B0007,0.9857682585716248,False
0.01,B0007,0.9981351494789124,False
0.02,B0007,0.9979871511459351,False
0.05,B0007,0.998160183429718,False
0.1,B0007,0.9985455274581909,False
0.2,B0007,0.9883574843406677,False
0.01,B0007,0.9986766576766968,False
0.02,B0007,0.9981089234352112,False
0.05,B0007,0.9968291521072388,False
0.1,B0007,0.9962829351425171,False
0.2,B0007,0.9872971177101135,False
0.01,B0007,0.9991971254348755,False
0.02,B0007,0.9988194704055786,False
0.05,B0007,0.9977115988731384,False
0.1,B0007,0.9986740946769714,False
0.2,B0007,0.9905754923820496,False
0.01,B0007,0.9982951879501343,False
0.02,B0007,0.9984411001205444,False
0.05,B0007,0.9983164072036743,False
0.1,B0007,0.9982855916023254,False
0.2,B0007,0.9979958534240723,False
0.01,B0007,0.9978688955307007,False
0.02,B0007,0.9987583160400391,False
0.05,B0007,0.9981629848480225,False
0.1,B0007,0.9983750581741333,False
0.2,B0007,0.9986832141876221,False
0.01,B0007,0.9972201585769653,False
0.02,B0007,0.997329592704773,False
0.05,B0007,0.9962056279182434,False
0.1,B0007,0.993715763092041,False
0.2,B0007,0.9841187596321106,False
0.01,B0007,0.9970479607582092,False
0.02,B0007,0.9971149563789368,False
0.05,B0007,0.9966796040534973,False
0.1,B0007,0.9988451600074768,False
0.2,B0007,0.991198718547821,False
0.01,B0007,0.9971803426742554,False
0.02,B0007,0.9968186020851135,False
0.05,B0007,0.9950830936431885,False
0.1,B0007,0.9931464195251465,False
0.2,B0007,0.9866416454315186,False
0.01,B0007,0.9991748332977295,False
0.02,B0007,0.9992473125457764,False
0.05,B0007,0.9991196393966675,False
0.1,B0007,0.9988983869552612,False
0.2,B0007,0.9916803240776062,False
0.01,B0007,0.9993064403533936,False
0.02,B0007,0.9993242025375366,False
0.05,B0007,0.9989179968833923,False
0.1,B0007,0.9974715113639832,False
0.2,B0007,0.9910339117050171,False
0.01,B0007,0.9990367889404297,False
0.02,B0007,0.9992930293083191,False
0.05,B0007,0.9995915293693542,False
0.1,B0007,0.9992793798446655,False
0.2,B0007,0.9988029599189758,False
0.01,B0007,0.9991142749786377,False
0.02,B0007,0.9994213581085205,False
0.05,B0007,0.9987244606018066,False
0.1,B0007,0.9991841912269592,False
0.2,B0007,0.9983997344970703,False
0.01,B0007,0.9992715120315552,False
0.02,B0007,0.9991095066070557,False
0.05,B0007,0.9993314743041992,False
0.1,B0007,0.9968074560165405,False
0.2,B0007,0.9921616911888123,False
0.01,B0007,0.9992610216140747,False
0.02,B0007,0.9994237422943115,False
0.05,B0007,0.9994068145751953,False
0.1,B0007,0.9963369965553284,False
0.2,B0007,0.9924139380455017,False
0.01,B0007,0.999192476272583,False
0.02,B0007,0.9994223117828369,False
0.05,B0007,0.9989320039749146,False
0.1,B0007,0.9978752136230469,False
0.2,B0007,0.9892215728759766,False
0.01,B0007,0.9991249442100525,False
0.02,B0007,0.9988367557525635,False
0.05,B0007,0.9985190033912659,False
0.1,B0007,0.9972172975540161,False
0.2,B0007,0.9913778305053711,False
0.01,B0007,0.9993568658828735,False
0.02,B0007,0.9989323019981384,False
0.05,B0007,0.9994339942932129,False
0.1,B0007,0.997800886631012,False
0.2,B0007,0.9896411895751953,False
0.01,B0007,0.9992674589157104,False
0.02,B0007,0.9986706972122192,False
0.05,B0007,0.9996154308319092,False
0.1,B0007,0.9985940456390381,False
0.2,B0007,0.9752562046051025,True
0.01,B0007,0.9993631839752197,False
0.02,B0007,0.9993191361427307,False
0.05,B0007,0.9994640350341797,False
0.1,B0007,0.9968459606170654,False
0.2,B0007,0.9707494378089905,True
0.01,B0007,0.9993904829025269,False
0.02,B0007,0.9992890357971191,False
0.05,B0007,0.9987882971763611,False
0.1,B0007,0.9975813627243042,False
0.2,B0007,0.9914034008979797,False
0.01,B0007,0.9993745684623718,False
0.02,B0007,0.9993735551834106,False
0.05,B0007,0.9990963935852051,False
0.1,B0007,0.9988823533058167,False
0.2,B0007,0.9995517134666443,False
0.01,B0007,0.9994234442710876,False
0.02,B0007,0.9992892146110535,False
0.05,B0007,0.9992901682853699,False
0.1,B0007,0.9979989528656006,False
0.2,B0007,0.9911484718322754,False
0.01,B0007,0.9992022514343262,False
0.02,B0007,0.9991419911384583,False
0.05,B0007,0.9993285536766052,False
0.1,B0007,0.9990274310112,False
0.2,B0007,0.9991239905357361,False
0.01,B0007,0.9993513822555542,False
0.02,B0007,0.999351441860199,False
0.05,B0007,0.998940110206604,False
0.1,B0007,0.9962508678436279,False
0.2,B0007,0.9993923902511597,False
0.01,B0007,0.9993658065795898,False
0.02,B0007,0.999508798122406,False
0.05,B0007,0.9993858933448792,False
0.1,B0007,0.9984561800956726,False
0.2,B0007,0.993556559085846,False
0.01,B0007,0.9995161890983582,False
0.02,B0007,0.9995352029800415,False
0.05,B0007,0.999252200126648,False
0.1,B0007,0.9990401268005371,False
0.2,B0007,0.9993586540222168,False
0.01,B0007,0.9997291564941406,False
0.02,B0007,0.999476969242096,False
0.05,B0007,0.9986910820007324,False
0.1,B0007,0.9974275231361389,False
0.2,B0007,0.9885236024856567,False
0.01,B0007,0.9995775818824768,False
0.02,B0007,0.9994888305664062,False
0.05,B0007,0.9993905425071716,False
0.1,B0007,0.9979097843170166,False
0.2,B0007,0.996092677116394,False
0.01,B0007,0.999468982219696,False
0.02,B0007,0.99925696849823,False
0.05,B0007,0.9995483756065369,False
0.1,B0007,0.9996300339698792,False
0.2,B0007,0.9986363649368286,False
0.01,B0007,0.9995149374008179,False
0.02,B0007,0.9994961023330688,False
0.05,B0007,0.9991296529769897,False
0.1,B0007,0.9994584918022156,False
0.2,B0007,0.9992913007736206,False
0.01,B0007,0.9996455907821655,False
0.02,B0007,0.9996156692504883,False
0.05,B0007,0.9990754127502441,False
0.1,B0007,0.9978213310241699,False
0.2,B0007,0.961485743522644,True
0.01,B0007,0.999549150466919,False
0.02,B0007,0.9995811581611633,False
0.05,B0007,0.9996098279953003,False
0.1,B0007,0.9995840787887573,False
0.2,B0007,0.999390184879303,False
0.01,B0007,0.9996336698532104,False
0.02,B0007,0.9995790719985962,False
0.05,B0007,0.9989415407180786,False
0.1,B0007,0.9976789355278015,False
0.2,B0007,0.9866437911987305,False
0.01,B0007,0.9995926022529602,False
0.02,B0007,0.9995932579040527,False
0.05,B0007,0.999527633190155,False
0.1,B0007,0.9994437098503113,False
0.2,B0007,0.9983724355697632,False
0.01,B0007,0.9994755983352661,False
0.02,B0007,0.9994614720344543,False
0.05,B0007,0.9988510012626648,False
0.1,B0007,0.9985220432281494,False
0.2,B0007,0.9911092519760132,False
0.01,B0007,0.9995850324630737,False
0.02,B0007,0.9994961023330688,False
0.05,B0007,0.9988820552825928,False
0.1,B0007,0.9994206428527832,False
0.2,B0007,0.9994544982910156,False
0.01,B0007,0.9996556639671326,False
0.02,B0007,0.9995163679122925,False
0.05,B0007,0.9992838501930237,False
0.1,B0007,0.9981150031089783,False
0.2,B0007,0.9923195838928223,False
0.01,B0007,0.9995301365852356,False
0.02,B0007,0.9993810057640076,False
0.05,B0007,0.9985743165016174,False
0.1,B0007,0.9972120523452759,False
0.2,B0007,0.9901906847953796,False
0.01,B0007,0.9996256828308105,False
0.02,B0007,0.9995391368865967,False
0.05,B0007,0.9990743398666382,False
0.1,B0007,0.9972921013832092,False
0.2,B0007,0.9863002300262451,False
0.01,B0007,0.9994933605194092,False
0.02,B0007,0.9995490312576294,False
0.05,B0007,0.999508261680603,False
0.1,B0007,0.9993478059768677,False
0.2,B0007,0.9995331764221191,False
0.01,B0007,0.9991371631622314,False
0.02,B0007,0.999258816242218,False
0.05,B0007,0.9983135461807251,False
0.1,B0007,0.997234046459198,False
0.2,B0007,0.986910343170166,False
0.01,B0007,0.9995889067649841,False
0.02,B0007,0.9993427395820618,False
0.05,B0007,0.9990057349205017,False
0.1,B0007,0.9967523217201233,False
0.2,B0007,0.9929441809654236,False
0.01,B0007,0.9997661709785461,False
0.02,B0007,0.9995902180671692,False
0.05,B0007,0.9988619089126587,False
0.1,B0007,0.9961594939231873,False
0.2,B0007,0.9919455647468567,False
0.01,B0007,0.9997978210449219,False
0.02,B0007,0.9996395111083984,False
0.05,B0007,0.997370183467865,False
0.1,B0007,0.9936169385910034,False
0.2,B0007,0.9876658320426941,False
0.01,B0007,0.9997473955154419,False
0.02,B0007,0.9997192621231079,False
0.05,B0007,0.9991515278816223,False
0.1,B0007,0.997880220413208,False
0.2,B0007,0.9903490543365479,False
0.01,B0007,0.9996294975280762,False
0.02,B0007,0.9994140267372131,False
0.05,B0007,0.9989809989929199,False
0.1,B0007,0.9961467981338501,False
0.2,B0007,0.9860467314720154,False
0.01,B0007,0.9994314312934875,False
0.02,B0007,0.9993535280227661,False
0.05,B0007,0.99857497215271,False
0.1,B0007,0.9955946207046509,False
0.2,B0007,0.9884697198867798,False
0.01,B0007,0.99967360496521,False
0.02,B0007,0.9994845390319824,False
0.05,B0007,0.9989123344421387,False
0.1,B0007,0.9964245557785034,False
0.2,B0007,0.9895084500312805,False
0.01,B0007,0.9997717142105103,False
0.02,B0007,0.9994814991950989,False
0.05,B0007,0.9987443685531616,False
0.1,B0007,0.9943414330482483,False
0.2,B0007,0.9906409382820129,False
0.01,B0007,0.9998583197593689,False
0.02,B0007,0.9998667240142822,False
0.05,B0007,0.9997930526733398,False
0.1,B0007,0.9998308420181274,False
0.2,B0007,0.9988099932670593,False
0.01,B0007,0.9995278120040894,False
0.02,B0007,0.9994414448738098,False
0.05,B0007,0.9982102513313293,False
0.1,B0007,0.9970419406890869,False
0.2,B0007,0.9882442951202393,False
0.01,B0007,0.9996428489685059,False
0.02,B0007,0.9994274377822876,False
0.05,B0007,0.9994480013847351,False
0.1,B0007,0.9895197153091431,False
0.2,B0007,0.9870672821998596,False
0.01,B0007,0.9997318387031555,False
0.02,B0007,0.9996042251586914,False
0.05,B0007,0.9983859658241272,False
0.1,B0007,0.9975829124450684,False
0.2,B0007,0.9938146471977234,False
0.01,B0007,0.9997042417526245,False
0.02,B0007,0.9996238350868225,False
0.05,B0007,0.9986801743507385,False
0.1,B0007,0.9984076023101807,False
0.2,B0007,0.9690868854522705,True
0.01,B0007,0.9997278451919556,False
0.02,B0007,0.9997503757476807,False
0.05,B0007,0.998778223991394,False
0.1,B0007,0.9955148696899414,False
0.2,B0007,0.9849762916564941,False
0.01,B0007,0.9997276067733765,False
0.02,B0007,0.999629020690918,False
0.05,B0007,0.9989399909973145,False
0.1,B0007,0.9973503351211548,False
0.2,B0007,0.9889832139015198,False
0.01,B0007,0.9998299479484558,False
0.02,B0007,0.9997246265411377,False
0.05,B0007,0.9998152256011963,False
0.1,B0007,0.9998176693916321,False
0.2,B0007,0.9992340207099915,False
0.01,B0007,0.9997490644454956,False
0.02,B0007,0.9996446371078491,False
0.05,B0007,0.9991170167922974,False
0.1,B0007,0.9972960352897644,False
0.2,B0007,0.9888290762901306,False
0.01,B0007,0.9997130632400513,False
0.02,B0007,0.9998594522476196,False
0.05,B0007,0.9996075630187988,False
0.1,B0007,0.9996331930160522,False
0.2,B0007,0.9991275668144226,False
0.01,B0007,0.9996964931488037,False
0.02,B0007,0.9994893074035645,False
0.05,B0007,0.998998761177063,False
0.1,B0007,0.9987050294876099,False
0.2,B0007,0.9875450730323792,False
0.01,B0007,0.999793529510498,False
0.02,B0007,0.9997625946998596,False
0.05,B0007,0.9995354413986206,False
0.1,B0007,0.9996585845947266,False
0.2,B0007,0.9998300075531006,False
0.01,B0007,0.9998170733451843,False
0.02,B0007,0.9993941783905029,False
0.05,B0007,0.9992592930793762,False
0.1,B0007,0.997580349445343,False
0.2,B0007,0.9890903234481812,False
0.01,B0007,0.9998550415039062,False
0.02,B0007,0.9998606443405151,False
0.05,B0007,0.9998594522476196,False
0.1,B0007,0.9956268072128296,False
0.2,B0007,0.9988581538200378,False
0.01,B0007,0.9996541738510132,False
0.02,B0007,0.9993540048599243,False
0.05,B0007,0.9996023178100586,False
0.1,B0007,0.9989690184593201,False
0.2,B0007,0.9930363297462463,False
0.01,B0007,0.9998139142990112,False
0.02,B0007,0.9998229742050171,False
0.05,B0007,0.9994341731071472,False
0.1,B0007,0.997991681098938,False
0.2,B0007,0.9926702976226807,False
0.01,B0007,0.999832034111023,False
0.02,B0007,0.9997584819793701,False
0.05,B0007,0.999433696269989,False
0.1,B0007,0.9977092146873474,False
0.2,B0007,0.9929907917976379,False
0.01,B0007,0.9998856782913208,False
0.02,B0007,0.9997415542602539,False
0.05,B0007,0.9992239475250244,False
0.1,B0007,0.9969338774681091,False
0.2,B0007,0.9837684631347656,False
0.01,B0007,0.9998222589492798,False
0.02,B0007,0.9998068809509277,False
0.05,B0007,0.9998425841331482,False
0.1,B0007,0.9998164176940918,False
0.2,B0007,0.999733030796051,False
0.01,B0007,0.9996823072433472,False
0.02,B0007,0.9994460940361023,False
0.05,B0007,0.9973114728927612,False
0.1,B0007,0.9973622560501099,False
0.2,B0007,0.9637613296508789,True
0.01,B0007,0.9994000196456909,False
0.02,B0007,0.9994415044784546,False
0.05,B0007,0.9980765581130981,False
0.1,B0007,0.9983446598052979,False
0.2,B0007,0.9830264449119568,False
0.01,B0007,0.9996955990791321,False
0.02,B0007,0.999658465385437,False
0.05,B0007,0.9989022612571716,False
0.1,B0007,0.9994932413101196,False
0.2,B0007,0.999732494354248,False
0.01,B0007,0.999792754650116,False
0.02,B0007,0.9997556209564209,False
0.05,B0007,0.9995765089988708,False
0.1,B0007,0.9998436570167542,False
0.2,B0007,0.9983555674552917,False
0.01,B0007,0.9997591972351074,False
0.02,B0007,0.9994669556617737,False
0.05,B0007,0.9989269971847534,False
0.1,B0007,0.9954158067703247,False
0.2,B0007,0.9942969083786011,False
0.01,B0007,0.9995700120925903,False
0.02,B0007,0.9987456202507019,False
0.05,B0007,0.9988283514976501,False
0.1,B0007,0.9932160377502441,False
0.2,B0007,0.9936972856521606,False
0.01,B0007,0.999372124671936,False
0.02,B0007,0.9995021820068359,False
0.05,B0007,0.9980253577232361,False
0.1,B0007,0.9974493384361267,False
0.2,B0007,0.9906566143035889,False
0.01,B0007,0.9992117881774902,False
0.02,B0007,0.9987496137619019,False
0.05,B0007,0.9979100227355957,False
0.1,B0007,0.9901019334793091,False
0.2,B0007,0.9868898391723633,False
0.01,B0007,0.9997440576553345,False
0.02,B0007,0.9997954368591309,False
0.05,B0007,0.9997578263282776,False
0.1,B0007,0.9993534684181213,False
0.2,B0007,0.99985671043396,False
0.01,B0007,0.9997053146362305,False
0.02,B0007,0.9995566606521606,False
0.05,B0007,0.9988023042678833,False
0.1,B0007,0.9978810548782349,False
0.2,B0007,0.9845155477523804,False
0.01,B0007,0.99965900182724,False
0.02,B0007,0.999476432800293,False
0.05,B0007,0.9991464018821716,False
0.1,B0007,0.9955911636352539,False
0.2,B0007,0.9851288199424744,False
0.01,B0007,0.9995048642158508,False
0.02,B0007,0.9996684193611145,False
0.05,B0007,0.9983762502670288,False
0.1,B0007,0.9976975321769714,False
0.2,B0007,0.9967666268348694,False
0.01,B0007,0.9993860721588135,False
0.02,B0007,0.9996774196624756,False
0.05,B0007,0.9992743730545044,False
0.1,B0007,0.9946498274803162,False
0.2,B0007,0.9940823316574097,False
0.01,B0007,0.9994834661483765,False
0.02,B0007,0.9997362494468689,False
0.05,B0007,0.9993323683738708,False
0.1,B0007,0.9934324026107788,False
0.2,B0007,0.9934730529785156,False
0.01,B0007,0.9997045397758484,False
0.02,B0007,0.99977046251297,False
0.05,B0007,0.9997130632400513,False
0.1,B0007,0.9988744854927063,False
0.2,B0007,0.9887480735778809,False
0.01,B0007,0.9994640350341797,False
0.02,B0007,0.9994735717773438,False
0.05,B0007,0.9988796710968018,False
0.1,B0007,0.9958286285400391,False
0.2,B0007,0.9724518656730652,True
0.01,B0007,0.9996718168258667,False
0.02,B0007,0.9995821118354797,False
0.05,B0007,0.9988624453544617,False
0.1,B0007,0.997617781162262,False
0.2,B0007,0.9878538846969604,False
0.01,B0007,0.99969881772995,False
0.02,B0007,0.9988844394683838,False
0.05,B0007,0.9994193315505981,False
0.1,B0007,0.9997314810752869,False
0.2,B0007,0.9991466999053955,False
0.01,B0007,0.9996278882026672,False
0.02,B0007,0.9994860291481018,False
0.05,B0007,0.9985666871070862,False
0.1,B0007,0.9953576922416687,False
0.2,B0007,0.9821126461029053,False
0.01,B0007,0.999501645565033,False
0.02,B0007,0.9990200996398926,False
0.05,B0007,0.9983152151107788,False
0.1,B0007,0.9968562126159668,False
0.2,B0007,0.9898441433906555,False
0.01,B0007,0.9995018243789673,False
0.02,B0007,0.9994179010391235,False
0.05,B0007,0.9986757040023804,False
0.1,B0007,0.9965455532073975,False
0.2,B0007,0.9897414445877075,False
0.01,B0007,0.9996180534362793,False
0.02,B0007,0.9995480179786682,False
0.05,B0007,0.999519944190979,False
0.1,B0007,0.9991589784622192,False
0.2,B0007,0.9989763498306274,False
0.01,B0007,0.9993395805358887,False
0.02,B0007,0.9992631077766418,False
0.05,B0007,0.9980158805847168,False
0.1,B0007,0.9955992102622986,False
0.2,B0007,0.9517737627029419,True
0.01,B0007,0.9994057416915894,False
0.02,B0007,0.9994736909866333,False
0.05,B0007,0.9975821375846863,False
0.1,B0007,0.9973012208938599,False
0.2,B0007,0.9895817041397095,False
0.01,B0007,0.9992511868476868,False
0.02,B0007,0.998935341835022,False
0.05,B0007,0.9984827041625977,False
0.1,B0007,0.9941836595535278,False
0.2,B0007,0.9551578164100647,True
0.01,B0007,0.9994000196456909,False
0.02,B0007,0.9989702701568604,False
0.05,B0007,0.9986695051193237,False
0.1,B0007,0.9969358444213867,False
0.2,B0007,0.9894832968711853,False
0.01,B0007,0.9993076920509338,False
0.02,B0007,0.9996947050094604,False
0.05,B0007,0.9978877902030945,False
0.1,B0007,0.9868765473365784,False
0.2,B0007,0.9693029522895813,True
0.01,B0007,0.9995401501655579,False
0.02,B0007,0.9994372129440308,False
0.05,B0007,0.9982970356941223,False
0.1,B0007,0.9967770576477051,False
0.2,B0007,0.9890526533126831,False
0.01,B0007,0.999081015586853,False
0.02,B0007,0.999019205570221,False
0.05,B0007,0.9973407983779907,False
0.1,B0007,0.996609091758728,False
0.2,B0007,0.9854912757873535,False
0.01,B0007,0.9995719790458679,False
0.02,B0007,0.9995975494384766,False
0.05,B0007,0.996463418006897,False
0.1,B0007,0.9995812177658081,False
0.2,B0007,0.9993990063667297,False
0.01,B0007,0.9994195699691772,False
0.02,B0007,0.9993725419044495,False
0.05,B0007,0.9979163408279419,False
0.1,B0007,0.9960428476333618,False
0.2,B0007,0.9878228306770325,False
0.01,B0007,0.9994544982910156,False
0.02,B0007,0.999152660369873,False
0.05,B0007,0.997501790523529,False
0.1,B0007,0.995343804359436,False
0.2,B0007,0.9694875478744507,True
0.01,B0007,0.9991902112960815,False
0.02,B0007,0.9988014101982117,False
0.05,B0007,0.9977176785469055,False
0.1,B0007,0.997281551361084,False
0.2,B0007,0.9800203442573547,True
0.01,B0007,0.9994948506355286,False
0.02,B0007,0.9994989633560181,False
0.05,B0007,0.9996784925460815,False
0.1,B0007,0.9980285167694092,False
0.2,B0007,0.997867226600647,False
0.01,B0007,0.999064564704895,False
0.02,B0007,0.9990466833114624,False
0.05,B0007,0.9980902671813965,False
0.1,B0007,0.9972550272941589,False
0.2,B0007,0.983679473400116,False
0.01,B0007,0.9992451071739197,False
0.02,B0007,0.9990555047988892,False
0.05,B0007,0.9983551502227783,False
0.1,B0007,0.9954019784927368,False
0.2,B0007,0.9872658848762512,False
0.01,B0007,0.9992932081222534,False
0.02,B0007,0.99915611743927,False
0.05,B0007,0.998344898223877,False
0.1,B0007,0.9962539672851562,False
0.2,B0007,0.9896832704544067,False
0.01,B0007,0.9989825487136841,False
0.02,B0007,0.9986312985420227,False
0.05,B0007,0.9965816140174866,False
0.1,B0007,0.9940527081489563,False
0.2,B0007,0.9925340414047241,False
0.01,B0007,0.9986337423324585,False
0.02,B0007,0.9988784790039062,False
0.05,B0007,0.999172031879425,False
0.1,B0007,0.9980936646461487,False
0.2,B0007,0.9972255825996399,False
0.01,B0007,0.9988341331481934,False
0.02,B0007,0.998615562915802,False
0.05,B0007,0.9976016283035278,False
0.1,B0007,0.9951339960098267,False
0.2,B0007,0.9884982705116272,False
0.01,B0007,0.9989742040634155,False
0.02,B0007,0.9989025592803955,False
0.05,B0007,0.999268114566803,False
0.1,B0007,0.9967828989028931,False
0.2,B0007,0.9880535006523132,False
0.01,B0007,0.9988275766372681,False
0.02,B0007,0.9990463256835938,False
0.05,B0007,0.9966424107551575,False
0.1,B0007,0.997119665145874,False
0.2,B0007,0.9911240339279175,False
0.01,B0007,0.9986938238143921,False
0.02,B0007,0.9983245730400085,False
0.05,B0007,0.9979034662246704,False
0.1,B0007,0.9941412806510925,False
0.2,B0007,0.9858528971672058,False
0.01,B0007,0.9995882511138916,False
0.02,B0007,0.9995790719985962,False
0.05,B0007,0.9995957016944885,False
0.1,B0007,0.9995815753936768,False
0.2,B0007,0.9995996356010437,False
0.01,B0007,0.9992620348930359,False
0.02,B0007,0.999077320098877,False
0.05,B0007,0.9977762699127197,False
0.1,B0007,0.995991051197052,False
0.2,B0007,0.9911516308784485,False
0.01,B0007,0.9992674589157104,False
0.02,B0007,0.9985948204994202,False
0.05,B0007,0.9983726143836975,False
0.1,B0007,0.9962248802185059,False
0.2,B0007,0.9886285066604614,False
0.01,B0007,0.9992174506187439,False
0.02,B0007,0.9989761710166931,False
0.05,B0007,0.9993460178375244,False
0.1,B0007,0.9994378089904785,False
0.2,B0007,0.9986733198165894,False
0.01,B0007,0.9991193413734436,False
0.02,B0007,0.999103307723999,False
0.05,B0007,0.9957967400550842,False
0.1,B0007,0.9991123676300049,False
0.2,B0007,0.9991317987442017,False
0.01,B0007,0.9984111189842224,False
0.02,B0007,0.9980898499488831,False
0.05,B0007,0.9970287084579468,False
0.1,B0007,0.9917455911636353,False
0.2,B0007,0.990027129650116,False
0.01,B0007,0.9987982511520386,False
0.02,B0007,0.9976682662963867,False
0.05,B0007,0.9947795271873474,False
0.1,B0007,0.9961925745010376,False
0.2,B0007,0.9718251824378967,True
0.01,B0007,0.9983251094818115,False
0.02,B0007,0.9979655146598816,False
0.05,B0007,0.9946292638778687,False
0.1,B0007,0.9847458600997925,False
0.2,B0007,0.9691305160522461,True
0.01,B0007,0.9983255863189697,False
0.02,B0007,0.9985402822494507,False
0.05,B0007,0.9976922273635864,False
0.1,B0007,0.9946887493133545,False
0.2,B0007,0.9833450317382812,False
0.01,B0007,0.9990328550338745,False
0.02,B0007,0.9973841905593872,False
0.05,B0007,0.9983041286468506,False
0.1,B0007,0.9959721565246582,False
0.2,B0007,0.984790563583374,False
0.01,B0007,0.9989179372787476,False
0.02,B0007,0.9989774227142334,False
0.05,B0007,0.998912513256073,False
0.1,B0007,0.998936653137207,False
0.2,B0007,0.99875408411026,False
0.01,B0007,0.9983523488044739,False
0.02,B0007,0.9985180497169495,False
0.05,B0007,0.9977097511291504,False
0.1,B0007,0.9947715401649475,False
0.2,B0007,0.987078070640564,False
0.01,B0007,0.9984995722770691,False
0.02,B0007,0.998516857624054,False
0.05,B0007,0.9974039793014526,False
0.1,B0007,0.9952007532119751,False
0.2,B0007,0.9887598752975464,False
0.01,B0007,0.9986016750335693,False
0.02,B0007,0.9975045323371887,False
0.05,B0007,0.9974643588066101,False
0.1,B0007,0.9815630912780762,False
0.2,B0007,0.9720777273178101,True
0.01,B0007,0.9987494349479675,False
0.02,B0007,0.9987804293632507,False
0.05,B0007,0.9979986548423767,False
0.1,B0007,0.9990630149841309,False
0.2,B0007,0.998839259147644,False
0.01,B0007,0.9981194138526917,False
0.02,B0007,0.9968243837356567,False
0.05,B0007,0.995043158531189,False
0.1,B0007,0.9869554042816162,False
0.2,B0007,0.9939456582069397,False
0.01,B0007,0.9992011785507202,False
0.02,B0007,0.9988374710083008,False
0.05,B0007,0.9968328475952148,False
0.1,B0007,0.9956954121589661,False
0.2,B0007,0.9895006418228149,False
0.01,B0007,0.9992437362670898,False
0.02,B0007,0.9981462955474854,False
0.05,B0007,0.9957479238510132,False
0.1,B0007,0.9975143074989319,False
0.2,B0007,0.9933165907859802,False
0.01,B0025,0.9978039264678955,False
0.02,B0025,0.9979702234268188,False
0.05,B0025,0.9977810382843018,False
0.1,B0025,0.9912028312683105,False
0.2,B0025,0.8999150991439819,True
0.01,B0025,0.9983218312263489,False
0.02,B0025,0.9971928596496582,False
0.05,B0025,0.9974528551101685,False
0.1,B0025,0.9677125215530396,True
0.2,B0025,0.943374752998352,True
0.01,B0025,0.9992363452911377,False
0.02,B0025,0.9987093806266785,False
0.05,B0025,0.9992220401763916,False
0.1,B0025,0.9802771806716919,True
0.2,B0025,0.9818348288536072,False
0.01,B0025,0.9982607364654541,False
0.02,B0025,0.998222827911377,False
0.05,B0025,0.9973578453063965,False
0.1,B0025,0.9867935180664062,False
0.2,B0025,0.9314283728599548,True
0.01,B0025,0.9968249201774597,False
0.02,B0025,0.9971455335617065,False
0.05,B0025,0.9965837597846985,False
0.1,B0025,0.9602843523025513,True
0.2,B0025,0.979982852935791,True
0.01,B0025,0.9927459955215454,False
0.02,B0025,0.9890903234481812,False
0.05,B0025,0.9929068088531494,False
0.1,B0025,0.9732704162597656,True
0.2,B0025,0.9802950024604797,True
0.01,B0025,0.9919959306716919,False
0.02,B0025,0.9912449717521667,False
0.05,B0025,0.9927536249160767,False
0.1,B0025,0.9810512661933899,False
0.2,B0025,0.9885575175285339,False
0.01,B0025,0.992470383644104,False
0.02,B0025,0.9930177927017212,False
0.05,B0025,0.9844385385513306,False
0.1,B0025,0.9588487148284912,True
0.2,B0025,0.9159873723983765,True
0.01,B0025,0.9862930774688721,False
0.02,B0025,0.988615870475769,False
0.05,B0025,0.9740324020385742,True
0.1,B0025,0.9317539930343628,True
0.2,B0025,0.8719042539596558,True
0.01,B0025,0.9871476888656616,False
0.02,B0025,0.9878526926040649,False
0.05,B0025,0.9856682419776917,False
0.1,B0025,0.9740350842475891,True
0.2,B0025,0.9299361705780029,True
0.01,B0025,0.9845366477966309,False
0.02,B0025,0.9846013784408569,False
0.05,B0025,0.9849395155906677,False
0.1,B0025,0.9782603979110718,True
0.2,B0025,0.9683562517166138,True
0.01,B0025,0.9768531918525696,True
0.02,B0025,0.9773833155632019,True
0.05,B0025,0.9769976139068604,True
0.1,B0025,0.9408907890319824,True
0.2,B0025,0.9303299188613892,True
0.01,B0025,0.9659506678581238,True
0.02,B0025,0.9669697880744934,True
0.05,B0025,0.9670999646186829,True
0.1,B0025,0.9805901646614075,True
0.2,B0025,0.9618486166000366,True
0.01,B0025,0.9164376854896545,True
0.02,B0025,0.9318126440048218,True
0.05,B0025,0.9353589415550232,True
0.1,B0025,0.8564668297767639,True
0.2,B0025,0.786532998085022,True
0.01,B0025,0.9762585163116455,True
0.02,B0025,0.9747693538665771,True
0.05,B0025,0.9636326432228088,True
0.1,B0025,0.9770023226737976,True
0.2,B0025,0.9314517378807068,True
0.01,B0025,0.9786347150802612,True
0.02,B0025,0.9754272103309631,True
0.05,B0025,0.977482795715332,True
0.1,B0025,0.9304636716842651,True
0.2,B0025,0.9022716879844666,True
0.01,B0025,0.9941922426223755,False
0.02,B0025,0.9931356906890869,False
0.05,B0025,0.9893211126327515,False
0.1,B0025,0.990680456161499,False
0.2,B0025,0.9259887933731079,True
0.01,B0025,0.9938267469406128,False
0.02,B0025,0.9940406680107117,False
0.05,B0025,0.992081344127655,False
0.1,B0025,0.9932814240455627,False
0.2,B0025,0.9272863864898682,True
0.01,B0025,0.9900950789451599,False
0.02,B0025,0.9877458214759827,False
0.05,B0025,0.9876854419708252,False
0.1,B0025,0.9908571243286133,False
0.2,B0025,0.9482004642486572,True
0.01,B0025,0.9930654764175415,False
0.02,B0025,0.992896556854248,False
0.05,B0025,0.9912838935852051,False
0.1,B0025,0.9890986680984497,False
0.2,B0025,0.91023188829422,True
0.01,B0025,0.9924184083938599,False
0.02,B0025,0.9915207624435425,False
0.05,B0025,0.9908772706985474,False
0.1,B0025,0.9869851469993591,False
0.2,B0025,0.9815139174461365,False
0.01,B0025,0.9901164770126343,False
0.02,B0025,0.9846426844596863,False
0.05,B0025,0.9912108182907104,False
0.1,B0025,0.9936672449111938,False
0.2,B0025,0.9783011674880981,True
0.01,B0025,0.9879276156425476,False
0.02,B0025,0.9823864698410034,False
0.05,B0025,0.9643725156784058,True
0.1,B0025,0.9363561868667603,True
0.2,B0025,0.9717087149620056,True
0.01,B0025,0.9932880401611328,False
0.02,B0025,0.9939917325973511,False
0.05,B0025,0.9918663501739502,False
0.1,B0025,0.9837895631790161,False
0.2,B0025,0.9483388066291809,True
0.01,B0025,0.9968395829200745,False
0.02,B0025,0.9956774711608887,False
0.05,B0025,0.9754024744033813,True
0.1,B0025,0.9617738127708435,True
0.2,B0025,0.9757516384124756,True
0.01,B0025,0.9984323382377625,False
0.02,B0025,0.9983361959457397,False
0.05,B0025,0.9813960194587708,False
0.1,B0025,0.9693303108215332,True
0.2,B0025,0.9636565446853638,True
0.01,B0025,0.997509241104126,False
0.02,B0025,0.9951481223106384,False
0.05,B0025,0.9952714443206787,False
0.1,B0025,0.9907071590423584,False
0.2,B0025,0.9394187331199646,True
0.01,B0025,0.9967663288116455,False
0.02,B0025,0.9966668486595154,False
0.05,B0025,0.9967770576477051,False
0.1,B0025,0.9927788972854614,False
0.2,B0025,0.9884107708930969,False
0.01,B0029,0.9983077049255371,False
0.02,B0029,0.998345136642456,False
0.05,B0029,0.9968244433403015,False
0.1,B0029,0.9939950704574585,False
0.2,B0029,0.9795404672622681,True
0.01,B0029,0.999875009059906,False
0.02,B0029,0.9997377395629883,False
0.05,B0029,0.9985046982765198,False
0.1,B0029,0.9958267211914062,False
0.2,B0029,0.9848105907440186,False
0.01,B0029,0.999600887298584,False
0.02,B0029,0.9989571571350098,False
0.05,B0029,0.9988033771514893,False
0.1,B0029,0.9987784624099731,False
0.2,B0029,0.9844377636909485,False
0.01,B0029,0.9997959733009338,False
0.02,B0029,0.9990184307098389,False
0.05,B0029,0.9983118176460266,False
0.1,B0029,0.9934959411621094,False
0.2,B0029,0.9750869274139404,True
0.01,B0029,0.9997101426124573,False
0.02,B0029,0.9993476271629333,False
0.05,B0029,0.9976381063461304,False
0.1,B0029,0.9932171106338501,False
0.2,B0029,0.9802661538124084,True
0.01,B0029,0.9991841912269592,False
0.02,B0029,0.9994004368782043,False
0.05,B0029,0.9964391589164734,False
0.1,B0029,0.9935962557792664,False
0.2,B0029,0.9765928387641907,True
0.01,B0029,0.9996005892753601,False
0.02,B0029,0.9990682601928711,False
0.05,B0029,0.9994338154792786,False
0.1,B0029,0.9929388761520386,False
0.2,B0029,0.9705900549888611,True
0.01,B0029,0.9998342394828796,False
0.02,B0029,0.9997114539146423,False
0.05,B0029,0.9987050294876099,False
0.1,B0029,0.9953826665878296,False
0.2,B0029,0.9787888526916504,True
0.01,B0029,0.9996314644813538,False
0.02,B0029,0.9994409680366516,False
0.05,B0029,0.9976745247840881,False
0.1,B0029,0.9935504198074341,False
0.2,B0029,0.9773764610290527,True
0.01,B0029,0.9995732307434082,False
0.02,B0029,0.9996011257171631,False
0.05,B0029,0.9974843263626099,False
0.1,B0029,0.9990410804748535,False
0.2,B0029,0.9653544425964355,True
0.01,B0029,0.9993914365768433,False
0.02,B0029,0.999779224395752,False
0.05,B0029,0.9976973533630371,False
0.1,B0029,0.9930503964424133,False
0.2,B0029,0.9910681247711182,False
0.01,B0029,0.9995406866073608,False
0.02,B0029,0.9989275932312012,False
0.05,B0029,0.9972109198570251,False
0.1,B0029,0.9964603185653687,False
0.2,B0029,0.9515810608863831,True
0.01,B0029,0.999884843826294,False
0.02,B0029,0.9997366666793823,False
0.05,B0029,0.9982856512069702,False
0.1,B0029,0.9961975812911987,False
0.2,B0029,0.9868636131286621,False
0.01,B0029,0.9999215602874756,False
0.02,B0029,0.999549150466919,False
0.05,B0029,0.9992243647575378,False
0.1,B0029,0.9960244297981262,False
0.2,B0029,0.996372640132904,False
0.01,B0029,0.9995967745780945,False
0.02,B0029,0.9990478754043579,False
0.05,B0029,0.999157190322876,False
0.1,B0029,0.9991381764411926,False
0.2,B0029,0.9900426864624023,False
0.01,B0029,0.9996671676635742,False
0.02,B0029,0.999485433101654,False
0.05,B0029,0.9985179901123047,False
0.1,B0029,0.995018720626831,False
0.2,B0029,0.9823504686355591,False
0.01,B0029,0.999812126159668,False
0.02,B0029,0.9987544417381287,False
0.05,B0029,0.9966223239898682,False
0.1,B0029,0.9940706491470337,False
0.2,B0029,0.982330858707428,False
0.01,B0029,0.999855637550354,False
0.02,B0029,0.9994765520095825,False
0.05,B0029,0.9965897798538208,False
0.1,B0029,0.9932138919830322,False
0.2,B0029,0.9847925305366516,False
0.01,B0029,0.999712347984314,False
0.02,B0029,0.9989663362503052,False
0.05,B0029,0.996913492679596,False
0.1,B0029,0.9931784272193909,False
0.2,B0029,0.9792368412017822,True
0.01,B0029,0.9997107982635498,False
0.02,B0029,0.9994921684265137,False
0.05,B0029,0.9970635175704956,False
0.1,B0029,0.9941389560699463,False
0.2,B0029,0.9798370003700256,True
0.01,B0029,0.9996715784072876,False
0.02,B0029,0.9989832639694214,False
0.05,B0029,0.9974592328071594,False
0.1,B0029,0.9946721792221069,False
0.2,B0029,0.9799011945724487,True
0.01,B0029,0.9997332096099854,False
0.02,B0029,0.9989190101623535,False
0.05,B0029,0.9986830949783325,False
0.1,B0029,0.9972107410430908,False
0.2,B0029,0.968312680721283,True
0.01,B0029,0.9997518658638,False
0.02,B0029,0.9990822672843933,False
0.05,B0029,0.9966590404510498,False
0.1,B0029,0.993986189365387,False
0.2,B0029,0.9786044359207153,True
0.01,B0029,0.9994320273399353,False
0.02,B0029,0.9988406896591187,False
0.05,B0029,0.9985225200653076,False
0.1,B0029,0.9947471618652344,False
0.2,B0029,0.9821029901504517,False
0.01,B0029,0.9996926784515381,False
0.02,B0029,0.9988783597946167,False
0.05,B0029,0.9961007237434387,False
0.1,B0029,0.9942920804023743,False
0.2,B0029,0.9749840497970581,True
0.01,B0029,0.9997837543487549,False
0.02,B0029,0.9995602369308472,False
0.05,B0029,0.9983674883842468,False
0.1,B0029,0.9967442154884338,False
0.2,B0029,0.9834541082382202,False
0.01,B0029,0.999686062335968,False
0.02,B0029,0.9985167384147644,False
0.05,B0029,0.9965500831604004,False
0.1,B0029,0.9963598251342773,False
0.2,B0029,0.9773384928703308,True
0.01,B0029,0.9994601607322693,False
0.02,B0029,0.999836802482605,False
0.05,B0029,0.9994157552719116,False
0.1,B0029,0.9939950704574585,False
0.2,B0029,0.9880138039588928,False
0.01,B0029,0.9998145699501038,False
0.02,B0029,0.9994853734970093,False
0.05,B0029,0.9977720975875854,False
0.1,B0029,0.9928350448608398,False
0.2,B0029,0.974696159362793,True
0.01,B0029,0.999515175819397,False
0.02,B0029,0.9989563226699829,False
0.05,B0029,0.9966630339622498,False
0.1,B0029,0.9926208257675171,False
0.2,B0029,0.9652602672576904,True
0.01,B0029,0.9997060894966125,False
0.02,B0029,0.9996374249458313,False
0.05,B0029,0.999318540096283,False
0.1,B0029,0.9949042201042175,False
0.2,B0029,0.9893755912780762,False
0.01,B0029,0.9995535016059875,False
0.02,B0029,0.9993714094161987,False
0.05,B0029,0.9983031749725342,False
0.1,B0029,0.9958959221839905,False
0.2,B0029,0.9808694124221802,False
0.01,B0029,0.9996989965438843,False
0.02,B0029,0.9984612464904785,False
0.05,B0029,0.9962606430053711,False
0.1,B0029,0.9916802644729614,False
0.2,B0029,0.9969439506530762,False
0.01,B0029,0.9995189309120178,False
0.02,B0029,0.9987998008728027,False
0.05,B0029,0.9972733855247498,False
0.1,B0029,0.9960125684738159,False
0.2,B0029,0.9798746109008789,True
0.01,B0029,0.9995846748352051,False
0.02,B0029,0.9993734359741211,False
0.05,B0029,0.9983804821968079,False
0.1,B0029,0.9951992034912109,False
0.2,B0029,0.9884672164916992,False
0.01,B0029,0.9991862177848816,False
0.02,B0029,0.9993507862091064,False
0.05,B0029,0.9976573586463928,False
0.1,B0029,0.9976440072059631,False
0.2,B0029,0.9878484606742859,False
0.01,B0029,0.9992883205413818,False
0.02,B0029,0.9979097843170166,False
0.05,B0029,0.9947674870491028,False
0.1,B0029,0.9992722868919373,False
0.2,B0029,0.9742220044136047,True
0.01,B0029,0.9995704889297485,False
0.02,B0029,0.9993225932121277,False
0.05,B0029,0.9956162571907043,False
0.1,B0029,0.996268093585968,False
0.2,B0029,0.9895209670066833,False
0.01,B0029,0.9992092847824097,False
0.02,B0029,0.9983725547790527,False
0.05,B0029,0.9994914531707764,False
0.1,B0029,0.9924994111061096,False
0.2,B0029,0.9420839548110962,True
0.01,B0029,0.9994430541992188,False
0.02,B0029,0.9989753365516663,False
0.05,B0029,0.9976186752319336,False
0.1,B0029,0.9924284815788269,False
0.2,B0029,0.9773815274238586,True
0.01,B0034,0.9945078492164612,False
0.02,B0034,0.9943704605102539,False
0.05,B0034,0.992412805557251,False
0.1,B0034,0.9909024238586426,False
0.2,B0034,0.9807542562484741,True
0.01,B0034,0.9974513053894043,False
0.02,B0034,0.9984956979751587,False
0.05,B0034,0.9768258333206177,True
0.1,B0034,0.9919723272323608,False
0.2,B0034,0.9695709347724915,True
0.01,B0034,0.9994878768920898,False
0.02,B0034,0.9972443580627441,False
0.05,B0034,0.9941309094429016,False
0.1,B0034,0.9961332678794861,False
0.2,B0034,0.926506757736206,True
0.01,B0034,0.9988709688186646,False
0.02,B0034,0.9989291429519653,False
0.05,B0034,0.9977757930755615,False
0.1,B0034,0.9692463874816895,True
0.2,B0034,0.972120463848114,True
0.01,B0034,0.9990586042404175,False
0.02,B0034,0.9986812472343445,False
0.05,B0034,0.9859278202056885,False
0.1,B0034,0.9894653558731079,False
0.2,B0034,0.8697188496589661,True
0.01,B0034,0.997381329536438,False
0.02,B0034,0.9935640096664429,False
0.05,B0034,0.985306978225708,False
0.1,B0034,0.9698207974433899,True
0.2,B0034,0.9669227004051208,True
0.01,B0034,0.9966480731964111,False
0.02,B0034,0.9969285726547241,False
0.05,B0034,0.9940686821937561,False
0.1,B0034,0.9942814111709595,False
0.2,B0034,0.8601641654968262,True
0.01,B0034,0.9968836307525635,False
0.02,B0034,0.9959160685539246,False
0.05,B0034,0.9955671429634094,False
0.1,B0034,0.9704392552375793,True
0.2,B0034,0.958625853061676,True
0.01,B0034,0.9968346357345581,False
0.02,B0034,0.9970289468765259,False
0.05,B0034,0.9930405616760254,False
0.1,B0034,0.9588185548782349,True
0.2,B0034,0.9045052528381348,True
0.01,B0034,0.9963351488113403,False
0.02,B0034,0.9965958595275879,False
0.05,B0034,0.9898879528045654,False
0.1,B0034,0.983380138874054,False
0.2,B0034,0.8900311589241028,True
0.01,B0034,0.9963603615760803,False
0.02,B0034,0.9966248273849487,False
0.05,B0034,0.9934746026992798,False
0.1,B0034,0.9886701703071594,False
0.2,B0034,0.9700451493263245,True
0.01,B0034,0.9972440004348755,False
0.02,B0034,0.990681529045105,False
0.05,B0034,0.9927211999893188,False
0.1,B0034,0.9889873266220093,False
0.2,B0034,0.9694372415542603,True
0.01,B0034,0.9973341822624207,False
0.02,B0034,0.9906225204467773,False
0.05,B0034,0.986199140548706,False
0.1,B0034,0.9880082607269287,False
0.2,B0034,0.8753643035888672,True
0.01,B0034,0.9964158535003662,False
0.02,B0034,0.9953931570053101,False
0.05,B0034,0.9773020148277283,True
0.1,B0034,0.9698777198791504,True
0.2,B0034,0.9326666593551636,True
0.01,B0034,0.9951456785202026,False
0.02,B0034,0.9953761100769043,False
0.05,B0034,0.9937242269515991,False
0.1,B0034,0.9908115267753601,False
0.2,B0034,0.9492785334587097,True
0.01,B0034,0.9965028762817383,False
0.02,B0034,0.9943835139274597,False
0.05,B0034,0.9951217174530029,False
0.1,B0034,0.982498049736023,False
0.2,B0034,0.9726173877716064,True
0.01,B0034,0.9967705011367798,False
0.02,B0034,0.9964664578437805,False
0.05,B0034,0.9840635061264038,False
0.1,B0034,0.9896838665008545,False
0.2,B0034,0.9103001356124878,True
0.01,B0034,0.9967997074127197,False
0.02,B0034,0.9968138933181763,False
0.05,B0034,0.9929475784301758,False
0.1,B0034,0.965786874294281,True
0.2,B0034,0.9587863683700562,True
0.01,B0034,0.9963201284408569,False
0.02,B0034,0.9956283569335938,False
0.05,B0034,0.9955387711524963,False
0.1,B0034,0.9864718914031982,False
0.2,B0034,0.970166027545929,True
0.01,B0034,0.995874285697937,False
0.02,B0034,0.9961458444595337,False
0.05,B0034,0.9749648571014404,True
0.1,B0034,0.9699242115020752,True
0.2,B0034,0.9360790252685547,True
0.01,B0034,0.9966888427734375,False
0.02,B0034,0.996234118938446,False
0.05,B0034,0.9949131011962891,False
0.1,B0034,0.9963929057121277,False
0.2,B0034,0.9080344438552856,True
0.01,B0034,0.9990531802177429,False
0.02,B0034,0.9992293119430542,False
0.05,B0034,0.991568922996521,False
0.1,B0034,0.991572380065918,False
0.2,B0034,0.9479794502258301,True
0.01,B0034,0.9978344440460205,False
0.02,B0034,0.9965284466743469,False
0.05,B0034,0.9950886964797974,False
0.1,B0034,0.9690300226211548,True
0.2,B0034,0.9722989797592163,True
0.01,B0034,0.9975882172584534,False
0.02,B0034,0.9977303743362427,False
0.05,B0034,0.998026967048645,False
0.1,B0034,0.9910240173339844,False
0.2,B0034,0.9102240800857544,True
0.01,B0034,0.9962507486343384,False
0.02,B0034,0.9967526197433472,False
0.05,B0034,0.9936459064483643,False
0.1,B0034,0.9812390804290771,False
0.2,B0034,0.8830606937408447,True
0.01,B0034,0.9968435764312744,False
0.02,B0034,0.9970078468322754,False
0.05,B0034,0.9942145943641663,False
0.1,B0034,0.989099383354187,False
0.2,B0034,0.9184739589691162,True
0.01,B0034,0.9973019957542419,False
0.02,B0034,0.9957314729690552,False
0.05,B0034,0.9924592971801758,False
0.1,B0034,0.9817689657211304,False
0.2,B0034,0.9121071696281433,True
0.01,B0034,0.9979722499847412,False
0.02,B0034,0.9971457719802856,False
0.05,B0034,0.9964914321899414,False
0.1,B0034,0.9792807698249817,True
0.2,B0034,0.9729056358337402,True
0.01,B0034,0.9969846606254578,False
0.02,B0034,0.9963669180870056,False
0.05,B0034,0.9970844984054565,False
0.1,B0034,0.9910460710525513,False
0.2,B0034,0.9445603489875793,True
0.01,B0034,0.9962233304977417,False
0.02,B0034,0.9956368803977966,False
0.05,B0034,0.9951821565628052,False
0.1,B0034,0.9811473488807678,False
0.2,B0034,0.9592333436012268,True
0.01,B0034,0.9962476491928101,False
0.02,B0034,0.9953194260597229,False
0.05,B0034,0.9958305358886719,False
0.1,B0034,0.9852641820907593,False
0.2,B0034,0.9649535417556763,True
0.01,B0034,0.9956237077713013,False
0.02,B0034,0.9947121143341064,False
0.05,B0034,0.9954115152359009,False
0.1,B0034,0.9868677258491516,False
0.2,B0034,0.8830854296684265,True
0.01,B0034,0.9964306354522705,False
0.02,B0034,0.9949930906295776,False
0.05,B0034,0.9912616610527039,False
0.1,B0034,0.968603253364563,True
0.2,B0034,0.9181920289993286,True
0.01,B0034,0.9969935417175293,False
0.02,B0034,0.994318425655365,False
0.05,B0034,0.9910640716552734,False
0.1,B0034,0.9766726493835449,True
0.2,B0034,0.9403430223464966,True
0.01,B0034,0.9953922033309937,False
0.02,B0034,0.9955500960350037,False
0.05,B0034,0.9922448396682739,False
0.1,B0034,0.9510030746459961,True
0.2,B0034,0.8911540508270264,True
0.01,B0034,0.9960238933563232,False
0.02,B0034,0.9947797656059265,False
0.05,B0034,0.9922391176223755,False
0.1,B0034,0.9894464015960693,False
0.2,B0034,0.9452328681945801,True
0.01,B0034,0.9954869151115417,False
0.02,B0034,0.9948003888130188,False
0.05,B0034,0.9911960959434509,False
0.1,B0034,0.9844620227813721,False
0.2,B0034,0.9216486215591431,True
0.01,B0034,0.9954431653022766,False
0.02,B0034,0.9974101781845093,False
0.05,B0034,0.9930204749107361,False
0.1,B0034,0.9916186928749084,False
0.2,B0034,0.9434171915054321,True
0.01,B0034,0.9953485727310181,False
0.02,B0034,0.9934414625167847,False
0.05,B0034,0.9955129027366638,False
0.1,B0034,0.9900920391082764,False
0.2,B0034,0.9718983769416809,True
0.01,B0034,0.9970813989639282,False
0.02,B0034,0.9977695941925049,False
0.05,B0034,0.9950724840164185,False
0.1,B0034,0.994345486164093,False
0.2,B0034,0.987553060054779,False
0.01,B0034,0.9968302845954895,False
0.02,B0034,0.996203601360321,False
0.05,B0034,0.9952394962310791,False
0.1,B0034,0.9832162857055664,False
0.2,B0034,0.936369001865387,True
0.01,B0034,0.996513843536377,False
0.02,B0034,0.9954590201377869,False
0.05,B0034,0.9912621974945068,False
0.1,B0034,0.9544764757156372,True
0.2,B0034,0.873254120349884,True
0.01,B0034,0.9987294673919678,False
0.02,B0034,0.9987004399299622,False
0.05,B0034,0.9928716421127319,False
0.1,B0034,0.9770691990852356,True
0.2,B0034,0.9630041122436523,True
0.01,B0034,0.99608314037323,False
0.02,B0034,0.9949824213981628,False
0.05,B0034,0.9955759644508362,False
0.1,B0034,0.9910799264907837,False
0.2,B0034,0.9824107885360718,False
0.01,B0034,0.9965931177139282,False
0.02,B0034,0.9979119300842285,False
0.05,B0034,0.995029866695404,False
0.1,B0034,0.9804855585098267,True
0.2,B0034,0.9515967965126038,True
0.01,B0034,0.9851502180099487,False
0.02,B0034,0.9842534065246582,False
0.05,B0034,0.9931478500366211,False
0.1,B0034,0.9907009601593018,False
0.2,B0034,0.9773058295249939,True
0.01,B0034,0.9984968304634094,False
0.02,B0034,0.9992669820785522,False
0.05,B0034,0.9974260330200195,False
0.1,B0034,0.9945999383926392,False
0.2,B0034,0.9689006209373474,True
0.01,B0034,0.9984132051467896,False
0.02,B0034,0.9971466064453125,False
0.05,B0034,0.9903906583786011,False
0.1,B0034,0.966372549533844,True
0.2,B0034,0.8880816698074341,True
0.01,B0034,0.9972404837608337,False
0.02,B0034,0.9967594146728516,False
0.05,B0034,0.9945622682571411,False
0.1,B0034,0.9902001619338989,False
0.2,B0034,0.9138995409011841,True
0.01,B0034,0.9968832731246948,False
0.02,B0034,0.9964510202407837,False
0.05,B0034,0.990947961807251,False
0.1,B0034,0.9891403913497925,False
0.2,B0034,0.959608793258667,True
0.01,B0034,0.9942200183868408,False
0.02,B0034,0.9966380596160889,False
0.05,B0034,0.9955830574035645,False
0.1,B0034,0.9901564121246338,False
0.2,B0034,0.9602259397506714,True
0.01,B0034,0.9966448545455933,False
0.02,B0034,0.9980924129486084,False
0.05,B0034,0.9941097497940063,False
0.1,B0034,0.9811374545097351,False
0.2,B0034,0.9610462188720703,True
0.01,B0034,0.9953116178512573,False
0.02,B0034,0.9955273866653442,False
0.05,B0034,0.9925754070281982,False
0.1,B0034,0.9892732501029968,False
0.2,B0034,0.9933552742004395,False
0.01,B0034,0.9960166811943054,False
0.02,B0034,0.9953082799911499,False
0.05,B0034,0.99139004945755,False
0.1,B0034,0.9897690415382385,False
0.2,B0034,0.9208884239196777,True
0.01,B0034,0.9969368577003479,False
0.02,B0034,0.9956647157669067,False
0.05,B0034,0.9934937357902527,False
0.1,B0034,0.989031195640564,False
0.2,B0034,0.934973955154419,True
0.01,B0034,0.9953599572181702,False
0.02,B0034,0.9976409673690796,False
0.05,B0034,0.9945440888404846,False
0.1,B0034,0.9807018041610718,True
0.2,B0034,0.9562877416610718,True
0.01,B0034,0.9931972026824951,False
0.02,B0034,0.9920737743377686,False
0.05,B0034,0.997948408126831,False
0.1,B0034,0.9860159754753113,False
0.2,B0034,0.9674606323242188,True
0.01,B0034,0.9966486692428589,False
0.02,B0034,0.9972470998764038,False
0.05,B0034,0.9956648945808411,False
0.1,B0034,0.9886826276779175,False
0.2,B0034,0.9640079140663147,True
0.01,B0034,0.9964290857315063,False
0.02,B0034,0.9971529245376587,False
0.05,B0034,0.9945305585861206,False
0.1,B0034,0.9864956140518188,False
0.2,B0034,0.9443135261535645,True
0.01,B0034,0.9958887696266174,False
0.02,B0034,0.9968422651290894,False
0.05,B0034,0.9933356046676636,False
0.1,B0034,0.9899168610572815,False
0.2,B0034,0.961566150188446,True
0.01,B0034,0.9964455366134644,False
0.02,B0034,0.9952379465103149,False
0.05,B0034,0.9922924041748047,False
0.1,B0034,0.9879370927810669,False
0.2,B0034,0.8832864761352539,True
0.01,B0034,0.9937022924423218,False
0.02,B0034,0.9938373565673828,False
0.05,B0034,0.988720178604126,False
0.1,B0034,0.9891235828399658,False
0.2,B0034,0.9690724015235901,True
0.01,B0034,0.991806149482727,False
0.02,B0034,0.9886098504066467,False
0.05,B0034,0.9962866306304932,False
0.1,B0034,0.990725040435791,False
0.2,B0034,0.9712783694267273,True
0.01,B0034,0.9958127737045288,False
0.02,B0034,0.9971171021461487,False
0.05,B0034,0.9885168671607971,False
0.1,B0034,0.9856355786323547,False
0.2,B0034,0.9302641749382019,True
0.01,B0034,0.9972366094589233,False
0.02,B0034,0.9943872690200806,False
0.05,B0034,0.9901595115661621,False
0.1,B0034,0.9680850505828857,True
0.2,B0034,0.9457037448883057,True
0.01,B0034,0.9944456815719604,False
0.02,B0034,0.9939926266670227,False
0.05,B0034,0.9949291944503784,False
0.1,B0034,0.988356351852417,False
0.2,B0034,0.9625787734985352,True
0.01,B0034,0.9970417022705078,False
0.02,B0034,0.9963982701301575,False
0.05,B0034,0.9976785182952881,False
0.1,B0034,0.9913751482963562,False
0.2,B0034,0.9833372831344604,False
0.01,B0034,0.9916606545448303,False
0.02,B0034,0.993979811668396,False
0.05,B0034,0.990534782409668,False
0.1,B0034,0.9969083666801453,False
0.2,B0034,0.9386157989501953,True
0.01,B0034,0.9961353540420532,False
0.02,B0034,0.9953659772872925,False
0.05,B0034,0.9916226267814636,False
0.1,B0034,0.9883707165718079,False
0.2,B0034,0.9132740497589111,True
0.01,B0034,0.9970430135726929,False
0.02,B0034,0.9984433054924011,False
0.05,B0034,0.9945333003997803,False
0.1,B0034,0.989170253276825,False
0.2,B0034,0.9124164581298828,True
0.01,B0034,0.996148943901062,False
0.02,B0034,0.9966622591018677,False
0.05,B0034,0.9931619763374329,False
0.1,B0034,0.9888447523117065,False
0.2,B0034,0.9147253036499023,True
0.01,B0034,0.9956608414649963,False
0.02,B0034,0.9969940185546875,False
0.05,B0034,0.994521975517273,False
0.1,B0034,0.9881129264831543,False
0.2,B0034,0.8907040357589722,True
0.01,B0034,0.9965964555740356,False
0.02,B0034,0.9969165921211243,False
0.05,B0034,0.9974947571754456,False
0.1,B0034,0.9926343560218811,False
0.2,B0034,0.9139365553855896,True
0.01,B0034,0.9929219484329224,False
0.02,B0034,0.989861011505127,False
0.05,B0034,0.997411847114563,False
0.1,B0034,0.9736176133155823,True
0.2,B0034,0.9425899982452393,True
0.01,B0034,0.994478702545166,False
0.02,B0034,0.9955840110778809,False
0.05,B0034,0.9938297271728516,False
0.1,B0034,0.9901262521743774,False
0.2,B0034,0.953164279460907,True
0.01,B0034,0.9968178868293762,False
0.02,B0034,0.994829535484314,False
0.05,B0034,0.9920929670333862,False
0.1,B0034,0.9733283519744873,True
0.2,B0034,0.9114320278167725,True
0.01,B0034,0.9942699670791626,False
0.02,B0034,0.9941203594207764,False
0.05,B0034,0.9864360690116882,False
0.1,B0034,0.9603699445724487,True
0.2,B0034,0.8833709955215454,True
0.01,B0034,0.9949498772621155,False
0.02,B0034,0.9957433938980103,False
0.05,B0034,0.9921545386314392,False
0.1,B0034,0.9849390387535095,False
0.2,B0034,0.9032166600227356,True
0.01,B0034,0.9960693120956421,False
0.02,B0034,0.9941032528877258,False
0.05,B0034,0.9890354871749878,False
0.1,B0034,0.977290153503418,True
0.2,B0034,0.9657689332962036,True
0.01,B0034,0.9951078295707703,False
0.02,B0034,0.99302077293396,False
0.05,B0034,0.9967780709266663,False
0.1,B0034,0.9852834939956665,False
0.2,B0034,0.9661970138549805,True
0.01,B0034,0.995641827583313,False
0.02,B0034,0.9951231479644775,False
0.05,B0034,0.9954030513763428,False
0.1,B0034,0.983006477355957,False
0.2,B0034,0.9340795278549194,True
0.01,B0034,0.9960856437683105,False
0.02,B0034,0.9960491061210632,False
0.05,B0034,0.9911017417907715,False
0.1,B0034,0.9854850769042969,False
0.2,B0034,0.8979294300079346,True
0.01,B0034,0.9959461092948914,False
0.02,B0034,0.9966984987258911,False
0.05,B0034,0.9916044473648071,False
0.1,B0034,0.9788476824760437,True
0.2,B0034,0.9389078617095947,True
0.01,B0034,0.9959785342216492,False
0.02,B0034,0.9947841167449951,False
0.05,B0034,0.9916897416114807,False
0.1,B0034,0.9881945252418518,False
0.2,B0034,0.9671432375907898,True
0.01,B0034,0.9958199262619019,False
0.02,B0034,0.9964130520820618,False
0.05,B0034,0.9942617416381836,False
0.1,B0034,0.9894171953201294,False
0.2,B0034,0.9697770476341248,True
0.01,B0034,0.9960575699806213,False
0.02,B0034,0.9928338527679443,False
0.05,B0034,0.9959384202957153,False
0.1,B0034,0.9736106395721436,True
0.2,B0034,0.8947516679763794,True
0.01,B0034,0.9959473013877869,False
0.02,B0034,0.9941717386245728,False
0.05,B0034,0.9935569167137146,False
0.1,B0034,0.9865968823432922,False
0.2,B0034,0.9371694922447205,True
0.01,B0034,0.9965084195137024,False
0.02,B0034,0.9947458505630493,False
0.05,B0034,0.9922972917556763,False
0.1,B0034,0.9880295395851135,False
0.2,B0034,0.932869017124176,True
0.01,B0034,0.9954625368118286,False
0.02,B0034,0.9960281848907471,False
0.05,B0034,0.9969010353088379,False
0.1,B0034,0.979374885559082,True
0.2,B0034,0.9768842458724976,True
0.01,B0034,0.9934548735618591,False
0.02,B0034,0.9924265146255493,False
0.05,B0034,0.9900226593017578,False
0.1,B0034,0.9846251010894775,False
0.2,B0034,0.968775749206543,True
0.01,B0034,0.9932940602302551,False
0.02,B0034,0.9964161515235901,False
0.05,B0034,0.9960764050483704,False
0.1,B0034,0.9873378276824951,False
0.2,B0034,0.9230852127075195,True
0.01,B0034,0.9929720163345337,False
0.02,B0034,0.9887045621871948,False
0.05,B0034,0.9901572465896606,False
0.1,B0034,0.9928133487701416,False
0.2,B0034,0.9544371366500854,True
0.01,B0034,0.9968839287757874,False
0.02,B0034,0.9962210059165955,False
0.05,B0034,0.9899164438247681,False
0.1,B0034,0.9852368235588074,False
0.2,B0034,0.9437884092330933,True
0.01,B0034,0.9945698380470276,False
0.02,B0034,0.996149480342865,False
0.05,B0034,0.9916983842849731,False
0.1,B0034,0.9569585919380188,True
0.2,B0034,0.9696371555328369,True
0.01,B0034,0.9950195550918579,False
0.02,B0034,0.9952360987663269,False
0.05,B0034,0.9892868995666504,False
0.1,B0034,0.9819057583808899,False
0.2,B0034,0.9576795101165771,True
0.01,B0034,0.9954291582107544,False
0.02,B0034,0.9950292110443115,False
0.05,B0034,0.9936466217041016,False
0.1,B0034,0.9803464412689209,True
0.2,B0034,0.9766386151313782,True
0.01,B0034,0.9941445589065552,False
0.02,B0034,0.9930644631385803,False
0.05,B0034,0.9932736754417419,False
0.1,B0034,0.9927775859832764,False
0.2,B0034,0.9662925004959106,True
0.01,B0034,0.9957255125045776,False
0.02,B0034,0.997156023979187,False
0.05,B0034,0.9967460632324219,False
0.1,B0034,0.9981714487075806,False
0.2,B0034,0.9610587358474731,True
0.01,B0034,0.9956151247024536,False
0.02,B0034,0.9930130243301392,False
0.05,B0034,0.9904820919036865,False
0.1,B0034,0.9746978282928467,True
0.2,B0034,0.9175692796707153,True
0.01,B0034,0.9957292079925537,False
0.02,B0034,0.9954819083213806,False
0.05,B0034,0.9875574707984924,False
0.1,B0034,0.9879113435745239,False
0.2,B0034,0.9491243958473206,True
0.01,B0034,0.994726300239563,False
0.02,B0034,0.9947422742843628,False
0.05,B0034,0.9930331707000732,False
0.1,B0034,0.9793968796730042,True
0.2,B0034,0.9103721976280212,True
0.01,B0034,0.9929991960525513,False
0.02,B0034,0.9965560436248779,False
0.05,B0034,0.9924862384796143,False
0.1,B0034,0.9824371933937073,False
0.2,B0034,0.9006169438362122,True
0.01,B0034,0.9917757511138916,False
0.02,B0034,0.9942207932472229,False
0.05,B0034,0.9913078546524048,False
0.1,B0034,0.9873461127281189,False
0.2,B0034,0.9425226449966431,True
0.01,B0034,0.9928315877914429,False
0.02,B0034,0.9972217679023743,False
0.05,B0034,0.992701530456543,False
0.1,B0034,0.9914157390594482,False
0.2,B0034,0.9652963280677795,True
0.01,B0034,0.9942207932472229,False
0.02,B0034,0.9951754808425903,False
0.05,B0034,0.992742657661438,False
0.1,B0034,0.9822098016738892,False
0.2,B0034,0.9739669561386108,True
0.01,B0034,0.995925784111023,False
0.02,B0034,0.9939561486244202,False
0.05,B0034,0.9956552386283875,False
0.1,B0034,0.9862489700317383,False
0.2,B0034,0.9646022915840149,True
0.01,B0034,0.9942472577095032,False
0.02,B0034,0.9930169582366943,False
0.05,B0034,0.9910458922386169,False
0.1,B0034,0.9841611385345459,False
0.2,B0034,0.9602943658828735,True
0.01,B0034,0.9935756921768188,False
0.02,B0034,0.9949843883514404,False
0.05,B0034,0.991985023021698,False
0.1,B0034,0.9838537573814392,False
0.2,B0034,0.9893572926521301,False
0.01,B0034,0.9939804673194885,False
0.02,B0034,0.990176796913147,False
0.05,B0034,0.9984068870544434,False
0.1,B0034,0.9929962158203125,False
0.2,B0034,0.9302911162376404,True
0.01,B0034,0.996440052986145,False
0.02,B0034,0.9910576343536377,False
0.05,B0034,0.990882933139801,False
0.1,B0034,0.9777638912200928,True
0.2,B0034,0.9523167610168457,True
0.01,B0034,0.994726836681366,False
0.02,B0034,0.994674801826477,False
0.05,B0034,0.9923052787780762,False
0.1,B0034,0.9838895797729492,False
0.2,B0034,0.9857138395309448,False
0.01,B0034,0.9961220026016235,False
0.02,B0034,0.9954057931900024,False
0.05,B0034,0.9911126494407654,False
0.1,B0034,0.9838122725486755,False
0.2,B0034,0.9539554715156555,True
0.01,B0034,0.9952831864356995,False
0.02,B0034,0.9935749769210815,False
0.05,B0034,0.9925870895385742,False
0.1,B0034,0.9752154350280762,True
0.2,B0034,0.9986121654510498,False
0.01,B0034,0.9829576015472412,False
0.02,B0034,0.9858412742614746,False
0.05,B0034,0.9807581901550293,True
0.1,B0034,0.9776942729949951,True
0.2,B0034,0.9474636316299438,True
0.01,B0034,0.9947447776794434,False
0.02,B0034,0.9935821890830994,False
0.05,B0034,0.9941508769989014,False
0.1,B0034,0.9926639199256897,False
0.2,B0034,0.9714783430099487,True
0.01,B0034,0.9968695044517517,False
0.02,B0034,0.9926481246948242,False
0.05,B0034,0.9916868805885315,False
0.1,B0034,0.9864779710769653,False
0.2,B0034,0.9145766496658325,True
0.01,B0034,0.9949733018875122,False
0.02,B0034,0.9941033124923706,False
0.05,B0034,0.9951945543289185,False
0.1,B0034,0.9822863340377808,False
0.2,B0034,0.8911625742912292,True
0.01,B0034,0.9949203729629517,False
0.02,B0034,0.9947265386581421,False
0.05,B0034,0.9989325404167175,False
0.1,B0034,0.9753496646881104,True
0.2,B0034,0.952508807182312,True
0.01,B0034,0.994365394115448,False
0.02,B0034,0.9944359064102173,False
0.05,B0034,0.9926562309265137,False
0.1,B0034,0.9885064363479614,False
0.2,B0034,0.9630454778671265,True
0.01,B0034,0.994983434677124,False
0.02,B0034,0.9952566623687744,False
0.05,B0034,0.9932678937911987,False
0.1,B0034,0.988688588142395,False
0.2,B0034,0.9167988300323486,True
0.01,B0034,0.9958797693252563,False
0.02,B0034,0.9939641356468201,False
0.05,B0034,0.9940800070762634,False
0.1,B0034,0.9917381405830383,False
0.2,B0034,0.9527355432510376,True
0.01,B0034,0.9954912066459656,False
0.02,B0034,0.995222806930542,False
0.05,B0034,0.9932790994644165,False
0.1,B0034,0.9863638877868652,False
0.2,B0034,0.9635745286941528,True
0.01,B0034,0.9950907230377197,False
0.02,B0034,0.994114875793457,False
0.05,B0034,0.9928414821624756,False
0.1,B0034,0.9675076007843018,True
0.2,B0034,0.9148525595664978,True
0.01,B0034,0.9956300854682922,False
0.02,B0034,0.9948369860649109,False
0.05,B0034,0.9954637289047241,False
0.1,B0034,0.9879076480865479,False
0.2,B0034,0.930497944355011,True
0.01,B0034,0.994884729385376,False
0.02,B0034,0.9962935447692871,False
0.05,B0034,0.9979755878448486,False
0.1,B0034,0.9743729829788208,True
0.2,B0034,0.9976863265037537,False
0.01,B0034,0.9954428672790527,False
0.02,B0034,0.9974177479743958,False
0.05,B0034,0.9871045351028442,False
0.1,B0034,0.9871472120285034,False
0.2,B0034,0.9622151851654053,True
0.01,B0034,0.9967845678329468,False
0.02,B0034,0.9972344636917114,False
0.05,B0034,0.9949915409088135,False
0.1,B0034,0.9903717041015625,False
0.2,B0034,0.9924860000610352,False
0.01,B0034,0.9947949647903442,False
0.02,B0034,0.9971368312835693,False
0.05,B0034,0.9961782097816467,False
0.1,B0034,0.9785518646240234,True
0.2,B0034,0.9422349333763123,True
0.01,B0034,0.9951746463775635,False
0.02,B0034,0.9947454929351807,False
0.05,B0034,0.9938936829566956,False
0.1,B0034,0.9878809452056885,False
0.2,B0034,0.9217923879623413,True
0.01,B0034,0.9918178915977478,False
0.02,B0034,0.9943617582321167,False
0.05,B0034,0.9949085712432861,False
0.1,B0034,0.9906931519508362,False
0.2,B0034,0.9741108417510986,True
0.01,B0034,0.9916602969169617,False
0.02,B0034,0.99312824010849,False
0.05,B0034,0.9864237904548645,False
0.1,B0034,0.9820592403411865,False
0.2,B0034,0.9582657814025879,True
0.01,B0034,0.9914503693580627,False
0.02,B0034,0.9908812046051025,False
0.05,B0034,0.9968996047973633,False
0.1,B0034,0.9886274933815002,False
0.2,B0034,0.9705499410629272,True
0.01,B0034,0.9940253496170044,False
0.02,B0034,0.9970234632492065,False
0.05,B0034,0.9917840361595154,False
0.1,B0034,0.9872111678123474,False
0.2,B0034,0.9084740877151489,True
0.01,B0034,0.9944981336593628,False
0.02,B0034,0.9944552183151245,False
0.05,B0034,0.9932753443717957,False
0.1,B0034,0.9948199987411499,False
0.2,B0034,0.9424696564674377,True
0.01,B0034,0.9950430989265442,False
0.02,B0034,0.9944237470626831,False
0.05,B0034,0.9966390132904053,False
0.1,B0034,0.9895520210266113,False
0.2,B0034,0.9759106040000916,True
0.01,B0034,0.9901135563850403,False
0.02,B0034,0.9957284927368164,False
0.05,B0034,0.9873802661895752,False
0.1,B0034,0.985052227973938,False
0.2,B0034,0.9735420346260071,True
0.01,B0034,0.9954273700714111,False
0.02,B0034,0.9927558898925781,False
0.05,B0034,0.9922624230384827,False
0.1,B0034,0.9892321228981018,False
0.2,B0034,0.9742714762687683,True
0.01,B0034,0.9942866563796997,False
0.02,B0034,0.9959232807159424,False
0.05,B0034,0.993056058883667,False
0.1,B0034,0.9820189476013184,False
0.2,B0034,0.9235063195228577,True
0.01,B0034,0.9947651624679565,False
0.02,B0034,0.9937295913696289,False
0.05,B0034,0.997959315776825,False
0.1,B0034,0.9844542741775513,False
0.2,B0034,0.9352847933769226,True
0.01,B0034,0.9946198463439941,False
0.02,B0034,0.9954227209091187,False
0.05,B0034,0.9900519251823425,False
0.1,B0034,0.9835394620895386,False
0.2,B0034,0.9541022181510925,True
0.01,B0034,0.9942624568939209,False
0.02,B0034,0.9967898726463318,False
0.05,B0034,0.9953660368919373,False
0.1,B0034,0.9892012476921082,False
0.2,B0034,0.9554843902587891,True
0.01,B0034,0.9935377836227417,False
0.02,B0034,0.9919277429580688,False
0.05,B0034,0.9915834069252014,False
0.1,B0034,0.9857690334320068,False
0.2,B0034,0.9490369558334351,True
0.01,B0034,0.9946203231811523,False
0.02,B0034,0.994925856590271,False
0.05,B0034,0.9926917552947998,False
0.1,B0034,0.9926406145095825,False
0.2,B0034,0.9709140062332153,True
0.01,B0034,0.9962312579154968,False
0.02,B0034,0.9948500394821167,False
0.05,B0034,0.9949926137924194,False
0.1,B0034,0.9848372340202332,False
0.2,B0034,0.9616381525993347,True
0.01,B0034,0.9950096607208252,False
0.02,B0034,0.9961135387420654,False
0.05,B0034,0.9919310808181763,False
0.1,B0034,0.9696502089500427,True
0.2,B0034,0.914236307144165,True
0.01,B0034,0.9945088028907776,False
0.02,B0034,0.9969804883003235,False
0.05,B0034,0.9902389645576477,False
0.1,B0034,0.9826719164848328,False
0.2,B0034,0.9132009148597717,True
0.01,B0034,0.9935622215270996,False
0.02,B0034,0.9913138151168823,False
0.05,B0034,0.991216778755188,False
0.1,B0034,0.9858585596084595,False
0.2,B0034,0.9380581378936768,True
0.01,B0034,0.9890305995941162,False
0.02,B0034,0.9867830276489258,False
0.05,B0034,0.9857361912727356,False
0.1,B0034,0.9812376499176025,False
0.2,B0034,0.9962034225463867,False
0.01,B0034,0.9956628084182739,False
0.02,B0034,0.9923862814903259,False
0.05,B0034,0.987061083316803,False
0.1,B0034,0.9855488538742065,False
0.2,B0034,0.9314221143722534,True
0.01,B0034,0.9944587349891663,False
0.02,B0034,0.9970148801803589,False
0.05,B0034,0.991381049156189,False
0.1,B0034,0.9858183860778809,False
0.2,B0034,0.9400286674499512,True
0.01,B0034,0.9924879670143127,False
0.02,B0034,0.995248019695282,False
0.05,B0034,0.9949950575828552,False
0.1,B0034,0.9883788824081421,False
0.2,B0034,0.9390681982040405,True
0.01,B0034,0.9945796728134155,False
0.02,B0034,0.9937894344329834,False
0.05,B0034,0.9946245551109314,False
0.1,B0034,0.9876511693000793,False
0.2,B0034,0.9499820470809937,True
0.01,B0034,0.995158851146698,False
0.02,B0034,0.99595046043396,False
0.05,B0034,0.9940057992935181,False
0.1,B0034,0.9903051257133484,False
0.2,B0034,0.9363645911216736,True
0.01,B0034,0.993982195854187,False
0.02,B0034,0.9945259094238281,False
0.05,B0034,0.9921032190322876,False
0.1,B0034,0.9900572299957275,False
0.2,B0034,0.9762781858444214,True
0.01,B0034,0.9953076839447021,False
0.02,B0034,0.9951877593994141,False
0.05,B0034,0.9928026795387268,False
0.1,B0034,0.9932291507720947,False
0.2,B0034,0.9498647451400757,True
0.01,B0034,0.9934954047203064,False
0.02,B0034,0.9949418306350708,False
0.05,B0034,0.9908547401428223,False
0.1,B0034,0.9879671335220337,False
0.2,B0034,0.9750464558601379,True
0.01,B0034,0.9919506311416626,False
0.02,B0034,0.9958187341690063,False
0.05,B0034,0.9916588068008423,False
0.1,B0034,0.9959993958473206,False
0.2,B0034,0.9841153621673584,False
0.01,B0034,0.994705080986023,False
0.02,B0034,0.9902228116989136,False
0.05,B0034,0.9975320100784302,False
0.1,B0034,0.9892422556877136,False
0.2,B0034,0.9460192918777466,True
0.01,B0034,0.9954091310501099,False
0.02,B0034,0.9970061779022217,False
0.05,B0034,0.9980639219284058,False
0.1,B0034,0.9902768135070801,False
0.2,B0034,0.9108742475509644,True
0.01,B0034,0.9969745874404907,False
0.02,B0034,0.9976416826248169,False
0.05,B0034,0.9973415732383728,False
0.1,B0034,0.9881207942962646,False
0.2,B0034,0.8989799618721008,True
0.01,B0034,0.9967833757400513,False
0.02,B0034,0.9976497888565063,False
0.05,B0034,0.9952362775802612,False
0.1,B0034,0.9834517240524292,False
0.2,B0034,0.9692234992980957,True
0.01,B0034,0.9927864074707031,False
0.02,B0034,0.9965597987174988,False
0.05,B0034,0.9974824786186218,False
0.1,B0034,0.9803980588912964,True
0.2,B0034,0.97119140625,True
0.01,B0034,0.9936518669128418,False
0.02,B0034,0.9965629577636719,False
0.05,B0034,0.9931501746177673,False
0.1,B0034,0.9910978078842163,False
0.2,B0034,0.9347580671310425,True
0.01,B0034,0.9948872923851013,False
0.02,B0034,0.9947673082351685,False
0.05,B0034,0.991355836391449,False
0.1,B0034,0.9944278001785278,False
0.2,B0034,0.9358460903167725,True
0.01,B0034,0.9940676689147949,False
0.02,B0034,0.9948851466178894,False
0.05,B0034,0.9944194555282593,False
0.1,B0034,0.9906082153320312,False
0.2,B0034,0.9113850593566895,True
0.01,B0034,0.9937436580657959,False
0.02,B0034,0.9951367378234863,False
0.05,B0034,0.9909535050392151,False
0.1,B0034,0.972899854183197,True
0.2,B0034,0.9070762991905212,True
0.01,B0034,0.9931401014328003,False
0.02,B0034,0.9932912588119507,False
0.05,B0034,0.9959495067596436,False
0.1,B0034,0.9896544218063354,False
0.2,B0034,0.9130386114120483,True
0.01,B0034,0.991756021976471,False
0.02,B0034,0.987089991569519,False
0.05,B0034,0.9971081614494324,False
0.1,B0034,0.9859804511070251,False
0.2,B0034,0.9601659774780273,True
0.01,B0034,0.9946068525314331,False
0.02,B0034,0.9939292669296265,False
0.05,B0034,0.9977717399597168,False
0.1,B0034,0.9893271327018738,False
0.2,B0034,0.9462100267410278,True
0.01,B0034,0.9938454627990723,False
0.02,B0034,0.9947730302810669,False
0.05,B0034,0.9971604347229004,False
0.1,B0034,0.9884650707244873,False
0.2,B0034,0.9937953948974609,False
0.01,B0034,0.994608998298645,False
0.02,B0034,0.9941761493682861,False
0.05,B0034,0.9976623058319092,False
0.1,B0034,0.9943364858627319,False
0.2,B0034,0.9654321670532227,True
0.01,B0034,0.9967941641807556,False
0.02,B0034,0.997680127620697,False
0.05,B0034,0.9976920485496521,False
0.1,B0034,0.9866196513175964,False
0.2,B0034,0.9128768444061279,True
0.01,B0034,0.9916237592697144,False
0.02,B0034,0.9925915598869324,False
0.05,B0034,0.9902215003967285,False
0.1,B0034,0.9961467981338501,False
0.2,B0034,0.9499061703681946,True
0.01,B0034,0.9939069747924805,False
0.02,B0034,0.9902776479721069,False
0.05,B0034,0.9979380369186401,False
0.1,B0034,0.9959221482276917,False
0.2,B0034,0.9377310276031494,True
0.01,B0034,0.9949142932891846,False
0.02,B0034,0.9894622564315796,False
0.05,B0034,0.9891747236251831,False
0.1,B0034,0.9892044067382812,False
0.2,B0034,0.9717519879341125,True
0.01,B0034,0.9939577579498291,False
0.02,B0034,0.9941108822822571,False
0.05,B0034,0.9961486458778381,False
0.1,B0034,0.9876577854156494,False
0.2,B0034,0.9478916525840759,True
0.01,B0034,0.994105339050293,False
0.02,B0034,0.9954925775527954,False
0.05,B0034,0.9892988204956055,False
0.1,B0034,0.9872068166732788,False
0.2,B0034,0.9579804539680481,True
0.01,B0034,0.9960892796516418,False
0.02,B0034,0.9975471496582031,False
0.05,B0034,0.9926574230194092,False
0.1,B0034,0.996078372001648,False
0.2,B0034,0.9773329496383667,True
0.01,B0034,0.9937887191772461,False
0.02,B0034,0.9950860142707825,False
0.05,B0034,0.993772566318512,False
0.1,B0034,0.9939106702804565,False
0.2,B0034,0.9978666305541992,False
0.01,B0034,0.9956768751144409,False
0.02,B0034,0.9965818524360657,False
0.05,B0034,0.9963521361351013,False
0.1,B0034,0.9884829521179199,False
0.2,B0034,0.9559077620506287,True
0.01,B0034,0.994498074054718,False
0.02,B0034,0.9971390962600708,False
0.05,B0034,0.9970041513442993,False
0.1,B0034,0.9900478720664978,False
0.2,B0034,0.9976721405982971,False
0.01,B0034,0.9964083433151245,False
0.02,B0034,0.9971960186958313,False
0.05,B0034,0.9943283200263977,False
0.1,B0034,0.9835118055343628,False
0.2,B0034,0.9939966797828674,False
0.01,B0034,0.996402382850647,False
0.02,B0034,0.9953545331954956,False
0.05,B0034,0.9957762956619263,False
0.1,B0034,0.9891386032104492,False
0.2,B0034,0.9601858854293823,True
0.01,B0034,0.9956626892089844,False
0.02,B0034,0.9941518306732178,False
0.05,B0034,0.9934353828430176,False
0.1,B0034,0.9865269660949707,False
0.2,B0034,0.9139257669448853,True
0.01,B0034,0.994860053062439,False
0.02,B0034,0.9950944185256958,False
0.05,B0034,0.9953945875167847,False
0.1,B0034,0.9900829195976257,False
0.2,B0034,0.9350641369819641,True
0.01,B0034,0.9968709945678711,False
0.02,B0034,0.9962347745895386,False
0.05,B0034,0.993208646774292,False
0.1,B0034,0.9752119183540344,True
0.2,B0034,0.9503318071365356,True
0.01,B0034,0.9948921799659729,False
0.02,B0034,0.9965066909790039,False
0.05,B0034,0.9926431179046631,False
0.1,B0034,0.979184091091156,True
0.2,B0034,0.9617519378662109,True
0.01,B0034,0.9942079782485962,False
0.02,B0034,0.9941129088401794,False
0.05,B0034,0.9909677505493164,False
0.1,B0034,0.9732930064201355,True
0.2,B0034,0.8885188698768616,True
0.01,B0034,0.9969266653060913,False
0.02,B0034,0.9968348741531372,False
0.05,B0034,0.98883455991745,False
0.1,B0034,0.9863715171813965,False
0.2,B0034,0.9590766429901123,True
0.01,B0034,0.9956914186477661,False
0.02,B0034,0.9942504167556763,False
0.05,B0034,0.991950273513794,False
0.1,B0034,0.9884620904922485,False
0.2,B0034,0.9569579362869263,True
0.01,B0034,0.9968039393424988,False
0.02,B0034,0.9956730008125305,False
0.05,B0034,0.994276225566864,False
0.1,B0034,0.9847370386123657,False
0.2,B0034,0.9511076807975769,True
0.01,B0034,0.9967977404594421,False
0.02,B0034,0.9961767792701721,False
0.05,B0034,0.9917595982551575,False
0.1,B0034,0.9873696565628052,False
0.2,B0034,0.9637485146522522,True
0.01,B0034,0.9929303526878357,False
0.02,B0034,0.9850614666938782,False
0.05,B0034,0.9922578930854797,False
0.1,B0034,0.9901422262191772,False
0.2,B0034,0.9690867066383362,True
0.01,B0034,0.990891695022583,False
0.02,B0034,0.988339900970459,False
0.05,B0034,0.986635148525238,False
0.1,B0034,0.9954663515090942,False
0.2,B0034,0.9405047297477722,True
0.01,B0034,0.9944643378257751,False
0.02,B0034,0.9945405721664429,False
0.05,B0034,0.9955993890762329,False
0.1,B0034,0.9864853024482727,False
0.2,B0034,0.9747114777565002,True
0.01,B0034,0.9950194358825684,False
0.02,B0034,0.993960440158844,False
0.05,B0034,0.9929929971694946,False
0.1,B0034,0.9913839101791382,False
0.2,B0034,0.9786741137504578,True
0.01,B0034,0.9962251782417297,False
0.02,B0034,0.9944555163383484,False
0.05,B0034,0.9982122778892517,False
0.1,B0034,0.9984145760536194,False
0.2,B0034,0.941940188407898,True
0.01,B0054,0.9747970700263977,True
0.02,B0054,0.9811445474624634,False
0.05,B0054,0.9849567413330078,False
0.1,B0054,0.9779037237167358,True
0.2,B0054,0.980143666267395,True
0.01,B0054,0.9983125329017639,False
0.02,B0054,0.9983587861061096,False
0.05,B0054,0.9971944093704224,False
0.1,B0054,0.9957112669944763,False
0.2,B0054,0.9877417087554932,False
0.01,B0054,0.998740553855896,False
0.02,B0054,0.9987446665763855,False
0.05,B0054,0.9967103004455566,False
0.1,B0054,0.9942076206207275,False
0.2,B0054,0.9817460775375366,False
0.01,B0054,0.985255241394043,False
0.02,B0054,0.9857263565063477,False
0.05,B0054,0.9862569570541382,False
0.1,B0054,0.9863356351852417,False
0.2,B0054,0.9810880422592163,False
0.01,B0054,0.9972842335700989,False
0.02,B0054,0.997441291809082,False
0.05,B0054,0.9955897927284241,False
0.1,B0054,0.9921577572822571,False
0.2,B0054,0.9830170273780823,False
0.01,B0054,0.9856966733932495,False
0.02,B0054,0.9870425462722778,False
0.05,B0054,0.9879945516586304,False
0.1,B0054,0.9855764508247375,False
0.2,B0054,0.9817641377449036,False
0.01,B0054,0.9975952506065369,False
0.02,B0054,0.996086835861206,False
0.05,B0054,0.9964929223060608,False
0.1,B0054,0.9890937209129333,False
0.2,B0054,0.9602293372154236,True
0.01,B0054,0.9872127771377563,False
0.02,B0054,0.9880366325378418,False
0.05,B0054,0.9882488250732422,False
0.1,B0054,0.9861922264099121,False
0.2,B0054,0.9864949584007263,False
0.01,B0054,0.9978514909744263,False
0.02,B0054,0.9976428747177124,False
0.05,B0054,0.9965369701385498,False
0.1,B0054,0.9944077730178833,False
0.2,B0054,0.979955792427063,True
0.01,B0054,0.998225212097168,False
0.02,B0054,0.9957755208015442,False
0.05,B0054,0.996922492980957,False
0.1,B0054,0.9910587072372437,False
0.2,B0054,0.9790074229240417,True
0.01,B0054,0.9854171872138977,False
0.02,B0054,0.9867733120918274,False
0.05,B0054,0.9881559610366821,False
0.1,B0054,0.9877053499221802,False
0.2,B0054,0.9779783487319946,True
0.01,B0054,0.9965530633926392,False
0.02,B0054,0.996021568775177,False
0.05,B0054,0.9977401494979858,False
0.1,B0054,0.9945805072784424,False
0.2,B0054,0.985876739025116,False
0.01,B0054,0.9891286492347717,False
0.02,B0054,0.9890374541282654,False
0.05,B0054,0.9883091449737549,False
0.1,B0054,0.9867566227912903,False
0.2,B0054,0.9713743925094604,True
0.01,B0054,0.9959829449653625,False
0.02,B0054,0.9947773218154907,False
0.05,B0054,0.9963287711143494,False
0.1,B0054,0.9921154975891113,False
0.2,B0054,0.9672069549560547,True
0.01,B0054,0.9966589212417603,False
0.02,B0054,0.996292233467102,False
0.05,B0054,0.9967125058174133,False
0.1,B0054,0.9927008152008057,False
0.2,B0054,0.9753337502479553,True
0.01,B0054,0.9861975908279419,False
0.02,B0054,0.985758364200592,False
0.05,B0054,0.9884578585624695,False
0.1,B0054,0.9888782501220703,False
0.2,B0054,0.9796456098556519,True
0.01,B0054,0.986580491065979,False
0.02,B0054,0.9867605566978455,False
0.05,B0054,0.9884546995162964,False
0.1,B0054,0.9886022210121155,False
0.2,B0054,0.9843755960464478,False
0.01,B0054,0.9876010417938232,False
0.02,B0054,0.9874825477600098,False
0.05,B0054,0.9886376857757568,False
0.1,B0054,0.986735463142395,False
0.2,B0054,0.9824696183204651,False
0.01,B0054,0.9891523718833923,False
0.02,B0054,0.9890079498291016,False
0.05,B0054,0.989572286605835,False
0.1,B0054,0.9903427362442017,False
0.2,B0054,0.9703447818756104,True
0.01,B0054,0.9968632459640503,False
0.02,B0054,0.9962814450263977,False
0.05,B0054,0.9965261816978455,False
0.1,B0054,0.9951323866844177,False
0.2,B0054,0.998935341835022,False
0.01,B0054,0.9857295751571655,False
0.02,B0054,0.9861152172088623,False
0.05,B0054,0.9871521592140198,False
0.1,B0054,0.988455593585968,False
0.2,B0054,0.9765536189079285,True
0.01,B0054,0.9873191714286804,False
0.02,B0054,0.9884159564971924,False
0.05,B0054,0.9891567826271057,False
0.1,B0054,0.9887149333953857,False
0.2,B0054,0.9862072467803955,False
0.01,B0054,0.9961212873458862,False
0.02,B0054,0.9983129501342773,False
0.05,B0054,0.9947820901870728,False
0.1,B0054,0.9955388307571411,False
0.2,B0054,0.9884957671165466,False
0.01,B0054,0.9884016513824463,False
0.02,B0054,0.9878283143043518,False
0.05,B0054,0.9872031211853027,False
0.1,B0054,0.987894594669342,False
0.2,B0054,0.9800752997398376,True
0.01,B0054,0.9872398376464844,False
0.02,B0054,0.9894789457321167,False
0.05,B0054,0.9886966943740845,False
0.1,B0054,0.9882435202598572,False
0.2,B0054,0.9883146286010742,False
0.01,B0054,0.9865500330924988,False
0.02,B0054,0.9867680668830872,False
0.05,B0054,0.9855166077613831,False
0.1,B0054,0.9853889346122742,False
0.2,B0054,0.958802342414856,True
0.01,B0054,0.9972692728042603,False
0.02,B0054,0.9970762133598328,False
0.05,B0054,0.997194766998291,False
0.1,B0054,0.9950312972068787,False
0.2,B0054,0.9834166765213013,False
0.01,B0054,0.9976417422294617,False
0.02,B0054,0.9984496235847473,False
0.05,B0054,0.9949221611022949,False
0.1,B0054,0.9939360618591309,False
0.2,B0054,0.9760618805885315,True
0.01,B0054,0.9971941113471985,False
0.02,B0054,0.9963241815567017,False
0.05,B0054,0.9968321323394775,False
0.1,B0054,0.990025520324707,False
0.2,B0054,0.9895380735397339,False
0.01,B0054,0.9852867722511292,False
0.02,B0054,0.9862788915634155,False
0.05,B0054,0.9870033264160156,False
0.1,B0054,0.9917266368865967,False
0.2,B0054,0.981931209564209,False
0.01,B0054,0.9971451759338379,False
0.02,B0054,0.9965736865997314,False
0.05,B0054,0.9985544085502625,False
0.1,B0054,0.9971402883529663,False
0.2,B0054,0.9844201803207397,False
0.01,B0054,0.9845655560493469,False
0.02,B0054,0.9844812750816345,False
0.05,B0054,0.9847049117088318,False
0.1,B0054,0.9925141930580139,False
0.2,B0054,0.9890550374984741,False
0.01,B0054,0.9873136281967163,False
0.02,B0054,0.9883295893669128,False
0.05,B0054,0.9905248284339905,False
0.1,B0054,0.9907669425010681,False
0.2,B0054,0.987429141998291,False
0.01,B0054,0.996673583984375,False
0.02,B0054,0.9956490397453308,False
0.05,B0054,0.9953176975250244,False
0.1,B0054,0.9947118759155273,False
0.2,B0054,0.9815211296081543,False
0.01,B0054,0.9873245358467102,False
0.02,B0054,0.9865105152130127,False
0.05,B0054,0.9891574382781982,False
0.1,B0054,0.9890603423118591,False
0.2,B0054,0.9526664018630981,True
0.01,B0054,0.9850831627845764,False
0.02,B0054,0.9839947819709778,False
0.05,B0054,0.9889709949493408,False
0.1,B0054,0.991097092628479,False
0.2,B0054,0.9871315956115723,False
0.01,B0054,0.9887593984603882,False
0.02,B0054,0.9884103536605835,False
0.05,B0054,0.9914917945861816,False
0.1,B0054,0.9906197190284729,False
0.2,B0054,0.9876191020011902,False
0.01,B0054,0.9976356029510498,False
0.02,B0054,0.9970848560333252,False
0.05,B0054,0.9969384670257568,False
0.1,B0054,0.9928886890411377,False
0.2,B0054,0.9975377917289734,False
0.01,B0054,0.9855480194091797,False
0.02,B0054,0.9860090017318726,False
0.05,B0054,0.9858861565589905,False
0.1,B0054,0.9867810606956482,False
0.2,B0054,0.9796234965324402,True
0.01,B0054,0.9957385063171387,False
0.02,B0054,0.9931304454803467,False
0.05,B0054,0.9943469762802124,False
0.1,B0054,0.9906665086746216,False
0.2,B0054,0.9748457074165344,True
0.01,B0054,0.997593879699707,False
0.02,B0054,0.9970487952232361,False
0.05,B0054,0.9978655576705933,False
0.1,B0054,0.9962199926376343,False
0.2,B0054,0.9827097654342651,False
0.01,B0054,0.983774721622467,False
0.02,B0054,0.9855974912643433,False
0.05,B0054,0.9852821826934814,False
0.1,B0054,0.9868784546852112,False
0.2,B0054,0.978827714920044,True
0.01,B0054,0.987887978553772,False
0.02,B0054,0.9847970008850098,False
0.05,B0054,0.9854459762573242,False
0.1,B0054,0.9844085574150085,False
0.2,B0054,0.9632818102836609,True
0.01,B0054,0.9853466749191284,False
0.02,B0054,0.9855514764785767,False
0.05,B0054,0.9873465299606323,False
0.1,B0054,0.9865090847015381,False
0.2,B0054,0.9813504219055176,False
0.01,B0054,0.9971156120300293,False
0.02,B0054,0.9975471496582031,False
0.05,B0054,0.9936770796775818,False
0.1,B0054,0.9869387149810791,False
0.2,B0054,0.9811977744102478,False
0.01,B0054,0.9849509000778198,False
0.02,B0054,0.9864175319671631,False
0.05,B0054,0.9872686266899109,False
0.1,B0054,0.9888777732849121,False
0.2,B0054,0.9823760986328125,False
0.01,B0054,0.9853076338768005,False
0.02,B0054,0.9845569133758545,False
0.05,B0054,0.9859943389892578,False
0.1,B0054,0.9856066703796387,False
0.2,B0054,0.9762156009674072,True
0.01,B0054,0.9846814870834351,False
0.02,B0054,0.9851374626159668,False
0.05,B0054,0.982039749622345,False
0.1,B0054,0.9816160202026367,False
0.2,B0054,0.9474659562110901,True
0.01,B0054,0.9865854382514954,False
0.02,B0054,0.9853556752204895,False
0.05,B0054,0.9827719330787659,False
0.1,B0054,0.9870755672454834,False
0.2,B0054,0.9785689115524292,True
0.01,B0054,0.9875450134277344,False
0.02,B0054,0.987328052520752,False
0.05,B0054,0.9875155687332153,False
0.1,B0054,0.9890270233154297,False
0.2,B0054,0.9827527403831482,False
0.01,B0054,0.9859007000923157,False
0.02,B0054,0.9851671457290649,False
0.05,B0054,0.9872472286224365,False
0.1,B0054,0.9876099824905396,False
0.2,B0054,0.9798606634140015,True
0.01,B0054,0.9868139624595642,False
0.02,B0054,0.988093376159668,False
0.05,B0054,0.9846587777137756,False
0.1,B0054,0.9827147722244263,False
0.2,B0054,0.9580772519111633,True
0.01,B0054,0.986208975315094,False
0.02,B0054,0.9851118922233582,False
0.05,B0054,0.985641360282898,False
0.1,B0054,0.9773194193840027,True
0.2,B0054,0.9419994950294495,True
0.01,B0054,0.9861327409744263,False
0.02,B0054,0.9843636751174927,False
0.05,B0054,0.9866390824317932,False
0.1,B0054,0.9864434599876404,False
0.2,B0054,0.9720051288604736,True
0.01,B0054,0.9861201047897339,False
0.02,B0054,0.9840672612190247,False
0.05,B0054,0.985900342464447,False
0.1,B0054,0.983782947063446,False
0.2,B0054,0.9427728652954102,True
0.01,B0054,0.9966395497322083,False
0.02,B0054,0.9983571767807007,False
0.05,B0054,0.9956158399581909,False
0.1,B0054,0.9965605139732361,False
0.2,B0054,0.9981390833854675,False
0.01,B0054,0.9857011437416077,False
0.02,B0054,0.983648419380188,False
0.05,B0054,0.9852358102798462,False
0.1,B0054,0.9885179400444031,False
0.2,B0054,0.9723504781723022,True
0.01,B0054,0.9840234518051147,False
0.02,B0054,0.983893632888794,False
0.05,B0054,0.9859603643417358,False
0.1,B0054,0.982650637626648,False
0.2,B0054,0.9844552874565125,False
0.01,B0054,0.9854007959365845,False
0.02,B0054,0.9865280389785767,False
0.05,B0054,0.9879457950592041,False
0.1,B0054,0.9898433685302734,False
0.2,B0054,0.9847197532653809,False
0.01,B0054,0.9834954738616943,False
0.02,B0054,0.9834173917770386,False
0.05,B0054,0.983544111251831,False
0.1,B0054,0.9842478036880493,False
0.2,B0054,0.9831721782684326,False
0.01,B0054,0.9967608451843262,False
0.02,B0054,0.9961183071136475,False
0.05,B0054,0.994721531867981,False
0.1,B0054,0.9927899837493896,False
0.2,B0054,0.9478999972343445,True
0.01,B0054,0.984626293182373,False
0.02,B0054,0.9859651327133179,False
0.05,B0054,0.9874179363250732,False
0.1,B0054,0.989708662033081,False
0.2,B0054,0.9831589460372925,False
0.01,B0054,0.9967756271362305,False
0.02,B0054,0.9976558089256287,False
0.05,B0054,0.9959326386451721,False
0.1,B0054,0.9932574033737183,False
0.2,B0054,0.9885852336883545,False
0.01,B0054,0.9839708805084229,False
0.02,B0054,0.9861564636230469,False
0.05,B0054,0.9842063188552856,False
0.1,B0054,0.9863905906677246,False
0.2,B0054,0.9688228368759155,True
0.01,B0054,0.983445942401886,False
0.02,B0054,0.9839084148406982,False
0.05,B0054,0.9826211929321289,False
0.1,B0054,0.981863260269165,False
0.2,B0054,0.9843176603317261,False
0.01,B0054,0.9989457130432129,False
0.02,B0054,0.9962791800498962,False
0.05,B0054,0.9937077760696411,False
0.1,B0054,0.9940186738967896,False
0.2,B0054,0.9678513407707214,True
0.01,B0054,0.9854183197021484,False
0.02,B0054,0.9864692091941833,False
0.05,B0054,0.9860209226608276,False
0.1,B0054,0.9873017072677612,False
0.2,B0054,0.9823750257492065,False
0.01,B0054,0.9845415353775024,False
0.02,B0054,0.9848155379295349,False
0.05,B0054,0.9844712018966675,False
0.1,B0054,0.9735622406005859,True
0.2,B0054,0.9540832042694092,True
0.01,B0054,0.9838799238204956,False
0.02,B0054,0.9873427748680115,False
0.05,B0054,0.9903212785720825,False
0.1,B0054,0.9855344295501709,False
0.2,B0054,0.9783958196640015,True
0.01,B0054,0.9852281212806702,False
0.02,B0054,0.9861316680908203,False
0.05,B0054,0.9869775772094727,False
0.1,B0054,0.9895551800727844,False
0.2,B0054,0.9824327230453491,False
0.01,B0054,0.9964099526405334,False
0.02,B0054,0.9962120652198792,False
0.05,B0054,0.9978945255279541,False
0.1,B0054,0.9936171174049377,False
0.2,B0054,0.9976677894592285,False
0.01,B0054,0.983785092830658,False
0.02,B0054,0.9835233688354492,False
0.05,B0054,0.9842430353164673,False
0.1,B0054,0.9841195940971375,False
0.2,B0054,0.9848828315734863,False
0.01,B0054,0.9859522581100464,False
0.02,B0054,0.9856774210929871,False
0.05,B0054,0.9872211217880249,False
0.1,B0054,0.9871758222579956,False
0.2,B0054,0.9350902438163757,True
0.01,B0054,0.9835094213485718,False
0.02,B0054,0.9852352142333984,False
0.05,B0054,0.9836788177490234,False
0.1,B0054,0.9833107590675354,False
0.2,B0054,0.9785767793655396,True
0.01,B0054,0.9847387075424194,False
0.02,B0054,0.9840344190597534,False
0.05,B0054,0.9840425252914429,False
0.1,B0054,0.9836797118186951,False
0.2,B0054,0.9704980850219727,True
0.01,B0054,0.9848293662071228,False
0.02,B0054,0.9878547191619873,False
0.05,B0054,0.9876875877380371,False
0.1,B0054,0.9880335330963135,False
0.2,B0054,0.9294129610061646,True
0.01,B0054,0.9900169372558594,False
0.02,B0054,0.9880561828613281,False
0.05,B0054,0.9932007193565369,False
0.1,B0054,0.9926348924636841,False
0.2,B0054,0.9897811412811279,False
0.01,B0054,0.9839070439338684,False
0.02,B0054,0.9856234192848206,False
0.05,B0054,0.9842362403869629,False
0.1,B0054,0.9879738688468933,False
0.2,B0054,0.984291672706604,False
0.01,B0054,0.9948779344558716,False
0.02,B0054,0.9952982068061829,False
0.05,B0054,0.9948359131813049,False
0.1,B0054,0.9956443309783936,False
0.2,B0054,0.9942888617515564,False
0.01,B0054,0.9848634004592896,False
0.02,B0054,0.985426127910614,False
0.05,B0054,0.9858689904212952,False
0.1,B0054,0.9881982803344727,False
0.2,B0054,0.9827396869659424,False
0.01,B0054,0.9855333566665649,False
0.02,B0054,0.9839208126068115,False
0.05,B0054,0.9834496974945068,False
0.1,B0054,0.9790663123130798,True
0.2,B0054,0.9373411536216736,True
0.01,B0054,0.9825217723846436,False
0.02,B0054,0.9853795766830444,False
0.05,B0054,0.9889092445373535,False
0.1,B0054,0.9899661540985107,False
0.2,B0054,0.9779843688011169,True
0.01,B0054,0.9835931062698364,False
0.02,B0054,0.9848867654800415,False
0.05,B0054,0.9857745170593262,False
0.1,B0054,0.9819762110710144,False
0.2,B0054,0.9657977223396301,True
0.01,B0054,0.9835860729217529,False
0.02,B0054,0.9858272075653076,False
0.05,B0054,0.9864657521247864,False
0.1,B0054,0.9873751401901245,False
0.2,B0054,0.9834924936294556,False
0.01,B0054,0.9841119050979614,False
0.02,B0054,0.9835230708122253,False
0.05,B0054,0.983483076095581,False
0.1,B0054,0.9796583652496338,True
0.2,B0054,0.9702666401863098,True
0.01,B0054,0.984984815120697,False
0.02,B0054,0.9822432994842529,False
0.05,B0054,0.9814208745956421,False
0.1,B0054,0.9897283911705017,False
0.2,B0054,0.9840694665908813,False
0.01,B0054,0.9943394064903259,False
0.02,B0054,0.9943296313285828,False
0.05,B0054,0.9959350228309631,False
0.1,B0054,0.9945594072341919,False
0.2,B0054,0.9966249465942383,False
0.01,B0054,0.9843441843986511,False
0.02,B0054,0.984933078289032,False
0.05,B0054,0.9823643565177917,False
0.1,B0054,0.9787794351577759,True
0.2,B0054,0.9475374221801758,True
0.01,B0054,0.9823703765869141,False
0.02,B0054,0.9820986390113831,False
0.05,B0054,0.98511803150177,False
0.1,B0054,0.9820636510848999,False
0.2,B0054,0.9833711385726929,False
0.01,B0054,0.9835702180862427,False
0.02,B0054,0.9868728518486023,False
0.05,B0054,0.9881060123443604,False
0.1,B0054,0.9817007780075073,False
0.2,B0054,0.9877504706382751,False
0.01,B0054,0.9848513603210449,False
0.02,B0054,0.9860258102416992,False
0.05,B0054,0.9846383333206177,False
0.1,B0054,0.9843323230743408,False
0.2,B0054,0.9591015577316284,True
0.01,B0054,0.9846376776695251,False
0.02,B0054,0.9839717149734497,False
0.05,B0054,0.9869667887687683,False
0.1,B0054,0.9885791540145874,False
0.2,B0054,0.9849907755851746,False
0.01,B0054,0.983485221862793,False
0.02,B0054,0.9846746921539307,False
0.05,B0054,0.9862273931503296,False
0.1,B0054,0.9912288188934326,False
0.2,B0054,0.9874119758605957,False
0.01,B0054,0.986564040184021,False
0.02,B0054,0.985169529914856,False
0.05,B0054,0.9851565361022949,False
0.1,B0054,0.9836043119430542,False
0.2,B0054,0.9732905626296997,True
0.01,B0054,0.9819489121437073,False
0.02,B0054,0.9835329651832581,False
0.05,B0054,0.9816030263900757,False
0.1,B0054,0.9822582006454468,False
0.2,B0054,0.9743024110794067,True
0.01,B0054,0.99470055103302,False
0.02,B0054,0.995295524597168,False
0.05,B0054,0.9949800372123718,False
0.1,B0054,0.9915051460266113,False
0.2,B0054,0.9747817516326904,True
0.01,B0054,0.981257975101471,False
0.02,B0054,0.9830163717269897,False
0.05,B0054,0.9900002479553223,False
0.1,B0054,0.9858714938163757,False
0.2,B0054,0.9826421737670898,False
0.01,B0054,0.9854402542114258,False
0.02,B0054,0.9856545925140381,False
0.05,B0054,0.9898083806037903,False
0.1,B0054,0.9891281127929688,False
0.2,B0054,0.9703985452651978,True
0.01,B0054,0.9820942282676697,False
0.02,B0054,0.9827450513839722,False
0.05,B0054,0.9817430973052979,False
0.1,B0054,0.982550859451294,False
0.2,B0054,0.9826496839523315,False
0.01,B0054,0.9841783046722412,False
0.02,B0054,0.9805214405059814,True
0.05,B0054,0.9817000031471252,False
0.1,B0054,0.9831337332725525,False
0.2,B0054,0.9387022256851196,True
0.01,B0054,0.9839463829994202,False
0.02,B0054,0.9831587076187134,False
0.05,B0054,0.9842362403869629,False
0.1,B0054,0.9873083233833313,False
0.2,B0054,0.988242506980896,False
0.01,B0054,0.9815794825553894,False
0.02,B0054,0.9837726950645447,False
0.05,B0054,0.9851943850517273,False
0.1,B0054,0.99267578125,False
0.2,B0054,0.9864274859428406,False
0.01,B0055,0.9707691669464111,True
0.02,B0055,0.9754026532173157,True
0.05,B0055,0.9784492254257202,True
0.1,B0055,0.9737969040870667,True
0.2,B0055,0.978222668170929,True
0.01,B0055,0.997652530670166,False
0.02,B0055,0.9982439875602722,False
0.05,B0055,0.9978815913200378,False
0.1,B0055,0.9934354424476624,False
0.2,B0055,0.9841803312301636,False
0.01,B0055,0.9979484677314758,False
0.02,B0055,0.9986627101898193,False
0.05,B0055,0.9983530044555664,False
0.1,B0055,0.9945904612541199,False
0.2,B0055,0.9897286891937256,False
0.01,B0055,0.9979559779167175,False
0.02,B0055,0.9958043098449707,False
0.05,B0055,0.9976990818977356,False
0.1,B0055,0.9968334436416626,False
0.2,B0055,0.9829772114753723,False
0.01,B0055,0.9991111755371094,False
0.02,B0055,0.9988767504692078,False
0.05,B0055,0.9966689348220825,False
0.1,B0055,0.9846620559692383,False
0.2,B0055,0.9543218612670898,True
0.01,B0055,0.9986724853515625,False
0.02,B0055,0.9976550340652466,False
0.05,B0055,0.9978324770927429,False
0.1,B0055,0.9881225824356079,False
0.2,B0055,0.9800577163696289,True
0.01,B0055,0.994417130947113,False
0.02,B0055,0.994917094707489,False
0.05,B0055,0.9951357841491699,False
0.1,B0055,0.9946104288101196,False
0.2,B0055,0.9883334636688232,False
0.01,B0055,0.9927250146865845,False
0.02,B0055,0.9915256500244141,False
0.05,B0055,0.9927757382392883,False
0.1,B0055,0.9839928150177002,False
0.2,B0055,0.9858944416046143,False
0.01,B0055,0.9975707530975342,False
0.02,B0055,0.9972284436225891,False
0.05,B0055,0.9959791302680969,False
0.1,B0055,0.992908775806427,False
0.2,B0055,0.9829559922218323,False
0.01,B0055,0.9977464079856873,False
0.02,B0055,0.997697651386261,False
0.05,B0055,0.9980043768882751,False
0.1,B0055,0.9909648895263672,False
0.2,B0055,0.9861164689064026,False
0.01,B0055,0.9937346577644348,False
0.02,B0055,0.9945720434188843,False
0.05,B0055,0.9941932559013367,False
0.1,B0055,0.9944144487380981,False
0.2,B0055,0.9863690137863159,False
0.01,B0055,0.9973433613777161,False
0.02,B0055,0.9980679154396057,False
0.05,B0055,0.9963580369949341,False
0.1,B0055,0.9926033020019531,False
0.2,B0055,0.9840460419654846,False
0.01,B0055,0.9974669218063354,False
0.02,B0055,0.9976649284362793,False
0.05,B0055,0.9960341453552246,False
0.1,B0055,0.9951657056808472,False
0.2,B0055,0.9810185432434082,False
0.01,B0055,0.9972668886184692,False
0.02,B0055,0.9973905086517334,False
0.05,B0055,0.9948192238807678,False
0.1,B0055,0.9907641410827637,False
0.2,B0055,0.984042763710022,False
0.01,B0055,0.9968754649162292,False
0.02,B0055,0.9983066320419312,False
0.05,B0055,0.9975951910018921,False
0.1,B0055,0.9945210218429565,False
0.2,B0055,0.9802315831184387,True
0.01,B0055,0.9969642162322998,False
0.02,B0055,0.9976742267608643,False
0.05,B0055,0.9946190714836121,False
0.1,B0055,0.9945043325424194,False
0.2,B0055,0.97956383228302,True
0.01,B0055,0.9968157410621643,False
0.02,B0055,0.9976215958595276,False
0.05,B0055,0.9978640079498291,False
0.1,B0055,0.9912099838256836,False
0.2,B0055,0.9896654486656189,False
0.01,B0055,0.996583104133606,False
0.02,B0055,0.9967169165611267,False
0.05,B0055,0.993462324142456,False
0.1,B0055,0.9936164617538452,False
0.2,B0055,0.9874281287193298,False
0.01,B0055,0.9984503984451294,False
0.02,B0055,0.997847855091095,False
0.05,B0055,0.9974552989006042,False
0.1,B0055,0.993127703666687,False
0.2,B0055,0.9478822946548462,True
0.01,B0055,0.9973316788673401,False
0.02,B0055,0.9977107644081116,False
0.05,B0055,0.9958764910697937,False
0.1,B0055,0.99363774061203,False
0.2,B0055,0.9832772612571716,False
0.01,B0055,0.9974994659423828,False
0.02,B0055,0.9966943264007568,False
0.05,B0055,0.9977917671203613,False
0.1,B0055,0.9971171617507935,False
0.2,B0055,0.9930025339126587,False
0.01,B0055,0.9964249134063721,False
0.02,B0055,0.9958348274230957,False
0.05,B0055,0.9973002672195435,False
0.1,B0055,0.9902421236038208,False
0.2,B0055,0.9796985387802124,True
0.01,B0055,0.9959290027618408,False
0.02,B0055,0.9974551200866699,False
0.05,B0055,0.9947299957275391,False
0.1,B0055,0.9950257539749146,False
0.2,B0055,0.9859517812728882,False
0.01,B0055,0.9959109425544739,False
0.02,B0055,0.9960495829582214,False
0.05,B0055,0.9934477806091309,False
0.1,B0055,0.988797664642334,False
0.2,B0055,0.9783312082290649,True
0.01,B0055,0.9957082271575928,False
0.02,B0055,0.9955265522003174,False
0.05,B0055,0.9946862459182739,False
0.1,B0055,0.9971505403518677,False
0.2,B0055,0.9932015538215637,False
0.01,B0055,0.9973902702331543,False
0.02,B0055,0.9979006052017212,False
0.05,B0055,0.9976736307144165,False
0.1,B0055,0.9943169355392456,False
0.2,B0055,0.9401675462722778,True
0.01,B0055,0.9958569407463074,False
0.02,B0055,0.995411217212677,False
0.05,B0055,0.9972299337387085,False
0.1,B0055,0.9897156953811646,False
0.2,B0055,0.9832879304885864,False
0.01,B0055,0.9965580701828003,False
0.02,B0055,0.9964225888252258,False
0.05,B0055,0.9944450259208679,False
0.1,B0055,0.9894275665283203,False
0.2,B0055,0.9829727411270142,False
0.01,B0055,0.9958938956260681,False
0.02,B0055,0.9954933524131775,False
0.05,B0055,0.9957289099693298,False
0.1,B0055,0.9932129979133606,False
0.2,B0055,0.9680647253990173,True
0.01,B0055,0.9966315031051636,False
0.02,B0055,0.9972789883613586,False
0.05,B0055,0.9966496229171753,False
0.1,B0055,0.9966970086097717,False
0.2,B0055,0.98398756980896,False
0.01,B0055,0.9959620237350464,False
0.02,B0055,0.9960822463035583,False
0.05,B0055,0.9970019459724426,False
0.1,B0055,0.9916329383850098,False
0.2,B0055,0.9959496259689331,False
0.01,B0055,0.9966114163398743,False
0.02,B0055,0.996454119682312,False
0.05,B0055,0.9951467514038086,False
0.1,B0055,0.9949696063995361,False
0.2,B0055,0.9981836080551147,False
0.01,B0055,0.9963728189468384,False
0.02,B0055,0.9967309236526489,False
0.05,B0055,0.9974810481071472,False
0.1,B0055,0.9881947636604309,False
0.2,B0055,0.988445520401001,False
0.01,B0055,0.997876763343811,False
0.02,B0055,0.9964027404785156,False
0.05,B0055,0.9959269762039185,False
0.1,B0055,0.9914432168006897,False
0.2,B0055,0.9505946636199951,True
0.01,B0055,0.9951277375221252,False
0.02,B0055,0.9951025247573853,False
0.05,B0055,0.995283842086792,False
0.1,B0055,0.9920000433921814,False
0.2,B0055,0.9885227680206299,False
0.01,B0055,0.9973450303077698,False
0.02,B0055,0.9974239468574524,False
0.05,B0055,0.99398273229599,False
0.1,B0055,0.995564341545105,False
0.2,B0055,0.9864183664321899,False
0.01,B0055,0.9955637454986572,False
0.02,B0055,0.99765944480896,False
0.05,B0055,0.995964527130127,False
0.1,B0055,0.9952549934387207,False
0.2,B0055,0.9975671768188477,False
0.01,B0055,0.9977104663848877,False
0.02,B0055,0.9965150952339172,False
0.05,B0055,0.9962345361709595,False
0.1,B0055,0.9936566352844238,False
0.2,B0055,0.9782660603523254,True
0.01,B0055,0.9959397315979004,False
0.02,B0055,0.9951177835464478,False
0.05,B0055,0.996025025844574,False
0.1,B0055,0.9903330206871033,False
0.2,B0055,0.930134654045105,True
0.01,B0055,0.9961901307106018,False
0.02,B0055,0.995863676071167,False
0.05,B0055,0.9958773255348206,False
0.1,B0055,0.9929826259613037,False
0.2,B0055,0.9993079900741577,False
0.01,B0055,0.9963332414627075,False
0.02,B0055,0.993690013885498,False
0.05,B0055,0.9972844123840332,False
0.1,B0055,0.9898362159729004,False
0.2,B0055,0.9828896522521973,False
0.01,B0055,0.9948000311851501,False
0.02,B0055,0.9958077669143677,False
0.05,B0055,0.9931153655052185,False
0.1,B0055,0.9855161905288696,False
0.2,B0055,0.9832403659820557,False
0.01,B0055,0.9954383373260498,False
0.02,B0055,0.9962561726570129,False
0.05,B0055,0.9954882860183716,False
0.1,B0055,0.9906067848205566,False
0.2,B0055,0.9849281311035156,False
0.01,B0055,0.9945858716964722,False
0.02,B0055,0.9946206212043762,False
0.05,B0055,0.9948332905769348,False
0.1,B0055,0.9951613545417786,False
0.2,B0055,0.9956871271133423,False
0.01,B0055,0.9958351850509644,False
0.02,B0055,0.9956125020980835,False
0.05,B0055,0.9950559139251709,False
0.1,B0055,0.9974594116210938,False
0.2,B0055,0.9928803443908691,False
0.01,B0055,0.9970090389251709,False
0.02,B0055,0.9962785243988037,False
0.05,B0055,0.9963640570640564,False
0.1,B0055,0.9928447008132935,False
0.2,B0055,0.9646763801574707,True
0.01,B0055,0.9965125322341919,False
0.02,B0055,0.9964284896850586,False
0.05,B0055,0.9948450922966003,False
0.1,B0055,0.9929357767105103,False
0.2,B0055,0.9892767667770386,False
0.01,B0055,0.9910924434661865,False
0.02,B0055,0.9914456605911255,False
0.05,B0055,0.9933271408081055,False
0.1,B0055,0.9921518564224243,False
0.2,B0055,0.9877250790596008,False
0.01,B0055,0.9951955080032349,False
0.02,B0055,0.9953628182411194,False
0.05,B0055,0.9953498244285583,False
0.1,B0055,0.9924076795578003,False
0.2,B0055,0.9704619646072388,True
0.01,B0055,0.9934709072113037,False
0.02,B0055,0.9958282113075256,False
0.05,B0055,0.9942182898521423,False
0.1,B0055,0.9878414869308472,False
0.2,B0055,0.9898443818092346,False
0.01,B0055,0.9951136112213135,False
0.02,B0055,0.9943968057632446,False
0.05,B0055,0.9973719120025635,False
0.1,B0055,0.9968613386154175,False
0.2,B0055,0.9874372482299805,False
0.01,B0055,0.9945812225341797,False
0.02,B0055,0.9973125457763672,False
0.05,B0055,0.9965227842330933,False
0.1,B0055,0.9906302690505981,False
0.2,B0055,0.9897899627685547,False
0.01,B0055,0.9950816035270691,False
0.02,B0055,0.9960582256317139,False
0.05,B0055,0.9962176084518433,False
0.1,B0055,0.9910667538642883,False
0.2,B0055,0.9952801465988159,False
0.01,B0055,0.995414137840271,False
0.02,B0055,0.9952325820922852,False
0.05,B0055,0.9974267482757568,False
0.1,B0055,0.9971569776535034,False
0.2,B0055,0.9921409487724304,False
0.01,B0055,0.9947761297225952,False
0.02,B0055,0.9953556060791016,False
0.05,B0055,0.9962568283081055,False
0.1,B0055,0.9907567501068115,False
0.2,B0055,0.9979052543640137,False
0.01,B0055,0.9970825910568237,False
0.02,B0055,0.9963772892951965,False
0.05,B0055,0.9967262744903564,False
0.1,B0055,0.9940993785858154,False
0.2,B0055,0.9814720749855042,False
0.01,B0055,0.9950762987136841,False
0.02,B0055,0.9982885122299194,False
0.05,B0055,0.9974989891052246,False
0.1,B0055,0.993571937084198,False
0.2,B0055,0.9571541547775269,True
0.01,B0055,0.9962762594223022,False
0.02,B0055,0.9969565868377686,False
0.05,B0055,0.9928234815597534,False
0.1,B0055,0.9959536194801331,False
0.2,B0055,0.9981251358985901,False
0.01,B0055,0.9936513304710388,False
0.02,B0055,0.9924620389938354,False
0.05,B0055,0.9946205615997314,False
0.1,B0055,0.993500828742981,False
0.2,B0055,0.9833762645721436,False
0.01,B0055,0.9953858852386475,False
0.02,B0055,0.9973406791687012,False
0.05,B0055,0.9928719997406006,False
0.1,B0055,0.9928929805755615,False
0.2,B0055,0.9863781929016113,False
0.01,B0055,0.9952916502952576,False
0.02,B0055,0.9965246915817261,False
0.05,B0055,0.9971886873245239,False
0.1,B0055,0.9954997301101685,False
0.2,B0055,0.9885324239730835,False
0.01,B0055,0.9958100914955139,False
0.02,B0055,0.9965506792068481,False
0.05,B0055,0.9949476718902588,False
0.1,B0055,0.9961953163146973,False
0.2,B0055,0.9909675121307373,False
0.01,B0055,0.9965322017669678,False
0.02,B0055,0.9938280582427979,False
0.05,B0055,0.9966331720352173,False
0.1,B0055,0.9763307571411133,True
0.2,B0055,0.976850152015686,True
0.01,B0055,0.9933350682258606,False
0.02,B0055,0.9944483041763306,False
0.05,B0055,0.9949310421943665,False
0.1,B0055,0.9931995272636414,False
0.2,B0055,0.9793733358383179,True
0.01,B0055,0.9963937997817993,False
0.02,B0055,0.9953925609588623,False
0.05,B0055,0.9930495619773865,False
0.1,B0055,0.9902749061584473,False
0.2,B0055,0.9929890632629395,False
0.01,B0055,0.9952168464660645,False
0.02,B0055,0.995117723941803,False
0.05,B0055,0.9944471120834351,False
0.1,B0055,0.9930383563041687,False
0.2,B0055,0.9989258050918579,False
0.01,B0055,0.993827760219574,False
0.02,B0055,0.9943969249725342,False
0.05,B0055,0.9932754635810852,False
0.1,B0055,0.9960705041885376,False
0.2,B0055,0.9897658228874207,False
0.01,B0055,0.9953188896179199,False
0.02,B0055,0.996459424495697,False
0.05,B0055,0.9955765008926392,False
0.1,B0055,0.9943817853927612,False
0.2,B0055,0.9830062389373779,False
0.01,B0055,0.9948103427886963,False
0.02,B0055,0.9979221820831299,False
0.05,B0055,0.9960418343544006,False
0.1,B0055,0.9922007322311401,False
0.2,B0055,0.9923564791679382,False
0.01,B0055,0.9941426515579224,False
0.02,B0055,0.995010256767273,False
0.05,B0055,0.9939348697662354,False
0.1,B0055,0.9896506667137146,False
0.2,B0055,0.9670923352241516,True
0.01,B0055,0.9956474304199219,False
0.02,B0055,0.9932246208190918,False
0.05,B0055,0.9926830530166626,False
0.1,B0055,0.9935054779052734,False
0.2,B0055,0.9683493375778198,True
0.01,B0055,0.9948174953460693,False
0.02,B0055,0.9963709115982056,False
0.05,B0055,0.992296576499939,False
0.1,B0055,0.9950978755950928,False
0.2,B0055,0.9910639524459839,False
0.01,B0055,0.994989812374115,False
0.02,B0055,0.9930284023284912,False
0.05,B0055,0.9956423044204712,False
0.1,B0055,0.9927760362625122,False
0.2,B0055,0.988406777381897,False
0.01,B0055,0.9958595037460327,False
0.02,B0055,0.9958716630935669,False
0.05,B0055,0.9955684542655945,False
0.1,B0055,0.9859713315963745,False
0.2,B0055,0.9725608229637146,True
0.01,B0055,0.994818925857544,False
0.02,B0055,0.9945546388626099,False
0.05,B0055,0.9964640736579895,False
0.1,B0055,0.9959518909454346,False
0.2,B0055,0.9914757013320923,False
0.01,B0055,0.99517422914505,False
0.02,B0055,0.9958022832870483,False
0.05,B0055,0.9970908164978027,False
0.1,B0055,0.9909559488296509,False
0.2,B0055,0.9898222088813782,False
0.01,B0055,0.9965958595275879,False
0.02,B0055,0.9943416118621826,False
0.05,B0055,0.9934275150299072,False
0.1,B0055,0.993797779083252,False
0.2,B0055,0.9780550003051758,True
0.01,B0055,0.9968026280403137,False
0.02,B0055,0.9932628870010376,False
0.05,B0055,0.9951795339584351,False
0.1,B0055,0.9932231903076172,False
0.2,B0055,0.9815794229507446,False
0.01,B0055,0.9949214458465576,False
0.02,B0055,0.9977198839187622,False
0.05,B0055,0.9936269521713257,False
0.1,B0055,0.996173083782196,False
0.2,B0055,0.9866475462913513,False
0.01,B0055,0.9943461418151855,False
0.02,B0055,0.9961053133010864,False
0.05,B0055,0.9963400363922119,False
0.1,B0055,0.9930484294891357,False
0.2,B0055,0.9702315330505371,True
0.01,B0055,0.9961384534835815,False
0.02,B0055,0.9958806037902832,False
0.05,B0055,0.9938017725944519,False
0.1,B0055,0.9955249428749084,False
0.2,B0055,0.992195188999176,False
0.01,B0055,0.9932315349578857,False
0.02,B0055,0.9951015710830688,False
0.05,B0055,0.993537187576294,False
0.1,B0055,0.9934966564178467,False
0.2,B0055,0.9812023639678955,False
0.01,B0055,0.9937446117401123,False
0.02,B0055,0.9937485456466675,False
0.05,B0055,0.9947474002838135,False
0.1,B0055,0.9942504167556763,False
0.2,B0055,0.985943078994751,False
0.01,B0055,0.9956258535385132,False
0.02,B0055,0.9952676296234131,False
0.05,B0055,0.994057834148407,False
0.1,B0055,0.9964949488639832,False
0.2,B0055,0.9858482480049133,False
0.01,B0055,0.9932315349578857,False
0.02,B0055,0.9909650683403015,False
0.05,B0055,0.9951081871986389,False
0.1,B0055,0.995197057723999,False
0.2,B0055,0.9879679679870605,False
0.01,B0055,0.994193971157074,False
0.02,B0055,0.9938664436340332,False
0.05,B0055,0.9978925585746765,False
0.1,B0055,0.9949343204498291,False
0.2,B0055,0.9841182231903076,False
0.01,B0055,0.995141327381134,False
0.02,B0055,0.9965605139732361,False
0.05,B0055,0.9965334534645081,False
0.1,B0055,0.9976646900177002,False
0.2,B0055,0.9884741306304932,False
0.01,B0055,0.9933837652206421,False
0.02,B0055,0.9920583963394165,False
0.05,B0055,0.9891511797904968,False
0.1,B0055,0.9858322739601135,False
0.2,B0055,0.9464124441146851,True
0.01,B0055,0.9949476718902588,False
0.02,B0055,0.9943822622299194,False
0.05,B0055,0.9923157095909119,False
0.1,B0055,0.9945073127746582,False
0.2,B0055,0.9732370376586914,True
0.01,B0055,0.9899406433105469,False
0.02,B0055,0.9887616038322449,False
0.05,B0055,0.9884815812110901,False
0.1,B0055,0.9924530982971191,False
0.2,B0055,0.9873955845832825,False
0.01,B0055,0.9929199814796448,False
0.02,B0055,0.991335928440094,False
0.05,B0055,0.9879934787750244,False
0.1,B0055,0.9958381652832031,False
0.2,B0055,0.9815391898155212,False
0.01,B0055,0.9932441711425781,False
0.02,B0055,0.9967448115348816,False
0.05,B0055,0.9979629516601562,False
0.1,B0055,0.9915823936462402,False
0.2,B0055,0.9862967729568481,False
0.01,B0055,0.9903489351272583,False
0.02,B0055,0.9946298599243164,False
0.05,B0055,0.9950854778289795,False
0.1,B0055,0.9953814744949341,False
0.2,B0055,0.990380048751831,False
0.01,B0055,0.9929290413856506,False
0.02,B0055,0.9938462376594543,False
0.05,B0055,0.9982302784919739,False
0.1,B0055,0.9949215650558472,False
0.2,B0055,0.987366795539856,False
0.01,B0055,0.9937820434570312,False
0.02,B0055,0.9931017160415649,False
0.05,B0055,0.9908336997032166,False
0.1,B0055,0.992729902267456,False
0.2,B0055,0.9636943340301514,True
0.01,B0055,0.9962345957756042,False
0.02,B0055,0.9931482076644897,False
0.05,B0055,0.9954124689102173,False
0.1,B0055,0.9939536452293396,False
0.2,B0055,0.9552924036979675,True
0.01,B0055,0.9926812648773193,False
0.02,B0055,0.9949758648872375,False
0.05,B0055,0.9944981336593628,False
0.1,B0055,0.9922690391540527,False
0.2,B0055,0.9717541933059692,True
0.01,B0055,0.9951956868171692,False
0.02,B0055,0.9947540760040283,False
0.05,B0055,0.9958243370056152,False
0.1,B0055,0.9981372356414795,False
0.2,B0055,0.9888452291488647,False
0.01,B0055,0.994532585144043,False
0.02,B0055,0.9931802749633789,False
0.05,B0055,0.9964348077774048,False
0.1,B0055,0.9972811937332153,False
0.2,B0055,0.993135929107666,False
0.01,B0055,0.9928601980209351,False
0.02,B0055,0.9931894540786743,False
0.05,B0055,0.9905466437339783,False
0.1,B0055,0.9852086305618286,False
0.2,B0055,0.9690839052200317,True
0.01,B0055,0.9923970699310303,False
0.02,B0055,0.9918602705001831,False
0.05,B0055,0.9968071579933167,False
0.1,B0055,0.9976820945739746,False
0.2,B0055,0.991926908493042,False
0.01,B0055,0.9937703609466553,False
0.02,B0055,0.9950499534606934,False
0.05,B0055,0.9961352348327637,False
0.1,B0055,0.9977449178695679,False
0.2,B0055,0.9920234680175781,False
