severity,source_cell_id,similarity_score,detected
0.01,B0018,0.9996719360351562,False
0.02,B0018,0.999772310256958,False
0.05,B0018,0.994197428226471,False
0.1,B0018,0.9782549142837524,False
0.2,B0018,0.6361192464828491,True
0.01,B0018,0.996163010597229,False
0.02,B0018,0.9979368448257446,False
0.05,B0018,0.9976443648338318,False
0.1,B0018,0.9025300145149231,False
0.2,B0018,0.6435341238975525,True
0.01,B0018,0.9986851215362549,False
0.02,B0018,0.997988224029541,False
0.05,B0018,0.9881676435470581,False
0.1,B0018,0.9557653665542603,False
0.2,B0018,0.8066455721855164,True
0.01,B0018,0.9860337972640991,False
0.02,B0018,0.9795237183570862,False
0.05,B0018,0.9899988174438477,False
0.1,B0018,0.8816293478012085,False
0.2,B0018,0.6021364331245422,True
0.01,B0018,0.991874635219574,False
0.02,B0018,0.9901442527770996,False
0.05,B0018,0.9679970145225525,False
0.1,B0018,0.8237108588218689,True
0.2,B0018,0.5998626351356506,True
0.01,B0018,0.9868123531341553,False
0.02,B0018,0.9852514266967773,False
0.05,B0018,0.9533675909042358,False
0.1,B0018,0.9808574914932251,False
0.2,B0018,0.5757176876068115,True
0.01,B0018,0.9982531070709229,False
0.02,B0018,0.99676114320755,False
0.05,B0018,0.9828565716743469,False
0.1,B0018,0.8776090741157532,False
0.2,B0018,0.23522868752479553,True
0.01,B0018,0.9989868998527527,False
0.02,B0018,0.9990338087081909,False
0.05,B0018,0.9894026517868042,False
0.1,B0018,0.9736849069595337,False
0.2,B0018,0.5547615885734558,True
0.01,B0018,0.9967724084854126,False
0.02,B0018,0.9961916208267212,False
0.05,B0018,0.9834719896316528,False
0.1,B0018,0.848713755607605,False
0.2,B0018,0.5294129252433777,True
0.01,B0018,0.9984861016273499,False
0.02,B0018,0.9993013739585876,False
0.05,B0018,0.9891102910041809,False
0.1,B0018,0.9681291580200195,False
0.2,B0018,0.6870939135551453,True
0.01,B0018,0.9988007545471191,False
0.02,B0018,0.9993460178375244,False
0.05,B0018,0.9879984855651855,False
0.1,B0018,0.8229176998138428,True
0.2,B0018,0.5688604116439819,True
0.01,B0018,0.9991546869277954,False
0.02,B0018,0.9988097548484802,False
0.05,B0018,0.9906747341156006,False
0.1,B0018,0.9739664793014526,False
0.2,B0018,0.8242071866989136,True
0.01,B0018,0.9897730350494385,False
0.02,B0018,0.9918993711471558,False
0.05,B0018,0.9942176342010498,False
0.1,B0018,0.9012994170188904,False
0.2,B0018,0.5842233300209045,True
0.01,B0018,0.9720931053161621,False
0.02,B0018,0.9804129600524902,False
0.05,B0018,0.9809072017669678,False
0.1,B0018,0.8842661380767822,False
0.2,B0018,0.5619444847106934,True
0.01,B0018,0.9884541034698486,False
0.02,B0018,0.9858263731002808,False
0.05,B0018,0.9764909744262695,False
0.1,B0018,0.8964511156082153,False
0.2,B0018,0.46073397994041443,True
0.01,B0018,0.9990870356559753,False
0.02,B0018,0.9977609515190125,False
0.05,B0018,0.9912729263305664,False
0.1,B0018,0.8855226039886475,False
0.2,B0018,0.4152866005897522,True
0.01,B0018,0.9990807771682739,False
0.02,B0018,0.9992066621780396,False
0.05,B0018,0.9941413402557373,False
0.1,B0018,0.9435473680496216,False
0.2,B0018,0.8317579030990601,True
0.01,B0018,0.9945229291915894,False
0.02,B0018,0.9930983185768127,False
0.05,B0018,0.9743289947509766,False
0.1,B0018,0.948682963848114,False
0.2,B0018,0.630395770072937,True
0.01,B0018,0.9690768718719482,False
0.02,B0018,0.9603097438812256,False
0.05,B0018,0.9721992611885071,False
0.1,B0018,0.9405716061592102,False
0.2,B0018,0.2757055163383484,True
0.01,B0018,0.9449446201324463,False
0.02,B0018,0.958480179309845,False
0.05,B0018,0.950111985206604,False
0.1,B0018,0.9584751129150391,False
0.2,B0018,0.6145662069320679,True
0.01,B0018,0.9326654076576233,False
0.02,B0018,0.9342700242996216,False
0.05,B0018,0.890631914138794,False
0.1,B0018,0.864202618598938,False
0.2,B0018,0.4938218295574188,True
0.01,B0018,0.9353257417678833,False
0.02,B0018,0.940974771976471,False
0.05,B0018,0.9761135578155518,False
0.1,B0018,0.9070232510566711,False
0.2,B0018,0.6328321695327759,True
0.01,B0018,0.9399008750915527,False
0.02,B0018,0.9479342699050903,False
0.05,B0018,0.9877138733863831,False
0.1,B0018,0.9578765630722046,False
0.2,B0018,0.3080295920372009,True
0.01,B0018,0.9303193092346191,False
0.02,B0018,0.9391457438468933,False
0.05,B0018,0.9695735573768616,False
0.1,B0018,0.9576103687286377,False
0.2,B0018,0.3433090150356293,True
0.01,B0018,0.9398291110992432,False
0.02,B0018,0.9402787685394287,False
0.05,B0018,0.976123571395874,False
0.1,B0018,0.8996471166610718,False
0.2,B0018,0.4098948538303375,True
0.01,B0018,0.9880478978157043,False
0.02,B0018,0.9814907312393188,False
0.05,B0018,0.9852132201194763,False
0.1,B0018,0.9006804823875427,False
0.2,B0018,0.7337353229522705,True
0.01,B0018,0.9979612827301025,False
0.02,B0018,0.9967248439788818,False
0.05,B0018,0.9785040616989136,False
0.1,B0018,0.9521416425704956,False
0.2,B0018,0.31797295808792114,True
0.01,B0018,0.9956756830215454,False
0.02,B0018,0.9973700046539307,False
0.05,B0018,0.990229070186615,False
0.1,B0018,0.9571695923805237,False
0.2,B0018,0.3216388523578644,True
0.01,B0018,0.9899023175239563,False
0.02,B0018,0.9935824871063232,False
0.05,B0018,0.9904128313064575,False
0.1,B0018,0.9322860240936279,False
0.2,B0018,0.5918946862220764,True
0.01,B0018,0.9840075373649597,False
0.02,B0018,0.9884566068649292,False
0.05,B0018,0.9875199794769287,False
0.1,B0018,0.909451961517334,False
0.2,B0018,0.32943838834762573,True
0.01,B0018,0.9842643737792969,False
0.02,B0018,0.9868771433830261,False
0.05,B0018,0.9878355860710144,False
0.1,B0018,0.9117764234542847,False
0.2,B0018,0.6411257982254028,True
0.01,B0018,0.9937460422515869,False
0.02,B0018,0.9895368218421936,False
0.05,B0018,0.9893466234207153,False
0.1,B0018,0.9537919759750366,False
0.2,B0018,0.4106121063232422,True
0.01,B0018,0.9952435493469238,False
0.02,B0018,0.9951874613761902,False
0.05,B0018,0.9851247072219849,False
0.1,B0018,0.9082299470901489,False
0.2,B0018,0.6596375703811646,True
0.01,B0018,0.9877997636795044,False
0.02,B0018,0.9821875691413879,False
0.05,B0018,0.9654064774513245,False
0.1,B0018,0.8224730491638184,True
0.2,B0018,0.4834432601928711,True
0.01,B0018,0.9782325625419617,False
0.02,B0018,0.9774847626686096,False
0.05,B0018,0.9805057048797607,False
0.1,B0018,0.9246824979782104,False
0.2,B0018,0.4987369775772095,True
0.01,B0018,0.9680436253547668,False
0.02,B0018,0.9735833406448364,False
0.05,B0018,0.9673073291778564,False
0.1,B0018,0.9195907115936279,False
0.2,B0018,0.7218497395515442,True
0.01,B0018,0.9698567986488342,False
0.02,B0018,0.9725825190544128,False
0.05,B0018,0.9798665046691895,False
0.1,B0018,0.8427590727806091,True
0.2,B0018,0.25147420167922974,True
0.01,B0018,0.9821941256523132,False
0.02,B0018,0.9850406646728516,False
0.05,B0018,0.9452965259552002,False
0.1,B0018,0.8540326356887817,False
0.2,B0018,0.1962202489376068,True
0.01,B0018,0.9813344478607178,False
0.02,B0018,0.9801482558250427,False
0.05,B0018,0.9871177673339844,False
0.1,B0018,0.9572072625160217,False
0.2,B0018,0.3458266854286194,True
0.01,B0018,0.960594654083252,False
0.02,B0018,0.9533345699310303,False
0.05,B0018,0.9540668725967407,False
0.1,B0018,0.9650453925132751,False
0.2,B0018,0.6553811430931091,True
0.01,B0018,0.9715402722358704,False
0.02,B0018,0.9773176312446594,False
0.05,B0018,0.9830121994018555,False
0.1,B0018,0.9455795884132385,False
0.2,B0018,0.4855964779853821,True
0.01,B0018,0.9568456411361694,False
0.02,B0018,0.9580191969871521,False
0.05,B0018,0.9795453548431396,False
0.1,B0018,0.9517348408699036,False
0.2,B0018,0.5028814077377319,True
0.01,B0018,0.938915491104126,False
0.02,B0018,0.9340143203735352,False
0.05,B0018,0.9598860740661621,False
0.1,B0018,0.9390368461608887,False
0.2,B0018,0.46276864409446716,True
0.01,B0018,0.9188500046730042,False
0.02,B0018,0.9152951836585999,False
0.05,B0018,0.8879122138023376,False
0.1,B0018,0.8561339378356934,False
0.2,B0018,0.2317448854446411,True
0.01,B0018,0.9194848537445068,False
0.02,B0018,0.9283872842788696,False
0.05,B0018,0.963259756565094,False
0.1,B0018,0.8977563977241516,False
0.2,B0018,0.6595863103866577,True
0.01,B0018,0.963720440864563,False
0.02,B0018,0.9704374074935913,False
0.05,B0018,0.942360520362854,False
0.1,B0018,0.9435814023017883,False
0.2,B0018,0.6428483724594116,True
0.01,B0018,0.9741404056549072,False
0.02,B0018,0.9723631143569946,False
0.05,B0018,0.9911527633666992,False
0.1,B0018,0.9441662430763245,False
0.2,B0018,0.6571287512779236,True
0.01,B0018,0.9611786603927612,False
0.02,B0018,0.9637240767478943,False
0.05,B0018,0.9572599530220032,False
0.1,B0018,0.8814339637756348,False
0.2,B0018,0.42150071263313293,True
0.01,B0018,0.9547375440597534,False
0.02,B0018,0.9619067907333374,False
0.05,B0018,0.9112136363983154,False
0.1,B0018,0.9549797773361206,False
0.2,B0018,0.35402625799179077,True
0.01,B0018,0.9433256387710571,False
0.02,B0018,0.9571660757064819,False
0.05,B0018,0.9829326868057251,False
0.1,B0018,0.9539494514465332,False
0.2,B0018,0.7623418569564819,True
0.01,B0018,0.9887654781341553,False
0.02,B0018,0.9931742548942566,False
0.05,B0018,0.9905162453651428,False
0.1,B0018,0.9027086496353149,False
0.2,B0018,0.7028506994247437,True
0.01,B0018,0.9856346845626831,False
0.02,B0018,0.9782296419143677,False
0.05,B0018,0.9903998374938965,False
0.1,B0018,0.9795536994934082,False
0.2,B0018,0.7203615307807922,True
0.01,B0018,0.9681355953216553,False
0.02,B0018,0.975077211856842,False
0.05,B0018,0.9209315776824951,False
0.1,B0018,0.849852979183197,False
0.2,B0018,0.40824806690216064,True
0.01,B0018,0.95600426197052,False
0.02,B0018,0.9498853087425232,False
0.05,B0018,0.9880251884460449,False
0.1,B0018,0.9060254096984863,False
0.2,B0018,0.4539963901042938,True
0.01,B0018,0.9522420763969421,False
0.02,B0018,0.9475004076957703,False
0.05,B0018,0.9838805198669434,False
0.1,B0018,0.9560841917991638,False
0.2,B0018,0.2406909167766571,True
0.01,B0018,0.9589741230010986,False
0.02,B0018,0.9649488925933838,False
0.05,B0018,0.9863409996032715,False
0.1,B0018,0.9475362300872803,False
0.2,B0018,0.6474518179893494,True
0.01,B0018,0.9741331934928894,False
0.02,B0018,0.9686952233314514,False
0.05,B0018,0.9680737257003784,False
0.1,B0018,0.9324394464492798,False
0.2,B0018,0.7744355201721191,True
0.01,B0018,0.9718855023384094,False
0.02,B0018,0.9660193920135498,False
0.05,B0018,0.9863739609718323,False
0.1,B0018,0.8731982707977295,False
0.2,B0018,0.6993914842605591,True
0.01,B0018,0.9599721431732178,False
0.02,B0018,0.9503812193870544,False
0.05,B0018,0.9245115518569946,False
0.1,B0018,0.8951480388641357,False
0.2,B0018,0.544995129108429,True
0.01,B0018,0.9463402628898621,False
0.02,B0018,0.9487078785896301,False
0.05,B0018,0.9363307952880859,False
0.1,B0018,0.9059144258499146,False
0.2,B0018,0.6750293970108032,True
0.01,B0018,0.948177695274353,False
0.02,B0018,0.9424124360084534,False
0.05,B0018,0.8961082696914673,False
0.1,B0018,0.9280304312705994,False
0.2,B0018,0.5271077752113342,True
0.01,B0018,0.9536717534065247,False
0.02,B0018,0.9573447704315186,False
0.05,B0018,0.9377826452255249,False
0.1,B0018,0.9435535669326782,False
0.2,B0018,0.4160619080066681,True
0.01,B0018,0.9527087807655334,False
0.02,B0018,0.9393749237060547,False
0.05,B0018,0.9621491432189941,False
0.1,B0018,0.870653510093689,False
0.2,B0018,0.5317438840866089,True
0.01,B0018,0.949266791343689,False
0.02,B0018,0.9441331624984741,False
0.05,B0018,0.930632472038269,False
0.1,B0018,0.9109737873077393,False
0.2,B0018,0.5837745666503906,True
0.01,B0018,0.9369009733200073,False
0.02,B0018,0.9363113641738892,False
0.05,B0018,0.9750131368637085,False
0.1,B0018,0.8872871994972229,False
0.2,B0018,0.41619786620140076,True
0.01,B0018,0.9290621280670166,False
0.02,B0018,0.9254794716835022,False
0.05,B0018,0.9427474737167358,False
0.1,B0018,0.9604002237319946,False
0.2,B0018,0.509690523147583,True
0.01,B0018,0.9182319045066833,False
0.02,B0018,0.9238666296005249,False
0.05,B0018,0.9026442170143127,False
0.1,B0018,0.9005450010299683,False
0.2,B0018,0.5109583139419556,True
0.01,B0018,0.9192203879356384,False
0.02,B0018,0.9110846519470215,False
0.05,B0018,0.8674039244651794,False
0.1,B0018,0.9485859870910645,False
0.2,B0018,0.6017078161239624,True
0.01,B0018,0.918346107006073,False
0.02,B0018,0.9112118482589722,False
0.05,B0018,0.9034043550491333,False
0.1,B0018,0.8314489126205444,True
0.2,B0018,0.4477347731590271,True
0.01,B0018,0.904991865158081,False
0.02,B0018,0.917618989944458,False
0.05,B0018,0.8893563151359558,False
0.1,B0018,0.8234464526176453,True
0.2,B0018,0.6201409697532654,True
0.01,B0018,0.9334613680839539,False
0.02,B0018,0.9380905628204346,False
0.05,B0018,0.9666569232940674,False
0.1,B0018,0.904023289680481,False
0.2,B0018,0.5196408033370972,True
0.01,B0018,0.955229640007019,False
0.02,B0018,0.9674903750419617,False
0.05,B0018,0.9848648309707642,False
0.1,B0018,0.912717342376709,False
0.2,B0018,0.6711289882659912,True
0.01,B0018,0.9473123550415039,False
0.02,B0018,0.9402406215667725,False
0.05,B0018,0.9676283597946167,False
0.1,B0018,0.8425225019454956,True
0.2,B0018,0.3852723240852356,True
0.01,B0018,0.9450028538703918,False
0.02,B0018,0.9436588883399963,False
0.05,B0018,0.964181661605835,False
0.1,B0018,0.9423955678939819,False
0.2,B0018,0.3730159103870392,True
0.01,B0018,0.928651750087738,False
0.02,B0018,0.937001645565033,False
0.05,B0018,0.9028135538101196,False
0.1,B0018,0.9470961689949036,False
0.2,B0018,0.7128850221633911,True
0.01,B0018,0.9243380427360535,False
0.02,B0018,0.9294538497924805,False
0.05,B0018,0.9560677409172058,False
0.1,B0018,0.9303985238075256,False
0.2,B0018,0.37701889872550964,True
0.01,B0018,0.9316825866699219,False
0.02,B0018,0.9257876873016357,False
0.05,B0018,0.9572871923446655,False
0.1,B0018,0.9221073985099792,False
0.2,B0018,0.5180951356887817,True
0.01,B0018,0.9438827037811279,False
0.02,B0018,0.9440500736236572,False
0.05,B0018,0.9869019389152527,False
0.1,B0018,0.940247654914856,False
0.2,B0018,0.28274860978126526,True
0.01,B0018,0.9355595111846924,False
0.02,B0018,0.9353641867637634,False
0.05,B0018,0.9560675024986267,False
0.1,B0018,0.9141677618026733,False
0.2,B0018,0.33757656812667847,True
0.01,B0018,0.9121562242507935,False
0.02,B0018,0.9238625764846802,False
0.05,B0018,0.9094339609146118,False
0.1,B0018,0.81925368309021,True
0.2,B0018,0.23540621995925903,True
0.01,B0018,0.9011050462722778,False
0.02,B0018,0.897780179977417,False
0.05,B0018,0.9009456038475037,False
0.1,B0018,0.92369544506073,False
0.2,B0018,0.5724658370018005,True
0.01,B0018,0.9051042795181274,False
0.02,B0018,0.9016822576522827,False
0.05,B0018,0.9087299108505249,False
0.1,B0018,0.9544088840484619,False
0.2,B0018,0.3644942343235016,True
0.01,B0018,0.9261111617088318,False
0.02,B0018,0.938225269317627,False
0.05,B0018,0.9225031137466431,False
0.1,B0018,0.9351645708084106,False
0.2,B0018,0.6454208493232727,True
0.01,B0018,0.9361444711685181,False
0.02,B0018,0.9371688365936279,False
0.05,B0018,0.9394199848175049,False
0.1,B0018,0.758255124092102,True
0.2,B0018,0.7881250381469727,True
0.01,B0018,0.9235137701034546,False
0.02,B0018,0.9320741891860962,False
0.05,B0018,0.9220489859580994,False
0.1,B0018,0.7722136974334717,True
0.2,B0018,0.5647957921028137,True
0.01,B0018,0.9279807806015015,False
0.02,B0018,0.9308205842971802,False
0.05,B0018,0.9506123065948486,False
0.1,B0018,0.8390475511550903,True
0.2,B0018,0.595672607421875,True
0.01,B0018,0.9317224621772766,False
0.02,B0018,0.9349035620689392,False
0.05,B0018,0.9282631874084473,False
0.1,B0018,0.9437493085861206,False
0.2,B0018,0.39388659596443176,True
0.01,B0018,0.9131426811218262,False
0.02,B0018,0.9173698425292969,False
0.05,B0018,0.8776086568832397,False
0.1,B0018,0.8782085180282593,False
0.2,B0018,0.7521916031837463,True
0.01,B0018,0.8981704711914062,False
0.02,B0018,0.8947217464447021,False
0.05,B0018,0.8346213102340698,True
0.1,B0018,0.7061442136764526,True
0.2,B0018,0.4115896224975586,True
0.01,B0018,0.8713757395744324,False
0.02,B0018,0.8708590269088745,False
0.05,B0018,0.8712441921234131,False
0.1,B0018,0.8005245327949524,True
0.2,B0018,0.523348331451416,True
0.01,B0018,0.9276212453842163,False
0.02,B0018,0.9276878833770752,False
0.05,B0018,0.9457031488418579,False
0.1,B0018,0.960363507270813,False
0.2,B0018,0.5510729551315308,True
0.01,B0018,0.9354879856109619,False
0.02,B0018,0.9426555037498474,False
0.05,B0018,0.9649269580841064,False
0.1,B0018,0.8645541667938232,False
0.2,B0018,0.37894207239151,True
0.01,B0018,0.9377984404563904,False
0.02,B0018,0.9432836174964905,False
0.05,B0018,0.9519338607788086,False
0.1,B0018,0.8863080143928528,False
0.2,B0018,0.3973582684993744,True
0.01,B0018,0.9376747012138367,False
0.02,B0018,0.9359347820281982,False
0.05,B0018,0.8826482892036438,False
0.1,B0018,0.8267339468002319,True
0.2,B0018,0.7355469465255737,True
0.01,B0018,0.9192322492599487,False
0.02,B0018,0.9268739223480225,False
0.05,B0018,0.8518482446670532,False
0.1,B0018,0.7747189998626709,True
0.2,B0018,0.41877180337905884,True
0.01,B0018,0.9286243915557861,False
0.02,B0018,0.9285310506820679,False
0.05,B0018,0.8902769088745117,False
0.1,B0018,0.9462642669677734,False
0.2,B0018,0.18252979218959808,True
0.01,B0018,0.9208263754844666,False
0.02,B0018,0.920285701751709,False
0.05,B0018,0.9090960621833801,False
0.1,B0018,0.9241838455200195,False
0.2,B0018,0.47606176137924194,True
0.01,B0018,0.9256218075752258,False
0.02,B0018,0.9262606501579285,False
0.05,B0018,0.9823071956634521,False
0.1,B0018,0.8339215517044067,True
0.2,B0018,0.4397214949131012,True
0.01,B0018,0.9281203150749207,False
0.02,B0018,0.9391306638717651,False
0.05,B0018,0.9343622922897339,False
0.1,B0018,0.9089236855506897,False
0.2,B0018,0.5505192875862122,True
0.01,B0018,0.925021767616272,False
0.02,B0018,0.9309009313583374,False
0.05,B0018,0.9235521554946899,False
0.1,B0018,0.9264971017837524,False
0.2,B0018,0.5936089754104614,True
0.01,B0018,0.9180035591125488,False
0.02,B0018,0.9182243943214417,False
0.05,B0018,0.9419276714324951,False
0.1,B0018,0.9098957777023315,False
0.2,B0018,0.36870741844177246,True
0.01,B0018,0.9125102758407593,False
0.02,B0018,0.9130479693412781,False
0.05,B0018,0.9530991315841675,False
0.1,B0018,0.8600118160247803,False
0.2,B0018,0.22384071350097656,True
0.01,B0018,0.927372395992279,False
0.02,B0018,0.9262913465499878,False
0.05,B0018,0.9012373685836792,False
0.1,B0018,0.9157492518424988,False
0.2,B0018,0.5233756899833679,True
0.01,B0018,0.9287720918655396,False
0.02,B0018,0.9219882488250732,False
0.05,B0018,0.9715468883514404,False
0.1,B0018,0.9510101079940796,False
0.2,B0018,0.647316575050354,True
0.01,B0018,0.9238476753234863,False
0.02,B0018,0.9221029281616211,False
0.05,B0018,0.9354239106178284,False
0.1,B0018,0.8617880344390869,False
0.2,B0018,0.553381621837616,True
0.01,B0018,0.8778363466262817,False
0.02,B0018,0.880859375,False
0.05,B0018,0.8562500476837158,False
0.1,B0018,0.941704511642456,False
0.2,B0018,0.40480107069015503,True
0.01,B0018,0.9190845489501953,False
0.02,B0018,0.9250918626785278,False
0.05,B0018,0.9201318621635437,False
0.1,B0018,0.8273426294326782,True
0.2,B0018,0.5250087380409241,True
0.01,B0018,0.9462038278579712,False
0.02,B0018,0.9406600594520569,False
0.05,B0018,0.9838252663612366,False
0.1,B0018,0.8609936237335205,False
0.2,B0018,0.7285734415054321,True
0.01,B0018,0.9319251775741577,False
0.02,B0018,0.931011974811554,False
0.05,B0018,0.9458907842636108,False
0.1,B0018,0.905197024345398,False
0.2,B0018,0.5660247206687927,True
0.01,B0018,0.9115462899208069,False
0.02,B0018,0.9039127826690674,False
0.05,B0018,0.8956195116043091,False
0.1,B0018,0.8793796300888062,False
0.2,B0018,0.3722056746482849,True
0.01,B0018,0.8946359157562256,False
0.02,B0018,0.8806793093681335,False
0.05,B0018,0.8879973888397217,False
0.1,B0018,0.9281280040740967,False
0.2,B0018,0.5988926291465759,True
0.01,B0018,0.8998187780380249,False
0.02,B0018,0.9084606766700745,False
0.05,B0018,0.8853724002838135,False
0.1,B0018,0.9343312978744507,False
0.2,B0018,0.7667403221130371,True
0.01,B0018,0.9323052167892456,False
0.02,B0018,0.9382761716842651,False
0.05,B0018,0.9705538153648376,False
0.1,B0018,0.9512838125228882,False
0.2,B0018,0.5364880561828613,True
0.01,B0018,0.9598550200462341,False
0.02,B0018,0.9666173458099365,False
0.05,B0018,0.9693107604980469,False
0.1,B0018,0.9218863248825073,False
0.2,B0018,0.4837077260017395,True
0.01,B0018,0.9483370184898376,False
0.02,B0018,0.9377399682998657,False
0.05,B0018,0.9476773738861084,False
0.1,B0018,0.8938606977462769,False
0.2,B0018,0.14093446731567383,True
0.01,B0018,0.9140493869781494,False
0.02,B0018,0.9041424989700317,False
0.05,B0018,0.943515956401825,False
0.1,B0018,0.8053197860717773,True
0.2,B0018,0.670575737953186,True
0.01,B0018,0.8928700089454651,False
0.02,B0018,0.892625093460083,False
0.05,B0018,0.8520030975341797,False
0.1,B0018,0.9529805183410645,False
0.2,B0018,0.16227322816848755,True
0.01,B0018,0.8780661821365356,False
0.02,B0018,0.8943758010864258,False
0.05,B0018,0.9151382446289062,False
0.1,B0018,0.9349944591522217,False
0.2,B0018,0.22892311215400696,True
0.01,B0018,0.8677935600280762,False
0.02,B0018,0.8563131093978882,False
0.05,B0018,0.8599611520767212,False
0.1,B0018,0.7539653778076172,True
0.2,B0018,0.5251179933547974,True
0.01,B0018,0.8491328954696655,False
0.02,B0018,0.8520985841751099,False
0.05,B0018,0.9264391660690308,False
0.1,B0018,0.8517583608627319,False
0.2,B0018,0.4542047679424286,True
0.01,B0018,0.8673935532569885,False
0.02,B0018,0.8833314180374146,False
0.05,B0018,0.9137779474258423,False
0.1,B0018,0.9224109053611755,False
0.2,B0018,0.35800701379776,True
0.01,B0018,0.8961572051048279,False
0.02,B0018,0.9084921479225159,False
0.05,B0018,0.9269509315490723,False
0.1,B0018,0.9254583716392517,False
0.2,B0018,0.35195237398147583,True
0.01,B0018,0.9060133099555969,False
0.02,B0018,0.9098621606826782,False
0.05,B0018,0.944421112537384,False
0.1,B0018,0.9582281708717346,False
0.2,B0018,0.37681400775909424,True
0.01,B0018,0.8977716565132141,False
0.02,B0018,0.9069342017173767,False
0.05,B0018,0.8834506869316101,False
0.1,B0018,0.7301552295684814,True
0.2,B0018,0.41739678382873535,True
0.01,B0018,0.8860105872154236,False
0.02,B0018,0.8937954902648926,False
0.05,B0018,0.928080677986145,False
0.1,B0018,0.902876079082489,False
0.2,B0018,0.38232389092445374,True
0.01,B0018,0.8827654719352722,False
0.02,B0018,0.9023334383964539,False
0.05,B0018,0.9419243335723877,False
0.1,B0018,0.890633761882782,False
0.2,B0018,0.2750994861125946,True
0.01,B0018,0.9081723690032959,False
0.02,B0018,0.9022376537322998,False
0.05,B0018,0.9595609903335571,False
0.1,B0018,0.8973815441131592,False
0.2,B0018,0.35763245820999146,True
0.01,B0018,0.9448685050010681,False
0.02,B0018,0.9454706311225891,False
0.05,B0018,0.9437389969825745,False
0.1,B0018,0.9109734892845154,False
0.2,B0018,0.13436925411224365,True
0.01,B0018,0.9582834243774414,False
0.02,B0018,0.9623391032218933,False
0.05,B0018,0.91991126537323,False
0.1,B0018,0.8849763870239258,False
0.2,B0018,0.6833655834197998,True
0.01,B0018,0.9345647096633911,False
0.02,B0018,0.9330030083656311,False
0.05,B0018,0.9477571249008179,False
0.1,B0018,0.8362985849380493,True
0.2,B0018,0.37294116616249084,True
0.01,B0018,0.9139472246170044,False
0.02,B0018,0.912406861782074,False
0.05,B0018,0.9213393926620483,False
0.1,B0018,0.926395058631897,False
0.2,B0018,0.19725963473320007,True
0.01,B0018,0.8989322185516357,False
0.02,B0018,0.8908321261405945,False
0.05,B0018,0.8317750692367554,True
0.1,B0018,0.8176878690719604,True
0.2,B0018,0.5953401923179626,True
0.01,B0026,0.9912822842597961,False
0.02,B0026,0.9915693998336792,False
0.05,B0026,0.9917299747467041,False
0.1,B0026,0.9107593894004822,False
0.2,B0026,0.910641074180603,False
0.01,B0026,0.9968909025192261,False
0.02,B0026,0.9967302083969116,False
0.05,B0026,0.9964216947555542,False
0.1,B0026,0.9880091547966003,False
0.2,B0026,0.9284034967422485,False
0.01,B0026,0.9971830248832703,False
0.02,B0026,0.997050404548645,False
0.05,B0026,0.9974223375320435,False
0.1,B0026,0.9860294461250305,False
0.2,B0026,0.9044100046157837,False
0.01,B0026,0.9971208572387695,False
0.02,B0026,0.9968282580375671,False
0.05,B0026,0.996976375579834,False
0.1,B0026,0.9956454038619995,False
0.2,B0026,0.8960192799568176,False
0.01,B0026,0.9948201179504395,False
0.02,B0026,0.9945350289344788,False
0.05,B0026,0.9945425987243652,False
0.1,B0026,0.9927270412445068,False
0.2,B0026,0.8085968494415283,True
0.01,B0026,0.9854794144630432,False
0.02,B0026,0.9852701425552368,False
0.05,B0026,0.9834252595901489,False
0.1,B0026,0.9829646944999695,False
0.2,B0026,0.8276149034500122,True
0.01,B0026,0.9899840950965881,False
0.02,B0026,0.9899370670318604,False
0.05,B0026,0.9903560876846313,False
0.1,B0026,0.9841029047966003,False
0.2,B0026,0.9173363447189331,False
0.01,B0026,0.9919631481170654,False
0.02,B0026,0.992127537727356,False
0.05,B0026,0.9921213388442993,False
0.1,B0026,0.9596057534217834,False
0.2,B0026,0.9329920411109924,False
0.01,B0026,0.9928423166275024,False
0.02,B0026,0.9927940368652344,False
0.05,B0026,0.9934813380241394,False
0.1,B0026,0.9792680144309998,False
0.2,B0026,0.8696635961532593,False
0.01,B0026,0.9929707050323486,False
0.02,B0026,0.9930413961410522,False
0.05,B0026,0.9916570782661438,False
0.1,B0026,0.9903398752212524,False
0.2,B0026,0.9280666708946228,False
0.01,B0026,0.9934791326522827,False
0.02,B0026,0.9933215975761414,False
0.05,B0026,0.9936528205871582,False
0.1,B0026,0.9507617950439453,False
0.2,B0026,0.878539502620697,False
0.01,B0026,0.9895405173301697,False
0.02,B0026,0.9889188408851624,False
0.05,B0026,0.9836136102676392,False
0.1,B0026,0.9849765300750732,False
0.2,B0026,0.937917947769165,False
0.01,B0026,0.9814257621765137,False
0.02,B0026,0.9816915988922119,False
0.05,B0026,0.9888408184051514,False
0.1,B0026,0.8551137447357178,False
0.2,B0026,0.8218668699264526,True
0.01,B0026,0.9771785736083984,False
0.02,B0026,0.9774364233016968,False
0.05,B0026,0.9714496731758118,False
0.1,B0026,0.9274818301200867,False
0.2,B0026,0.9394180774688721,False
0.01,B0026,0.9780324101448059,False
0.02,B0026,0.9775298833847046,False
0.05,B0026,0.9824845194816589,False
0.1,B0026,0.9754898548126221,False
0.2,B0026,0.9450892210006714,False
0.01,B0026,0.9871800541877747,False
0.02,B0026,0.9866374731063843,False
0.05,B0026,0.984181821346283,False
0.1,B0026,0.9757368564605713,False
0.2,B0026,0.8849970102310181,False
0.01,B0026,0.9895777106285095,False
0.02,B0026,0.9897267818450928,False
0.05,B0026,0.9911091327667236,False
0.1,B0026,0.9914968013763428,False
0.2,B0026,0.9503717422485352,False
0.01,B0026,0.9892632365226746,False
0.02,B0026,0.9888796806335449,False
0.05,B0026,0.9899217486381531,False
0.1,B0026,0.9856358766555786,False
0.2,B0026,0.9017760753631592,False
0.01,B0026,0.9923413395881653,False
0.02,B0026,0.9921380281448364,False
0.05,B0026,0.9929423332214355,False
0.1,B0026,0.9882994890213013,False
0.2,B0026,0.8238945603370667,True
0.01,B0026,0.9931900501251221,False
0.02,B0026,0.9931137561798096,False
0.05,B0026,0.9924803972244263,False
0.1,B0026,0.9906560778617859,False
0.2,B0026,0.9561320543289185,False
0.01,B0026,0.9892120361328125,False
0.02,B0026,0.9891567230224609,False
0.05,B0026,0.9899706840515137,False
0.1,B0026,0.9840799570083618,False
0.2,B0026,0.8941224217414856,False
0.01,B0026,0.9857605695724487,False
0.02,B0026,0.9863701462745667,False
0.05,B0026,0.9850003123283386,False
0.1,B0026,0.9813588857650757,False
0.2,B0026,0.9367603659629822,False
0.01,B0026,0.9888494610786438,False
0.02,B0026,0.9892494678497314,False
0.05,B0026,0.9885987639427185,False
0.1,B0026,0.9716991186141968,False
0.2,B0026,0.9554333090782166,False
0.01,B0026,0.9937746524810791,False
0.02,B0026,0.9937359690666199,False
0.05,B0026,0.9898264408111572,False
0.1,B0026,0.9721764326095581,False
0.2,B0026,0.9103720188140869,False
0.01,B0026,0.9952600002288818,False
0.02,B0026,0.9950636625289917,False
0.05,B0026,0.9944960474967957,False
0.1,B0026,0.9912596344947815,False
0.2,B0026,0.7584846615791321,True
0.01,B0026,0.9955533742904663,False
0.02,B0026,0.9956172108650208,False
0.05,B0026,0.9904305338859558,False
0.1,B0026,0.9947232007980347,False
0.2,B0026,0.9612370133399963,False
0.01,B0026,0.9968482851982117,False
0.02,B0026,0.996610164642334,False
0.05,B0026,0.9958621263504028,False
0.1,B0026,0.9794937372207642,False
0.2,B0026,0.7823032736778259,True
0.01,B0026,0.988489031791687,False
0.02,B0026,0.9888166189193726,False
0.05,B0026,0.9901824593544006,False
0.1,B0026,0.933071494102478,False
0.2,B0026,0.9353015422821045,False
0.01,B0034,0.9800171852111816,False
0.02,B0034,0.9809793829917908,False
0.05,B0034,0.9813488721847534,False
0.1,B0034,0.9520134925842285,False
0.2,B0034,0.7504423260688782,True
0.01,B0034,0.9989043474197388,False
0.02,B0034,0.9989163875579834,False
0.05,B0034,0.9978420734405518,False
0.1,B0034,0.9790306091308594,False
0.2,B0034,0.7792575359344482,True
0.01,B0034,0.9986529350280762,False
0.02,B0034,0.9982715845108032,False
0.05,B0034,0.9956016540527344,False
0.1,B0034,0.9208323955535889,False
0.2,B0034,0.9209075570106506,False
0.01,B0034,0.9985096454620361,False
0.02,B0034,0.9980452060699463,False
0.05,B0034,0.9913460612297058,False
0.1,B0034,0.990982174873352,False
0.2,B0034,0.8834428787231445,False
0.01,B0034,0.9971532821655273,False
0.02,B0034,0.9970445036888123,False
0.05,B0034,0.9929462671279907,False
0.1,B0034,0.9331534504890442,False
0.2,B0034,0.9219836592674255,False
0.01,B0034,0.9936362504959106,False
0.02,B0034,0.9929499626159668,False
0.05,B0034,0.9901136159896851,False
0.1,B0034,0.9645337462425232,False
0.2,B0034,0.7979727983474731,True
0.01,B0034,0.992830753326416,False
0.02,B0034,0.9919033050537109,False
0.05,B0034,0.9848047494888306,False
0.1,B0034,0.9707833528518677,False
0.2,B0034,0.8270313739776611,True
0.01,B0034,0.9941996335983276,False
0.02,B0034,0.9938827753067017,False
0.05,B0034,0.9927247762680054,False
0.1,B0034,0.9728904962539673,False
0.2,B0034,0.7901488542556763,True
0.01,B0034,0.9933603405952454,False
0.02,B0034,0.9931568503379822,False
0.05,B0034,0.9854382276535034,False
0.1,B0034,0.9818130731582642,False
0.2,B0034,0.9058959484100342,False
0.01,B0034,0.9918938279151917,False
0.02,B0034,0.993681013584137,False
0.05,B0034,0.9947233200073242,False
0.1,B0034,0.9825289845466614,False
0.2,B0034,0.8623991012573242,False
0.01,B0034,0.9923089742660522,False
0.02,B0034,0.992141604423523,False
0.05,B0034,0.9858537316322327,False
0.1,B0034,0.9440088272094727,False
0.2,B0034,0.8709336519241333,False
0.01,B0034,0.9916419982910156,False
0.02,B0034,0.9921623468399048,False
0.05,B0034,0.9931147694587708,False
0.1,B0034,0.9809780120849609,False
0.2,B0034,0.664932370185852,True
0.01,B0034,0.9908162355422974,False
0.02,B0034,0.9894325733184814,False
0.05,B0034,0.9927330017089844,False
0.1,B0034,0.9481722116470337,False
0.2,B0034,0.8727781772613525,False
0.01,B0034,0.9905498027801514,False
0.02,B0034,0.9894788265228271,False
0.05,B0034,0.9913934469223022,False
0.1,B0034,0.8973649740219116,False
0.2,B0034,0.5945097208023071,True
0.01,B0034,0.9892535209655762,False
0.02,B0034,0.9879031181335449,False
0.05,B0034,0.9694887399673462,False
0.1,B0034,0.9582493305206299,False
0.2,B0034,0.724209189414978,True
0.01,B0034,0.9898282289505005,False
0.02,B0034,0.9890713691711426,False
0.05,B0034,0.9901970624923706,False
0.1,B0034,0.9682512283325195,False
0.2,B0034,0.8672710657119751,False
0.01,B0034,0.9931783080101013,False
0.02,B0034,0.9941375255584717,False
0.05,B0034,0.9756941795349121,False
0.1,B0034,0.9782238006591797,False
0.2,B0034,0.5961107015609741,True
0.01,B0034,0.994423508644104,False
0.02,B0034,0.9948515892028809,False
0.05,B0034,0.9901428818702698,False
0.1,B0034,0.982562780380249,False
0.2,B0034,0.9226288795471191,False
0.01,B0034,0.9902809858322144,False
0.02,B0034,0.98893141746521,False
0.05,B0034,0.9735302925109863,False
0.1,B0034,0.9853872060775757,False
0.2,B0034,0.8851920366287231,False
0.01,B0034,0.9884839653968811,False
0.02,B0034,0.9890080690383911,False
0.05,B0034,0.9649597406387329,False
0.1,B0034,0.9271879196166992,False
0.2,B0034,0.6985082030296326,True
0.01,B0034,0.9865102767944336,False
0.02,B0034,0.9852494597434998,False
0.05,B0034,0.9745796322822571,False
0.1,B0034,0.9862406253814697,False
0.2,B0034,0.8154962062835693,True
0.01,B0034,0.9984864592552185,False
0.02,B0034,0.9985313415527344,False
0.05,B0034,0.9963478446006775,False
0.1,B0034,0.9622735381126404,False
0.2,B0034,0.6844468712806702,True
0.01,B0034,0.995331883430481,False
0.02,B0034,0.9945573806762695,False
0.05,B0034,0.9925509691238403,False
0.1,B0034,0.9833846688270569,False
0.2,B0034,0.7374215722084045,True
0.01,B0034,0.994164764881134,False
0.02,B0034,0.9928531646728516,False
0.05,B0034,0.9943687319755554,False
0.1,B0034,0.9373930096626282,False
0.2,B0034,0.9329906702041626,False
0.01,B0034,0.9912341833114624,False
0.02,B0034,0.9911318421363831,False
0.05,B0034,0.9922289848327637,False
0.1,B0034,0.974269688129425,False
0.2,B0034,0.7532815933227539,True
0.01,B0034,0.992380678653717,False
0.02,B0034,0.992721676826477,False
0.05,B0034,0.9971011877059937,False
0.1,B0034,0.9679532051086426,False
0.2,B0034,0.7701027989387512,True
0.01,B0034,0.9931501150131226,False
0.02,B0034,0.9925246238708496,False
0.05,B0034,0.9867110252380371,False
0.1,B0034,0.9791024923324585,False
0.2,B0034,0.7520400881767273,True
0.01,B0034,0.9931309819221497,False
0.02,B0034,0.9953317642211914,False
0.05,B0034,0.9919313788414001,False
0.1,B0034,0.8946948051452637,False
0.2,B0034,0.9490693807601929,False
0.01,B0034,0.9935050010681152,False
0.02,B0034,0.9931652545928955,False
0.05,B0034,0.9903628826141357,False
0.1,B0034,0.9227439165115356,False
0.2,B0034,0.9053421020507812,False
0.01,B0034,0.9900117516517639,False
0.02,B0034,0.9890486598014832,False
0.05,B0034,0.9908840656280518,False
0.1,B0034,0.965617299079895,False
0.2,B0034,0.8607996106147766,False
0.01,B0034,0.9901881217956543,False
0.02,B0034,0.990532398223877,False
0.05,B0034,0.9916442632675171,False
0.1,B0034,0.9640176892280579,False
0.2,B0034,0.7947020530700684,True
0.01,B0034,0.9901707172393799,False
0.02,B0034,0.9888952374458313,False
0.05,B0034,0.9701662063598633,False
0.1,B0034,0.9654089212417603,False
0.2,B0034,0.5827239155769348,True
0.01,B0034,0.99168461561203,False
0.02,B0034,0.9929221868515015,False
0.05,B0034,0.9942629337310791,False
0.1,B0034,0.9922294616699219,False
0.2,B0034,0.650793194770813,True
0.01,B0034,0.9918346405029297,False
0.02,B0034,0.9903958439826965,False
0.05,B0034,0.9849658012390137,False
0.1,B0034,0.9739725589752197,False
0.2,B0034,0.43220242857933044,True
0.01,B0034,0.9894561767578125,False
0.02,B0034,0.9867237210273743,False
0.05,B0034,0.9569636583328247,False
0.1,B0034,0.972488284111023,False
0.2,B0034,0.7724192142486572,True
0.01,B0034,0.9913184642791748,False
0.02,B0034,0.9908332824707031,False
0.05,B0034,0.9872921705245972,False
0.1,B0034,0.8982862234115601,False
0.2,B0034,0.7703209519386292,True
0.01,B0034,0.9901242256164551,False
0.02,B0034,0.9910589456558228,False
0.05,B0034,0.9890497922897339,False
0.1,B0034,0.9553835391998291,False
0.2,B0034,0.8802502155303955,False
0.01,B0034,0.9933786392211914,False
0.02,B0034,0.9929066896438599,False
0.05,B0034,0.9793687462806702,False
0.1,B0034,0.9674448370933533,False
0.2,B0034,0.7047508358955383,True
0.01,B0034,0.9953444004058838,False
0.02,B0034,0.9957436919212341,False
0.05,B0034,0.9942754507064819,False
0.1,B0034,0.9869197607040405,False
0.2,B0034,0.8244761228561401,True
0.01,B0034,0.9936075210571289,False
0.02,B0034,0.9926304817199707,False
0.05,B0034,0.9957528114318848,False
0.1,B0034,0.992656946182251,False
0.2,B0034,0.8650126457214355,False
0.01,B0034,0.991382360458374,False
0.02,B0034,0.9934313297271729,False
0.05,B0034,0.9801633954048157,False
0.1,B0034,0.979133129119873,False
0.2,B0034,0.7592973709106445,True
0.01,B0034,0.9908000826835632,False
0.02,B0034,0.9913693070411682,False
0.05,B0034,0.9827175140380859,False
0.1,B0034,0.8768259286880493,False
0.2,B0034,0.7843637466430664,True
0.01,B0034,0.9958106279373169,False
0.02,B0034,0.9954962730407715,False
0.05,B0034,0.9892674088478088,False
0.1,B0034,0.9116520881652832,False
0.2,B0034,0.8922741413116455,False
0.01,B0034,0.9954724311828613,False
0.02,B0034,0.9954236745834351,False
0.05,B0034,0.995940089225769,False
0.1,B0034,0.9699258804321289,False
0.2,B0034,0.8124951124191284,True
0.01,B0034,0.9950565099716187,False
0.02,B0034,0.9935222864151001,False
0.05,B0034,0.9883090257644653,False
0.1,B0034,0.9859881401062012,False
0.2,B0034,0.8453247547149658,True
0.01,B0034,0.9905930757522583,False
0.02,B0034,0.9913022518157959,False
0.05,B0034,0.9877465963363647,False
0.1,B0034,0.9473694562911987,False
0.2,B0034,0.8215187788009644,True
0.01,B0034,0.9978569149971008,False
0.02,B0034,0.9978294968605042,False
0.05,B0034,0.9977253079414368,False
0.1,B0034,0.9337616562843323,False
0.2,B0034,0.8682785034179688,False
0.01,B0034,0.9971317052841187,False
0.02,B0034,0.9953402280807495,False
0.05,B0034,0.9954628348350525,False
0.1,B0034,0.9442414045333862,False
0.2,B0034,0.9630916118621826,False
0.01,B0034,0.995941698551178,False
0.02,B0034,0.9969979524612427,False
0.05,B0034,0.9889233112335205,False
0.1,B0034,0.9237328767776489,False
0.2,B0034,0.8010410070419312,True
0.01,B0034,0.9967160820960999,False
0.02,B0034,0.9973647594451904,False
0.05,B0034,0.9927999973297119,False
0.1,B0034,0.9738062024116516,False
0.2,B0034,0.9128544926643372,False
0.01,B0034,0.995680034160614,False
0.02,B0034,0.9959498047828674,False
0.05,B0034,0.994611918926239,False
0.1,B0034,0.9834600687026978,False
0.2,B0034,0.7563443183898926,True
0.01,B0034,0.9959537386894226,False
0.02,B0034,0.9965901374816895,False
0.05,B0034,0.9939047694206238,False
0.1,B0034,0.9879211187362671,False
0.2,B0034,0.8740490674972534,False
0.01,B0034,0.9960120320320129,False
0.02,B0034,0.9963096380233765,False
0.05,B0034,0.989723801612854,False
0.1,B0034,0.9527959227561951,False
0.2,B0034,0.825992226600647,True
0.01,B0034,0.9958423376083374,False
0.02,B0034,0.9969395399093628,False
0.05,B0034,0.988445520401001,False
0.1,B0034,0.9920527935028076,False
0.2,B0034,0.762413740158081,True
0.01,B0034,0.9946494698524475,False
0.02,B0034,0.9956179261207581,False
0.05,B0034,0.9936546087265015,False
0.1,B0034,0.9556533694267273,False
0.2,B0034,0.8819429874420166,False
0.01,B0034,0.9960668683052063,False
0.02,B0034,0.99489825963974,False
0.05,B0034,0.9967795610427856,False
0.1,B0034,0.9636447429656982,False
0.2,B0034,0.6180936694145203,True
0.01,B0034,0.9949461221694946,False
0.02,B0034,0.9951459765434265,False
0.05,B0034,0.9962924718856812,False
0.1,B0034,0.9895109534263611,False
0.2,B0034,0.7739351391792297,True
0.01,B0034,0.9959137439727783,False
0.02,B0034,0.9962438941001892,False
0.05,B0034,0.984937846660614,False
0.1,B0034,0.9815004467964172,False
0.2,B0034,0.8201574087142944,True
0.01,B0034,0.9943791031837463,False
0.02,B0034,0.9945284128189087,False
0.05,B0034,0.9911606311798096,False
0.1,B0034,0.9687635898590088,False
0.2,B0034,0.8008884191513062,True
0.01,B0034,0.9931046962738037,False
0.02,B0034,0.9915134906768799,False
0.05,B0034,0.9776903390884399,False
0.1,B0034,0.9440488815307617,False
0.2,B0034,0.7423374056816101,True
0.01,B0034,0.9919019341468811,False
0.02,B0034,0.9925888180732727,False
0.05,B0034,0.9824711680412292,False
0.1,B0034,0.9883019924163818,False
0.2,B0034,0.5651507377624512,True
0.01,B0034,0.9942559003829956,False
0.02,B0034,0.9944152235984802,False
0.05,B0034,0.983312726020813,False
0.1,B0034,0.9118648171424866,False
0.2,B0034,0.9417332410812378,False
0.01,B0034,0.9941038489341736,False
0.02,B0034,0.9950242042541504,False
0.05,B0034,0.9946016669273376,False
0.1,B0034,0.9727417230606079,False
0.2,B0034,0.8804214596748352,False
0.01,B0034,0.9942322373390198,False
0.02,B0034,0.9943874478340149,False
0.05,B0034,0.9849978089332581,False
0.1,B0034,0.9225355386734009,False
0.2,B0034,0.7618833780288696,True
0.01,B0034,0.9935110807418823,False
0.02,B0034,0.9926714897155762,False
0.05,B0034,0.9971522092819214,False
0.1,B0034,0.9903740882873535,False
0.2,B0034,0.7813951373100281,True
0.01,B0034,0.992896318435669,False
0.02,B0034,0.9929255247116089,False
0.05,B0034,0.9977134466171265,False
0.1,B0034,0.9602615237236023,False
0.2,B0034,0.4332805871963501,True
0.01,B0034,0.9979693293571472,False
0.02,B0034,0.9982491731643677,False
0.05,B0034,0.9978017210960388,False
0.1,B0034,0.9801099300384521,False
0.2,B0034,0.770427942276001,True
0.01,B0034,0.9957363605499268,False
0.02,B0034,0.9954407811164856,False
0.05,B0034,0.9960259199142456,False
0.1,B0034,0.9851119518280029,False
0.2,B0034,0.8360782861709595,True
0.01,B0034,0.9959163069725037,False
0.02,B0034,0.9962929487228394,False
0.05,B0034,0.9963111877441406,False
0.1,B0034,0.9769378900527954,False
0.2,B0034,0.8697534799575806,False
0.01,B0034,0.9958009123802185,False
0.02,B0034,0.9957038164138794,False
0.05,B0034,0.996088981628418,False
0.1,B0034,0.9587661027908325,False
0.2,B0034,0.5954989790916443,True
0.01,B0034,0.9934350252151489,False
0.02,B0034,0.9926304817199707,False
0.05,B0034,0.9869508743286133,False
0.1,B0034,0.9391142129898071,False
0.2,B0034,0.5889242887496948,True
0.01,B0034,0.9933410882949829,False
0.02,B0034,0.9937533736228943,False
0.05,B0034,0.9869864583015442,False
0.1,B0034,0.9303582310676575,False
0.2,B0034,0.5473142266273499,True
0.01,B0034,0.9962772727012634,False
0.02,B0034,0.9965189695358276,False
0.05,B0034,0.9949988722801208,False
0.1,B0034,0.9930785894393921,False
0.2,B0034,0.8580368757247925,False
0.01,B0034,0.9951685667037964,False
0.02,B0034,0.9951008558273315,False
0.05,B0034,0.987512469291687,False
0.1,B0034,0.9656857848167419,False
0.2,B0034,0.7772353291511536,True
0.01,B0034,0.9953933954238892,False
0.02,B0034,0.9946116209030151,False
0.05,B0034,0.9922562837600708,False
0.1,B0034,0.9125735759735107,False
0.2,B0034,0.6487864851951599,True
0.01,B0034,0.9939491748809814,False
0.02,B0034,0.992684543132782,False
0.05,B0034,0.9925445318222046,False
0.1,B0034,0.9820459485054016,False
0.2,B0034,0.9132057428359985,False
0.01,B0034,0.9912171363830566,False
0.02,B0034,0.9917800426483154,False
0.05,B0034,0.9711130857467651,False
0.1,B0034,0.9783437252044678,False
0.2,B0034,0.9092890620231628,False
0.01,B0034,0.9910000562667847,False
0.02,B0034,0.9897588491439819,False
0.05,B0034,0.9904181957244873,False
0.1,B0034,0.9328974485397339,False
0.2,B0034,0.5541446208953857,True
0.01,B0034,0.9918243885040283,False
0.02,B0034,0.9911707043647766,False
0.05,B0034,0.9838522672653198,False
0.1,B0034,0.947773277759552,False
0.2,B0034,0.767199695110321,True
0.01,B0034,0.9914498329162598,False
0.02,B0034,0.9904459118843079,False
0.05,B0034,0.9908707141876221,False
0.1,B0034,0.976584792137146,False
0.2,B0034,0.8434752225875854,True
0.01,B0034,0.9916270971298218,False
0.02,B0034,0.9907463788986206,False
0.05,B0034,0.9812312722206116,False
0.1,B0034,0.8851958513259888,False
0.2,B0034,0.6797909140586853,True
0.01,B0034,0.9910996556282043,False
0.02,B0034,0.9909758567810059,False
0.05,B0034,0.9918002486228943,False
0.1,B0034,0.9159798622131348,False
0.2,B0034,0.9250925183296204,False
0.01,B0034,0.9920083284378052,False
0.02,B0034,0.9914848804473877,False
0.05,B0034,0.9812861680984497,False
0.1,B0034,0.9860671758651733,False
0.2,B0034,0.6534543633460999,True
0.01,B0034,0.9916037321090698,False
0.02,B0034,0.9917173385620117,False
0.05,B0034,0.9857305884361267,False
0.1,B0034,0.9136618375778198,False
0.2,B0034,0.7874184846878052,True
0.01,B0034,0.9912599325180054,False
0.02,B0034,0.990270733833313,False
0.05,B0034,0.9976498484611511,False
0.1,B0034,0.9634718894958496,False
0.2,B0034,0.830024003982544,True
0.01,B0034,0.9920734167098999,False
0.02,B0034,0.9907629489898682,False
0.05,B0034,0.9864612817764282,False
0.1,B0034,0.8917936086654663,False
0.2,B0034,0.93642258644104,False
0.01,B0034,0.9922540187835693,False
0.02,B0034,0.9917041659355164,False
0.05,B0034,0.9888360500335693,False
0.1,B0034,0.916191816329956,False
0.2,B0034,0.4653357267379761,True
0.01,B0034,0.991181492805481,False
0.02,B0034,0.9902273416519165,False
0.05,B0034,0.9952976703643799,False
0.1,B0034,0.971811056137085,False
0.2,B0034,0.8796351552009583,False
0.01,B0034,0.9918622970581055,False
0.02,B0034,0.9921467304229736,False
0.05,B0034,0.9926844835281372,False
0.1,B0034,0.9461476802825928,False
0.2,B0034,0.8706218004226685,False
0.01,B0034,0.9931477308273315,False
0.02,B0034,0.9947282671928406,False
0.05,B0034,0.9874228239059448,False
0.1,B0034,0.9813321828842163,False
0.2,B0034,0.6475950479507446,True
0.01,B0034,0.994050920009613,False
0.02,B0034,0.9939436316490173,False
0.05,B0034,0.9857161641120911,False
0.1,B0034,0.9589540958404541,False
0.2,B0034,0.9268119931221008,False
0.01,B0034,0.994246780872345,False
0.02,B0034,0.992591142654419,False
0.05,B0034,0.9935367107391357,False
0.1,B0034,0.9849356412887573,False
0.2,B0034,0.8825628757476807,False
0.01,B0034,0.9933469295501709,False
0.02,B0034,0.9938977956771851,False
0.05,B0034,0.9920104742050171,False
0.1,B0034,0.9538732767105103,False
0.2,B0034,0.8629372715950012,False
0.01,B0034,0.9912503957748413,False
0.02,B0034,0.9909545183181763,False
0.05,B0034,0.979332685470581,False
0.1,B0034,0.9876935482025146,False
0.2,B0034,0.9409499168395996,False
0.01,B0034,0.9893345832824707,False
0.02,B0034,0.989445149898529,False
0.05,B0034,0.9914107918739319,False
0.1,B0034,0.9663370847702026,False
0.2,B0034,0.8787644505500793,False
0.01,B0034,0.9924329519271851,False
0.02,B0034,0.9944030046463013,False
0.05,B0034,0.9766949415206909,False
0.1,B0034,0.9813036322593689,False
0.2,B0034,0.6173772811889648,True
0.01,B0034,0.9949821829795837,False
0.02,B0034,0.9946677088737488,False
0.05,B0034,0.9943807125091553,False
0.1,B0034,0.9740941524505615,False
0.2,B0034,0.571674108505249,True
0.01,B0034,0.9960928559303284,False
0.02,B0034,0.9952348470687866,False
0.05,B0034,0.9813582301139832,False
0.1,B0034,0.9557231664657593,False
0.2,B0034,0.9080991744995117,False
0.01,B0034,0.9918802976608276,False
0.02,B0034,0.9933432936668396,False
0.05,B0034,0.9872778058052063,False
0.1,B0034,0.9893676042556763,False
0.2,B0034,0.48686081171035767,True
0.01,B0034,0.9903267621994019,False
0.02,B0034,0.9926149249076843,False
0.05,B0034,0.9974192380905151,False
0.1,B0034,0.965533971786499,False
0.2,B0034,0.8662329316139221,False
0.01,B0034,0.9918184876441956,False
0.02,B0034,0.9925941824913025,False
0.05,B0034,0.9951374530792236,False
0.1,B0034,0.962483286857605,False
0.2,B0034,0.7769718766212463,True
0.01,B0034,0.9942436814308167,False
0.02,B0034,0.9941389560699463,False
0.05,B0034,0.9841406345367432,False
0.1,B0034,0.9348219633102417,False
0.2,B0034,0.7826073169708252,True
0.01,B0034,0.9955095052719116,False
0.02,B0034,0.99715256690979,False
0.05,B0034,0.9966949224472046,False
0.1,B0034,0.9850539565086365,False
0.2,B0034,0.6316466331481934,True
0.01,B0034,0.9945602416992188,False
0.02,B0034,0.994513750076294,False
0.05,B0034,0.99371337890625,False
0.1,B0034,0.9919777512550354,False
0.2,B0034,0.5577355027198792,True
0.01,B0034,0.9913569092750549,False
0.02,B0034,0.9923561215400696,False
0.05,B0034,0.984784722328186,False
0.1,B0034,0.9689022302627563,False
0.2,B0034,0.7088779211044312,True
0.01,B0034,0.9914826154708862,False
0.02,B0034,0.9920618534088135,False
0.05,B0034,0.9947459697723389,False
0.1,B0034,0.9840380549430847,False
0.2,B0034,0.8676976561546326,False
0.01,B0034,0.9915100932121277,False
0.02,B0034,0.9899779558181763,False
0.05,B0034,0.9884862899780273,False
0.1,B0034,0.9791396260261536,False
0.2,B0034,0.781482458114624,True
0.01,B0034,0.99542236328125,False
0.02,B0034,0.9957107305526733,False
0.05,B0034,0.9945805668830872,False
0.1,B0034,0.9818010926246643,False
0.2,B0034,0.8771098852157593,False
0.01,B0034,0.9948067665100098,False
0.02,B0034,0.9944829940795898,False
0.05,B0034,0.9948315024375916,False
0.1,B0034,0.9591706991195679,False
0.2,B0034,0.8138678073883057,True
0.01,B0034,0.9959605932235718,False
0.02,B0034,0.994940459728241,False
0.05,B0034,0.9842247366905212,False
0.1,B0034,0.9928252100944519,False
0.2,B0034,0.9537726044654846,False
0.01,B0034,0.9927226305007935,False
0.02,B0034,0.9927070140838623,False
0.05,B0034,0.987080454826355,False
0.1,B0034,0.9755226969718933,False
0.2,B0034,0.5117008090019226,True
0.01,B0034,0.9933079481124878,False
0.02,B0034,0.9929797649383545,False
0.05,B0034,0.9925603866577148,False
0.1,B0034,0.9148941040039062,False
0.2,B0034,0.7915792465209961,True
0.01,B0034,0.9932312369346619,False
0.02,B0034,0.9927328824996948,False
0.05,B0034,0.9901679754257202,False
0.1,B0034,0.9065989851951599,False
0.2,B0034,0.8643087148666382,False
0.01,B0034,0.9739636182785034,False
0.02,B0034,0.9770853519439697,False
0.05,B0034,0.965327262878418,False
0.1,B0034,0.9719973802566528,False
0.2,B0034,0.7715150117874146,True
0.01,B0034,0.9950132966041565,False
0.02,B0034,0.9952257871627808,False
0.05,B0034,0.9929559230804443,False
0.1,B0034,0.9625248908996582,False
0.2,B0034,0.5657052993774414,True
0.01,B0034,0.9942721128463745,False
0.02,B0034,0.9935747981071472,False
0.05,B0034,0.9886696338653564,False
0.1,B0034,0.9771060347557068,False
0.2,B0034,0.574429988861084,True
0.01,B0034,0.9927712082862854,False
0.02,B0034,0.9910861253738403,False
0.05,B0034,0.9897953271865845,False
0.1,B0034,0.909404456615448,False
0.2,B0034,0.8591048717498779,False
0.01,B0034,0.9935436248779297,False
0.02,B0034,0.9934543371200562,False
0.05,B0034,0.9880913496017456,False
0.1,B0034,0.9915491342544556,False
0.2,B0034,0.6028798222541809,True
0.01,B0034,0.9927233457565308,False
0.02,B0034,0.9915128350257874,False
0.05,B0034,0.9840028882026672,False
0.1,B0034,0.9254261255264282,False
0.2,B0034,0.6994900703430176,True
0.01,B0034,0.9948204159736633,False
0.02,B0034,0.9954943060874939,False
0.05,B0034,0.9862695932388306,False
0.1,B0034,0.9926232099533081,False
0.2,B0034,0.8080387711524963,True
0.01,B0034,0.9926184415817261,False
0.02,B0034,0.993032693862915,False
0.05,B0034,0.9823845624923706,False
0.1,B0034,0.9841049909591675,False
0.2,B0034,0.8784230947494507,False
0.01,B0034,0.9941713213920593,False
0.02,B0034,0.9942063093185425,False
0.05,B0034,0.981070876121521,False
0.1,B0034,0.985468327999115,False
0.2,B0034,0.8856121897697449,False
0.01,B0034,0.9926583766937256,False
0.02,B0034,0.9937682747840881,False
0.05,B0034,0.9897512197494507,False
0.1,B0034,0.9924541711807251,False
0.2,B0034,0.8142999410629272,True
0.01,B0034,0.9928924441337585,False
0.02,B0034,0.9927026629447937,False
0.05,B0034,0.9941726922988892,False
0.1,B0034,0.9729971289634705,False
0.2,B0034,0.9365679025650024,False
0.01,B0034,0.9931254386901855,False
0.02,B0034,0.9951816201210022,False
0.05,B0034,0.9906167984008789,False
0.1,B0034,0.9691832065582275,False
0.2,B0034,0.5265873074531555,True
0.01,B0034,0.9943585991859436,False
0.02,B0034,0.993442952632904,False
0.05,B0034,0.9921066164970398,False
0.1,B0034,0.9694671630859375,False
0.2,B0034,0.49682214856147766,True
0.01,B0034,0.9948188066482544,False
0.02,B0034,0.9951580762863159,False
0.05,B0034,0.9901532530784607,False
0.1,B0034,0.9773320555686951,False
0.2,B0034,0.9351890087127686,False
0.01,B0034,0.9932745695114136,False
0.02,B0034,0.9923829436302185,False
0.05,B0034,0.9905273914337158,False
0.1,B0034,0.9662936925888062,False
0.2,B0034,0.7942003011703491,True
0.01,B0034,0.9935859441757202,False
0.02,B0034,0.9933626651763916,False
0.05,B0034,0.9914897680282593,False
0.1,B0034,0.9657754302024841,False
0.2,B0034,0.9398720264434814,False
0.01,B0034,0.9941944479942322,False
0.02,B0034,0.9958819150924683,False
0.05,B0034,0.9937530159950256,False
0.1,B0034,0.9693610668182373,False
0.2,B0034,0.6461841464042664,True
0.01,B0034,0.9942062497138977,False
0.02,B0034,0.9936071634292603,False
0.05,B0034,0.989254355430603,False
0.1,B0034,0.9793127775192261,False
0.2,B0034,0.859192430973053,False
0.01,B0034,0.9953689575195312,False
0.02,B0034,0.9956958293914795,False
0.05,B0034,0.9972850680351257,False
0.1,B0034,0.9828192591667175,False
0.2,B0034,0.9126951694488525,False
0.01,B0034,0.9958505630493164,False
0.02,B0034,0.9960615634918213,False
0.05,B0034,0.9858313798904419,False
0.1,B0034,0.9684624075889587,False
0.2,B0034,0.9161326885223389,False
0.01,B0034,0.9938165545463562,False
0.02,B0034,0.9946601390838623,False
0.05,B0034,0.9948116540908813,False
0.1,B0034,0.9852294921875,False
0.2,B0034,0.9428697824478149,False
0.01,B0034,0.9961767196655273,False
0.02,B0034,0.9968984127044678,False
0.05,B0034,0.9943847060203552,False
0.1,B0034,0.9557697772979736,False
0.2,B0034,0.9359568357467651,False
0.01,B0034,0.9938721656799316,False
0.02,B0034,0.9932801723480225,False
0.05,B0034,0.9853317737579346,False
0.1,B0034,0.9647734761238098,False
0.2,B0034,0.9397029876708984,False
0.01,B0034,0.9946582317352295,False
0.02,B0034,0.9946383237838745,False
0.05,B0034,0.991229772567749,False
0.1,B0034,0.9257806539535522,False
0.2,B0034,0.8826650381088257,False
0.01,B0034,0.9943302869796753,False
0.02,B0034,0.9933212995529175,False
0.05,B0034,0.9983620643615723,False
0.1,B0034,0.9837722182273865,False
0.2,B0034,0.8847159147262573,False
0.01,B0034,0.9933347105979919,False
0.02,B0034,0.9921917915344238,False
0.05,B0034,0.9908353686332703,False
0.1,B0034,0.9907340407371521,False
0.2,B0034,0.8899043798446655,False
0.01,B0034,0.9911236763000488,False
0.02,B0034,0.9913603067398071,False
0.05,B0034,0.9911243915557861,False
0.1,B0034,0.930913507938385,False
0.2,B0034,0.7994664311408997,True
0.01,B0034,0.9945987462997437,False
0.02,B0034,0.9949918985366821,False
0.05,B0034,0.9933799505233765,False
0.1,B0034,0.987852931022644,False
0.2,B0034,0.8499178290367126,False
0.01,B0034,0.9949320554733276,False
0.02,B0034,0.9950543642044067,False
0.05,B0034,0.9956964254379272,False
0.1,B0034,0.9768649935722351,False
0.2,B0034,0.9306716918945312,False
0.01,B0034,0.9936680197715759,False
0.02,B0034,0.9942750930786133,False
0.05,B0034,0.9852723479270935,False
0.1,B0034,0.9416902661323547,False
0.2,B0034,0.5873531103134155,True
0.01,B0034,0.9918715953826904,False
0.02,B0034,0.9917712211608887,False
0.05,B0034,0.9861462116241455,False
0.1,B0034,0.9718962907791138,False
0.2,B0034,0.8986430168151855,False
0.01,B0034,0.9922647476196289,False
0.02,B0034,0.991360604763031,False
0.05,B0034,0.9916751980781555,False
0.1,B0034,0.9886708855628967,False
0.2,B0034,0.7892102599143982,True
0.01,B0034,0.9952264428138733,False
0.02,B0034,0.9951334595680237,False
0.05,B0034,0.9975515604019165,False
0.1,B0034,0.984493613243103,False
0.2,B0034,0.7987115383148193,True
0.01,B0034,0.9953209757804871,False
0.02,B0034,0.9948676824569702,False
0.05,B0034,0.9925785660743713,False
0.1,B0034,0.9793558120727539,False
0.2,B0034,0.889661431312561,False
0.01,B0034,0.9929911494255066,False
0.02,B0034,0.9931381940841675,False
0.05,B0034,0.9890059232711792,False
0.1,B0034,0.9911001920700073,False
0.2,B0034,0.6354823112487793,True
0.01,B0034,0.9949495196342468,False
0.02,B0034,0.9951313734054565,False
0.05,B0034,0.9968552589416504,False
0.1,B0034,0.9813110828399658,False
0.2,B0034,0.935651421546936,False
0.01,B0034,0.9957044124603271,False
0.02,B0034,0.9947479963302612,False
0.05,B0034,0.9925392270088196,False
0.1,B0034,0.9445147514343262,False
0.2,B0034,0.6010957956314087,True
0.01,B0034,0.9945516586303711,False
0.02,B0034,0.9952220916748047,False
0.05,B0034,0.9979364275932312,False
0.1,B0034,0.9580803513526917,False
0.2,B0034,0.7970011234283447,True
0.01,B0034,0.9931548833847046,False
0.02,B0034,0.9930647015571594,False
0.05,B0034,0.9978703260421753,False
0.1,B0034,0.9488031268119812,False
0.2,B0034,0.9616898894309998,False
0.01,B0034,0.9941542148590088,False
0.02,B0034,0.994937002658844,False
0.05,B0034,0.9950741529464722,False
0.1,B0034,0.9819403886795044,False
0.2,B0034,0.911144495010376,False
0.01,B0034,0.9945523142814636,False
0.02,B0034,0.9959195256233215,False
0.05,B0034,0.9937412738800049,False
0.1,B0034,0.991081953048706,False
0.2,B0034,0.7065359354019165,True
0.01,B0034,0.9940719604492188,False
0.02,B0034,0.9944726228713989,False
0.05,B0034,0.9864696264266968,False
0.1,B0034,0.9754824042320251,False
0.2,B0034,0.8301974534988403,True
0.01,B0034,0.9943757057189941,False
0.02,B0034,0.994385302066803,False
0.05,B0034,0.9908197522163391,False
0.1,B0034,0.9681954383850098,False
0.2,B0034,0.8146180510520935,True
0.01,B0034,0.994260847568512,False
0.02,B0034,0.9940617680549622,False
0.05,B0034,0.9929288625717163,False
0.1,B0034,0.9676987528800964,False
0.2,B0034,0.6377354860305786,True
0.01,B0034,0.9957749843597412,False
0.02,B0034,0.9968794584274292,False
0.05,B0034,0.9941992163658142,False
0.1,B0034,0.9714764952659607,False
0.2,B0034,0.7636896371841431,True
0.01,B0034,0.9964370727539062,False
0.02,B0034,0.9966878294944763,False
0.05,B0034,0.9943850636482239,False
0.1,B0034,0.9080828428268433,False
0.2,B0034,0.6837670803070068,True
0.01,B0034,0.9954182505607605,False
0.02,B0034,0.9928707480430603,False
0.05,B0034,0.9944807291030884,False
0.1,B0034,0.989281415939331,False
0.2,B0034,0.9293331503868103,False
0.01,B0034,0.9953901767730713,False
0.02,B0034,0.9956079721450806,False
0.05,B0034,0.9985065460205078,False
0.1,B0034,0.9805886745452881,False
0.2,B0034,0.8189578652381897,True
0.01,B0034,0.9945573806762695,False
0.02,B0034,0.9959969520568848,False
0.05,B0034,0.9786578416824341,False
0.1,B0034,0.9672168493270874,False
0.2,B0034,0.6917074918746948,True
0.01,B0034,0.9948681592941284,False
0.02,B0034,0.994832456111908,False
0.05,B0034,0.9968949556350708,False
0.1,B0034,0.9808023571968079,False
0.2,B0034,0.9395726323127747,False
0.01,B0034,0.9946251511573792,False
0.02,B0034,0.9931790828704834,False
0.05,B0034,0.9892489910125732,False
0.1,B0034,0.9657940864562988,False
0.2,B0034,0.8593231439590454,False
0.01,B0034,0.9941896200180054,False
0.02,B0034,0.9943954944610596,False
0.05,B0034,0.9921063184738159,False
0.1,B0034,0.9878970384597778,False
0.2,B0034,0.863357663154602,False
0.01,B0034,0.9947618246078491,False
0.02,B0034,0.9925204515457153,False
0.05,B0034,0.9928712844848633,False
0.1,B0034,0.9707602858543396,False
0.2,B0034,0.8856817483901978,False
0.01,B0034,0.9952365159988403,False
0.02,B0034,0.9949227571487427,False
0.05,B0034,0.9931029081344604,False
0.1,B0034,0.9570525884628296,False
0.2,B0034,0.8107156157493591,True
0.01,B0034,0.9947896599769592,False
0.02,B0034,0.9948226809501648,False
0.05,B0034,0.9910925030708313,False
0.1,B0034,0.986780047416687,False
0.2,B0034,0.6854714751243591,True
0.01,B0034,0.9951611161231995,False
0.02,B0034,0.995091438293457,False
0.05,B0034,0.99552321434021,False
0.1,B0034,0.9130153059959412,False
0.2,B0034,0.8987255096435547,False
0.01,B0034,0.9950389862060547,False
0.02,B0034,0.9949406981468201,False
0.05,B0034,0.9954464435577393,False
0.1,B0034,0.9285483956336975,False
0.2,B0034,0.5050517320632935,True
0.01,B0034,0.9952174425125122,False
0.02,B0034,0.9946781396865845,False
0.05,B0034,0.9917557239532471,False
0.1,B0034,0.9394432902336121,False
0.2,B0034,0.8878001570701599,False
0.01,B0034,0.9947013854980469,False
0.02,B0034,0.9943796396255493,False
0.05,B0034,0.9981322884559631,False
0.1,B0034,0.9271238446235657,False
0.2,B0034,0.37728366255760193,True
0.01,B0034,0.9948649406433105,False
0.02,B0034,0.9923028945922852,False
0.05,B0034,0.9943337440490723,False
0.1,B0034,0.9828270673751831,False
0.2,B0034,0.6913926601409912,True
0.01,B0034,0.9930881261825562,False
0.02,B0034,0.9945576190948486,False
0.05,B0034,0.9873002171516418,False
0.1,B0034,0.9856083989143372,False
0.2,B0034,0.9603277444839478,False
0.01,B0034,0.995231032371521,False
0.02,B0034,0.9958093166351318,False
0.05,B0034,0.9965245127677917,False
0.1,B0034,0.983212947845459,False
0.2,B0034,0.9031714200973511,False
0.01,B0034,0.9943991899490356,False
0.02,B0034,0.9920929670333862,False
0.05,B0034,0.9935590624809265,False
0.1,B0034,0.949673056602478,False
0.2,B0034,0.5407538414001465,True
0.01,B0034,0.994904637336731,False
0.02,B0034,0.9947004318237305,False
0.05,B0034,0.9973131418228149,False
0.1,B0034,0.9647346138954163,False
0.2,B0034,0.6838961839675903,True
0.01,B0034,0.9941319823265076,False
0.02,B0034,0.9922568798065186,False
0.05,B0034,0.9937101602554321,False
0.1,B0034,0.9643566012382507,False
0.2,B0034,0.8590598106384277,False
0.01,B0034,0.9945425987243652,False
0.02,B0034,0.9954001903533936,False
0.05,B0034,0.9930013418197632,False
0.1,B0034,0.9815460443496704,False
0.2,B0034,0.7394513487815857,True
0.01,B0034,0.9943332076072693,False
0.02,B0034,0.9964132308959961,False
0.05,B0034,0.9973818063735962,False
0.1,B0034,0.9358358383178711,False
0.2,B0034,0.6823506355285645,True
0.01,B0034,0.9939839839935303,False
0.02,B0034,0.9922260642051697,False
0.05,B0034,0.9817433953285217,False
0.1,B0034,0.9872511625289917,False
0.2,B0034,0.8793100714683533,False
0.01,B0034,0.9933929443359375,False
0.02,B0034,0.994205117225647,False
0.05,B0034,0.9958176612854004,False
0.1,B0034,0.971622884273529,False
0.2,B0034,0.886429488658905,False
0.01,B0034,0.995003342628479,False
0.02,B0034,0.994088888168335,False
0.05,B0034,0.9900879859924316,False
0.1,B0034,0.9809921383857727,False
0.2,B0034,0.8736246824264526,False
0.01,B0034,0.9939534068107605,False
0.02,B0034,0.9948577284812927,False
0.05,B0034,0.9803012609481812,False
0.1,B0034,0.9842491149902344,False
0.2,B0034,0.6277060508728027,True
0.01,B0034,0.9943212270736694,False
0.02,B0034,0.9946931600570679,False
0.05,B0034,0.9903026819229126,False
0.1,B0034,0.9718689918518066,False
0.2,B0034,0.6411527991294861,True
0.01,B0034,0.9940200448036194,False
0.02,B0034,0.9947791695594788,False
0.05,B0034,0.9960547685623169,False
0.1,B0034,0.9815254211425781,False
0.2,B0034,0.8649065494537354,False
0.01,B0034,0.9941349625587463,False
0.02,B0034,0.9952796101570129,False
0.05,B0034,0.9837726950645447,False
0.1,B0034,0.9844607710838318,False
0.2,B0034,0.8462544679641724,False
0.01,B0034,0.9933716058731079,False
0.02,B0034,0.9942711591720581,False
0.05,B0034,0.9927883744239807,False
0.1,B0034,0.9556286931037903,False
0.2,B0034,0.9037338495254517,False
0.01,B0034,0.9942215085029602,False
0.02,B0034,0.9936524033546448,False
0.05,B0034,0.9860992431640625,False
0.1,B0034,0.9399681091308594,False
0.2,B0034,0.9578253030776978,False
0.01,B0034,0.9953134655952454,False
0.02,B0034,0.9945751428604126,False
0.05,B0034,0.9939990043640137,False
0.1,B0034,0.9496864080429077,False
0.2,B0034,0.9197130799293518,False
0.01,B0034,0.9938541054725647,False
0.02,B0034,0.994101881980896,False
0.05,B0034,0.9921229481697083,False
0.1,B0034,0.983734130859375,False
0.2,B0034,0.9210205078125,False
0.01,B0034,0.9928324818611145,False
0.02,B0034,0.9928431510925293,False
0.05,B0034,0.9942827224731445,False
0.1,B0034,0.9757905006408691,False
0.2,B0034,0.9364387392997742,False
0.01,B0034,0.9914382100105286,False
0.02,B0034,0.9920995235443115,False
0.05,B0034,0.9872183203697205,False
0.1,B0034,0.9781089425086975,False
0.2,B0034,0.891205370426178,False
0.01,B0034,0.9916440844535828,False
0.02,B0034,0.9923868775367737,False
0.05,B0034,0.9896221160888672,False
0.1,B0034,0.9836750626564026,False
0.2,B0034,0.9486297965049744,False
0.01,B0034,0.9930598735809326,False
0.02,B0034,0.994258463382721,False
0.05,B0034,0.9975039958953857,False
0.1,B0034,0.9713667631149292,False
0.2,B0034,0.9740543961524963,False
0.01,B0034,0.9931585192680359,False
0.02,B0034,0.9933715462684631,False
0.05,B0034,0.9791738390922546,False
0.1,B0034,0.9818912148475647,False
0.2,B0034,0.8795280456542969,False
0.01,B0034,0.9934988617897034,False
0.02,B0034,0.9933658242225647,False
0.05,B0034,0.9907205700874329,False
0.1,B0034,0.9212577939033508,False
0.2,B0034,0.8499451875686646,False
0.01,B0036,0.9788389801979065,False
0.02,B0036,0.9788467884063721,False
0.05,B0036,0.9834854006767273,False
0.1,B0036,0.9861531853675842,False
0.2,B0036,0.7305060625076294,True
0.01,B0036,0.9984666109085083,False
0.02,B0036,0.9989615678787231,False
0.05,B0036,0.9956502914428711,False
0.1,B0036,0.9263091683387756,False
0.2,B0036,0.2798932194709778,True
0.01,B0036,0.9982826709747314,False
0.02,B0036,0.9988144636154175,False
0.05,B0036,0.9958990216255188,False
0.1,B0036,0.9771252274513245,False
0.2,B0036,0.5673007965087891,True
0.01,B0036,0.9985672235488892,False
0.02,B0036,0.9986811876296997,False
0.05,B0036,0.9926460981369019,False
0.1,B0036,0.9877651333808899,False
0.2,B0036,0.8104075789451599,True
0.01,B0036,0.9988884925842285,False
0.02,B0036,0.9993338584899902,False
0.05,B0036,0.9995889663696289,False
0.1,B0036,0.9792197942733765,False
0.2,B0036,0.3678777813911438,True
0.01,B0036,0.999405562877655,False
0.02,B0036,0.9994531869888306,False
0.05,B0036,0.9989967942237854,False
0.1,B0036,0.9545513391494751,False
0.2,B0036,0.3813605010509491,True
0.01,B0036,0.9992936849594116,False
0.02,B0036,0.9990296363830566,False
0.05,B0036,0.9980932474136353,False
0.1,B0036,0.9617798924446106,False
0.2,B0036,0.50397789478302,True
0.01,B0036,0.999279260635376,False
0.02,B0036,0.998868465423584,False
0.05,B0036,0.9935083985328674,False
0.1,B0036,0.9409022331237793,False
0.2,B0036,0.5843645930290222,True
0.01,B0036,0.9992043972015381,False
0.02,B0036,0.9992609620094299,False
0.05,B0036,0.9941596388816833,False
0.1,B0036,0.9581233263015747,False
0.2,B0036,0.7666944265365601,True
0.01,B0036,0.9992567300796509,False
0.02,B0036,0.998900294303894,False
0.05,B0036,0.9961431622505188,False
0.1,B0036,0.9947410821914673,False
0.2,B0036,0.7357888221740723,True
0.01,B0036,0.9991034269332886,False
0.02,B0036,0.9987516403198242,False
0.05,B0036,0.9984057545661926,False
0.1,B0036,0.9730135202407837,False
0.2,B0036,0.6418917179107666,True
0.01,B0036,0.9993022680282593,False
0.02,B0036,0.9990090727806091,False
0.05,B0036,0.9987304210662842,False
0.1,B0036,0.933073878288269,False
0.2,B0036,0.5655919909477234,True
0.01,B0036,0.9990929365158081,False
0.02,B0036,0.9990807771682739,False
0.05,B0036,0.9939587712287903,False
0.1,B0036,0.9857437610626221,False
0.2,B0036,0.8433659076690674,True
0.01,B0036,0.9989949464797974,False
0.02,B0036,0.9991769790649414,False
0.05,B0036,0.9946852326393127,False
0.1,B0036,0.9789189100265503,False
0.2,B0036,0.7095212936401367,True
0.01,B0036,0.9989334344863892,False
0.02,B0036,0.9987637996673584,False
0.05,B0036,0.9989527463912964,False
0.1,B0036,0.9723707437515259,False
0.2,B0036,0.3260907828807831,True
0.01,B0036,0.9985939264297485,False
0.02,B0036,0.9988301396369934,False
0.05,B0036,0.9991922974586487,False
0.1,B0036,0.9546625018119812,False
0.2,B0036,0.7429455518722534,True
0.01,B0036,0.9953759908676147,False
0.02,B0036,0.9948392510414124,False
0.05,B0036,0.9896451830863953,False
0.1,B0036,0.8918214440345764,False
0.2,B0036,0.36282798647880554,True
0.01,B0036,0.9880423545837402,False
0.02,B0036,0.9865190386772156,False
0.05,B0036,0.9790788888931274,False
0.1,B0036,0.9192191362380981,False
0.2,B0036,0.4342958927154541,True
0.01,B0036,0.9978158473968506,False
0.02,B0036,0.9972164034843445,False
0.05,B0036,0.9944495558738708,False
0.1,B0036,0.9493035078048706,False
0.2,B0036,0.4403935372829437,True
0.01,B0036,0.9987994432449341,False
0.02,B0036,0.9982789158821106,False
0.05,B0036,0.9963725805282593,False
0.1,B0036,0.9867832660675049,False
0.2,B0036,0.7556611895561218,True
0.01,B0036,0.998827338218689,False
0.02,B0036,0.9990050196647644,False
0.05,B0036,0.9969382286071777,False
0.1,B0036,0.9495481848716736,False
0.2,B0036,0.5946900844573975,True
0.01,B0036,0.602422833442688,True
0.02,B0036,0.6087019443511963,True
0.05,B0036,0.5326546430587769,True
0.1,B0036,0.6550195813179016,True
0.2,B0036,0.1312008798122406,True
0.01,B0036,0.7979837656021118,True
0.02,B0036,0.7786562442779541,True
0.05,B0036,0.7591163516044617,True
0.1,B0036,0.6349754929542542,True
0.2,B0036,0.01488466002047062,True
0.01,B0036,0.8746981620788574,False
0.02,B0036,0.8761786818504333,False
0.05,B0036,0.9156850576400757,False
0.1,B0036,0.7827975749969482,True
0.2,B0036,0.5099618434906006,True
0.01,B0036,0.8857375979423523,False
0.02,B0036,0.8932017683982849,False
0.05,B0036,0.8596302270889282,False
0.1,B0036,0.734168291091919,True
0.2,B0036,0.21123793721199036,True
0.01,B0036,0.8803170323371887,False
0.02,B0036,0.8756657838821411,False
0.05,B0036,0.8309829235076904,True
0.1,B0036,0.6051878929138184,True
0.2,B0036,0.36265474557876587,True
0.01,B0036,0.8575056791305542,False
0.02,B0036,0.8585314154624939,False
0.05,B0036,0.8643732666969299,False
0.1,B0036,0.8629066348075867,False
0.2,B0036,0.1208033338189125,True
0.01,B0036,0.8099323511123657,True
0.02,B0036,0.8099870681762695,True
0.05,B0036,0.8407161235809326,True
0.1,B0036,0.6662683486938477,True
0.2,B0036,0.197223961353302,True
0.01,B0036,0.8423820734024048,True
0.02,B0036,0.8337370157241821,True
0.05,B0036,0.8380872011184692,True
0.1,B0036,0.5906305313110352,True
0.2,B0036,-0.10730594396591187,True
0.01,B0036,0.8853453397750854,False
0.02,B0036,0.873974084854126,False
0.05,B0036,0.8472780585289001,False
0.1,B0036,0.902642548084259,False
0.2,B0036,0.3737293481826782,True
0.01,B0036,0.9015427827835083,False
0.02,B0036,0.8957165479660034,False
0.05,B0036,0.8617410063743591,False
0.1,B0036,0.928390622138977,False
0.2,B0036,0.5415247082710266,True
0.01,B0036,0.8865180015563965,False
0.02,B0036,0.8935849666595459,False
0.05,B0036,0.888785719871521,False
0.1,B0036,0.8868721127510071,False
0.2,B0036,0.47891178727149963,True
0.01,B0036,0.8432398438453674,True
0.02,B0036,0.849195122718811,False
0.05,B0036,0.8606438040733337,False
0.1,B0036,0.9099267721176147,False
0.2,B0036,0.151003897190094,True
0.01,B0036,0.8590195178985596,False
0.02,B0036,0.850070059299469,False
0.05,B0036,0.8859573006629944,False
0.1,B0036,0.44599083065986633,True
0.2,B0036,0.3395070433616638,True
0.01,B0036,0.8975933194160461,False
0.02,B0036,0.8904045820236206,False
0.05,B0036,0.8752966523170471,False
0.1,B0036,0.8954453468322754,False
0.2,B0036,0.6205935478210449,True
0.01,B0036,0.8979108333587646,False
0.02,B0036,0.8880158066749573,False
0.05,B0036,0.9201390147209167,False
0.1,B0036,0.8373855352401733,True
0.2,B0036,-0.07970407605171204,True
0.01,B0036,0.8958520889282227,False
0.02,B0036,0.8909481167793274,False
0.05,B0036,0.9151598215103149,False
0.1,B0036,0.8678286671638489,False
0.2,B0036,0.21216700971126556,True
0.01,B0036,0.6978030204772949,True
0.02,B0036,0.6958756446838379,True
0.05,B0036,0.6210386753082275,True
0.1,B0036,0.5932609438896179,True
0.2,B0036,0.2528282403945923,True
0.01,B0036,0.5548502206802368,True
0.02,B0036,0.5414958000183105,True
0.05,B0036,0.428175687789917,True
0.1,B0036,0.3095471262931824,True
0.2,B0036,-0.03951673582196236,True
0.01,B0036,0.6846529245376587,True
0.02,B0036,0.6619090437889099,True
0.05,B0036,0.6402962803840637,True
0.1,B0036,0.5762686729431152,True
0.2,B0036,0.1399346888065338,True
0.01,B0036,0.8473203778266907,False
0.02,B0036,0.8288260698318481,True
0.05,B0036,0.77968430519104,True
0.1,B0036,0.6125916838645935,True
0.2,B0036,-0.07726635783910751,True
0.01,B0036,0.8787834644317627,False
0.02,B0036,0.8722487688064575,False
0.05,B0036,0.8780407905578613,False
0.1,B0036,0.6979326605796814,True
0.2,B0036,0.2980770766735077,True
0.01,B0036,0.7131208181381226,True
0.02,B0036,0.691001832485199,True
0.05,B0036,0.5960198640823364,True
0.1,B0036,0.6121960878372192,True
0.2,B0036,-0.01970779523253441,True
0.01,B0036,0.5308020710945129,True
0.02,B0036,0.512366533279419,True
0.05,B0036,0.484552800655365,True
0.1,B0036,0.6044886112213135,True
0.2,B0036,0.1289813220500946,True
0.01,B0036,0.6654908657073975,True
0.02,B0036,0.6726047992706299,True
0.05,B0036,0.5507782101631165,True
0.1,B0036,0.3902261257171631,True
0.2,B0036,-0.10909386724233627,True
0.01,B0036,0.11537110060453415,True
0.02,B0036,0.12548497319221497,True
0.05,B0036,0.09059391170740128,True
0.1,B0036,0.2608409523963928,True
0.2,B0036,-0.1840193271636963,True
0.01,B0036,0.6699273586273193,True
0.02,B0036,0.6473128199577332,True
0.05,B0036,0.6352959871292114,True
0.1,B0036,0.48033732175827026,True
0.2,B0036,-0.10577408969402313,True
0.01,B0036,0.7950439453125,True
0.02,B0036,0.8050805330276489,True
0.05,B0036,0.7231298685073853,True
0.1,B0036,0.7790563106536865,True
0.2,B0036,-0.028263866901397705,True
0.01,B0036,0.8366149663925171,True
0.02,B0036,0.8265153169631958,True
0.05,B0036,0.8375133872032166,True
0.1,B0036,0.5732824802398682,True
0.2,B0036,0.389993280172348,True
0.01,B0036,0.7386813163757324,True
0.02,B0036,0.7151638865470886,True
0.05,B0036,0.6544727087020874,True
0.1,B0036,0.3071945905685425,True
0.2,B0036,0.531264066696167,True
0.01,B0036,0.5464732646942139,True
0.02,B0036,0.5302095413208008,True
0.05,B0036,0.534004271030426,True
0.1,B0036,0.5595031976699829,True
0.2,B0036,-0.055888831615448,True
0.01,B0036,0.5840303301811218,True
0.02,B0036,0.5668660402297974,True
0.05,B0036,0.4913574159145355,True
0.1,B0036,0.6852359771728516,True
0.2,B0036,-0.07360109686851501,True
0.01,B0036,0.7436457872390747,True
0.02,B0036,0.717293381690979,True
0.05,B0036,0.7627915143966675,True
0.1,B0036,0.8029941320419312,True
0.2,B0036,0.2815385162830353,True
0.01,B0036,0.7720882296562195,True
0.02,B0036,0.7603358030319214,True
0.05,B0036,0.7633405923843384,True
0.1,B0036,0.6692990064620972,True
0.2,B0036,0.3619275689125061,True
0.01,B0036,0.7775294780731201,True
0.02,B0036,0.7622697353363037,True
0.05,B0036,0.6411768198013306,True
0.1,B0036,0.6283812522888184,True
0.2,B0036,0.432030588388443,True
0.01,B0036,0.7142359614372253,True
0.02,B0036,0.718013346195221,True
0.05,B0036,0.7018779516220093,True
0.1,B0036,0.675848662853241,True
0.2,B0036,-0.10237345844507217,True
0.01,B0036,0.5114471912384033,True
0.02,B0036,0.5206888914108276,True
0.05,B0036,0.5363656878471375,True
0.1,B0036,0.12436045706272125,True
0.2,B0036,-0.06035210192203522,True
0.01,B0036,0.5764478445053101,True
0.02,B0036,0.591265082359314,True
0.05,B0036,0.41566401720046997,True
0.1,B0036,0.4399949908256531,True
0.2,B0036,0.12197798490524292,True
0.01,B0036,0.8164057731628418,True
0.02,B0036,0.8237833976745605,True
0.05,B0036,0.8688028454780579,False
0.1,B0036,0.6586121320724487,True
0.2,B0036,-0.04354871064424515,True
0.01,B0036,0.8586643934249878,False
0.02,B0036,0.8604319095611572,False
0.05,B0036,0.8398503065109253,True
0.1,B0036,0.6178892850875854,True
0.2,B0036,0.2840934991836548,True
0.01,B0036,0.8817520141601562,False
0.02,B0036,0.8736668825149536,False
0.05,B0036,0.9105883836746216,False
0.1,B0036,0.6877716779708862,True
0.2,B0036,0.6211606860160828,True
0.01,B0036,0.6534748673439026,True
0.02,B0036,0.6548506021499634,True
0.05,B0036,0.761772871017456,True
0.1,B0036,0.3888949155807495,True
0.2,B0036,0.32370293140411377,True
0.01,B0036,0.46599629521369934,True
0.02,B0036,0.4524171054363251,True
0.05,B0036,0.4407041668891907,True
0.1,B0036,0.2880551218986511,True
0.2,B0036,-0.16216877102851868,True
0.01,B0036,0.6203436851501465,True
0.02,B0036,0.6095097064971924,True
0.05,B0036,0.5098395347595215,True
0.1,B0036,0.3351801335811615,True
0.2,B0036,0.028407635167241096,True
0.01,B0036,0.8440333604812622,True
0.02,B0036,0.831836462020874,True
0.05,B0036,0.8740319609642029,False
0.1,B0036,0.5327408909797668,True
0.2,B0036,0.31111621856689453,True
0.01,B0036,0.867439866065979,False
0.02,B0036,0.8605446815490723,False
0.05,B0036,0.9033982753753662,False
0.1,B0036,0.7398645877838135,True
0.2,B0036,0.1065610945224762,True
0.01,B0036,0.7436060905456543,True
0.02,B0036,0.7539818286895752,True
0.05,B0036,0.6342035531997681,True
0.1,B0036,0.7704544067382812,True
0.2,B0036,0.6777690649032593,True
0.01,B0036,0.5115970373153687,True
0.02,B0036,0.5135680437088013,True
0.05,B0036,0.39539188146591187,True
0.1,B0036,0.21117480099201202,True
0.2,B0036,-0.1036970466375351,True
0.01,B0036,0.718783974647522,True
0.02,B0036,0.6977057456970215,True
0.05,B0036,0.6974611282348633,True
0.1,B0036,0.6214996576309204,True
0.2,B0036,0.17853093147277832,True
0.01,B0036,0.8428308963775635,True
0.02,B0036,0.8421635627746582,True
0.05,B0036,0.7634309530258179,True
0.1,B0036,0.6810916662216187,True
0.2,B0036,0.7939121723175049,True
0.01,B0036,0.8765909671783447,False
0.02,B0036,0.8772165775299072,False
0.05,B0036,0.813094973564148,True
0.1,B0036,0.45356306433677673,True
0.2,B0036,0.026273570954799652,True
0.01,B0036,0.8958369493484497,False
0.02,B0036,0.8884608745574951,False
0.05,B0036,0.8394105434417725,True
0.1,B0036,0.47205761075019836,True
0.2,B0036,0.4001080095767975,True
0.01,B0036,0.7076794505119324,True
0.02,B0036,0.7186862230300903,True
0.05,B0036,0.6514004468917847,True
0.1,B0036,0.8215310573577881,True
0.2,B0036,-0.05320015549659729,True
0.01,B0036,0.5142520666122437,True
0.02,B0036,0.5138828158378601,True
0.05,B0036,0.5805733799934387,True
0.1,B0036,0.5071370601654053,True
0.2,B0036,-0.09434108436107635,True
0.01,B0036,0.7811967134475708,True
0.02,B0036,0.7745102643966675,True
0.05,B0036,0.6960712671279907,True
0.1,B0036,0.604036808013916,True
0.2,B0036,0.3234677314758301,True
0.01,B0036,0.8798938989639282,False
0.02,B0036,0.8688478469848633,False
0.05,B0036,0.8840247392654419,False
0.1,B0036,0.892741322517395,False
0.2,B0036,-0.07449262589216232,True
0.01,B0036,0.908724844455719,False
0.02,B0036,0.9088941812515259,False
0.05,B0036,0.8240379095077515,True
0.1,B0036,0.7584534883499146,True
0.2,B0036,0.30972200632095337,True
0.01,B0036,0.9060990810394287,False
0.02,B0036,0.8998761177062988,False
0.05,B0036,0.8417366743087769,True
0.1,B0036,0.8306065201759338,True
0.2,B0036,0.12207107245922089,True
0.01,B0036,0.899678647518158,False
0.02,B0036,0.8992878198623657,False
0.05,B0036,0.8744744062423706,False
0.1,B0036,0.4734094738960266,True
0.2,B0036,0.3498973846435547,True
0.01,B0036,0.916530966758728,False
0.02,B0036,0.9124610424041748,False
0.05,B0036,0.9349777102470398,False
0.1,B0036,0.7967672944068909,True
0.2,B0036,0.32626354694366455,True
0.01,B0036,0.9045364260673523,False
0.02,B0036,0.9022543430328369,False
0.05,B0036,0.8302860856056213,True
0.1,B0036,0.9105260968208313,False
0.2,B0036,0.3501538634300232,True
0.01,B0036,0.9151031970977783,False
0.02,B0036,0.9147718548774719,False
0.05,B0036,0.9126496315002441,False
0.1,B0036,0.7171498537063599,True
0.2,B0036,0.15924471616744995,True
0.01,B0036,0.9137283563613892,False
0.02,B0036,0.9175505042076111,False
0.05,B0036,0.9413560628890991,False
0.1,B0036,0.794339656829834,True
0.2,B0036,0.03383840620517731,True
0.01,B0036,0.9165341854095459,False
0.02,B0036,0.9168623685836792,False
0.05,B0036,0.9205977916717529,False
0.1,B0036,0.6827787756919861,True
0.2,B0036,0.4966147840023041,True
0.01,B0036,0.9086586236953735,False
0.02,B0036,0.910078763961792,False
0.05,B0036,0.9394745826721191,False
0.1,B0036,0.5667970180511475,True
0.2,B0036,0.31887173652648926,True
0.01,B0036,0.9198348522186279,False
0.02,B0036,0.9198325276374817,False
0.05,B0036,0.8935943841934204,False
0.1,B0036,0.8261297941207886,True
0.2,B0036,0.5031301379203796,True
0.01,B0036,0.9095673561096191,False
0.02,B0036,0.9146272540092468,False
0.05,B0036,0.8793187141418457,False
0.1,B0036,0.7337332963943481,True
0.2,B0036,0.6110906600952148,True
0.01,B0036,0.9189990758895874,False
0.02,B0036,0.9125366806983948,False
0.05,B0036,0.902790904045105,False
0.1,B0036,0.7165204286575317,True
0.2,B0036,0.052135564386844635,True
0.01,B0036,0.9134629964828491,False
0.02,B0036,0.9168505668640137,False
0.05,B0036,0.9390384554862976,False
0.1,B0036,0.8298090696334839,True
0.2,B0036,0.22552692890167236,True
0.01,B0036,0.8635050058364868,False
0.02,B0036,0.8618975877761841,False
0.05,B0036,0.8019908666610718,True
0.1,B0036,0.49714404344558716,True
0.2,B0036,0.30826324224472046,True
0.01,B0036,0.778486430644989,True
0.02,B0036,0.7895534634590149,True
0.05,B0036,0.695683479309082,True
0.1,B0036,0.6939191818237305,True
0.2,B0036,0.5339337587356567,True
0.01,B0036,0.7073940634727478,True
0.02,B0036,0.7307230234146118,True
0.05,B0036,0.7378325462341309,True
0.1,B0036,0.8203712701797485,True
0.2,B0036,0.08207464218139648,True
0.01,B0036,0.8973382711410522,False
0.02,B0036,0.8965659141540527,False
0.05,B0036,0.9034542441368103,False
0.1,B0036,0.8932129144668579,False
0.2,B0036,0.3149394989013672,True
0.01,B0036,0.9285790920257568,False
0.02,B0036,0.9345703721046448,False
0.05,B0036,0.9456040859222412,False
0.1,B0036,0.8640393018722534,False
0.2,B0036,0.3214662969112396,True
0.01,B0036,0.9373723268508911,False
0.02,B0036,0.9400762319564819,False
0.05,B0036,0.9189464449882507,False
0.1,B0036,0.9431859254837036,False
0.2,B0036,0.19120082259178162,True
0.01,B0036,0.8755948543548584,False
0.02,B0036,0.8681167960166931,False
0.05,B0036,0.8734307289123535,False
0.1,B0036,0.629956066608429,True
0.2,B0036,-0.06735789030790329,True
0.01,B0036,0.8216561079025269,True
0.02,B0036,0.8278146982192993,True
0.05,B0036,0.8264382481575012,True
0.1,B0036,0.7003137469291687,True
0.2,B0036,0.5988631248474121,True
0.01,B0036,0.8148107528686523,True
0.02,B0036,0.8191325068473816,True
0.05,B0036,0.8427799940109253,True
0.1,B0036,0.688083291053772,True
0.2,B0036,0.49597305059432983,True
0.01,B0036,0.912513256072998,False
0.02,B0036,0.9102761149406433,False
0.05,B0036,0.8693302273750305,False
0.1,B0036,0.675482988357544,True
0.2,B0036,-0.0790340006351471,True
0.01,B0036,0.9265891313552856,False
0.02,B0036,0.9208360910415649,False
0.05,B0036,0.9013059735298157,False
0.1,B0036,0.800200343132019,True
0.2,B0036,0.08563229441642761,True
0.01,B0036,0.9221819639205933,False
0.02,B0036,0.9218236804008484,False
0.05,B0036,0.9097487926483154,False
0.1,B0036,0.9490741491317749,False
0.2,B0036,0.5887089967727661,True
0.01,B0036,0.813044548034668,True
0.02,B0036,0.8113263845443726,True
0.05,B0036,0.7139149904251099,True
0.1,B0036,0.8747367858886719,False
0.2,B0036,-0.020092623308300972,True
0.01,B0036,0.6862818002700806,True
0.02,B0036,0.6530501246452332,True
0.05,B0036,0.6271407604217529,True
0.1,B0036,0.3425891101360321,True
0.2,B0036,0.5137045383453369,True
0.01,B0036,0.8152199983596802,True
0.02,B0036,0.8031423091888428,True
0.05,B0036,0.7523552775382996,True
0.1,B0036,0.8078005909919739,True
0.2,B0036,0.23551785945892334,True
0.01,B0036,0.9126520156860352,False
0.02,B0036,0.9135959148406982,False
0.05,B0036,0.9130396842956543,False
0.1,B0036,0.9100579619407654,False
0.2,B0036,0.6013144850730896,True
0.01,B0036,0.9270240068435669,False
0.02,B0036,0.9221664667129517,False
0.05,B0036,0.8580743074417114,False
0.1,B0036,0.7440280914306641,True
0.2,B0036,0.016149166971445084,True
0.01,B0036,0.9172390103340149,False
0.02,B0036,0.9211338758468628,False
0.05,B0036,0.9131510257720947,False
0.1,B0036,0.9350854158401489,False
0.2,B0036,0.4153929650783539,True
0.01,B0036,0.6979806423187256,True
0.02,B0036,0.7119444012641907,True
0.05,B0036,0.7174638509750366,True
0.1,B0036,0.4436942934989929,True
0.2,B0036,0.24437327682971954,True
0.01,B0036,0.5872530937194824,True
0.02,B0036,0.5670124292373657,True
0.05,B0036,0.6193557381629944,True
0.1,B0036,0.287698894739151,True
0.2,B0036,0.3434629440307617,True
0.01,B0036,0.7586942911148071,True
0.02,B0036,0.7637422680854797,True
0.05,B0036,0.7093410491943359,True
0.1,B0036,0.7838126420974731,True
0.2,B0036,0.08117036521434784,True
0.01,B0036,0.8982948660850525,False
0.02,B0036,0.897251546382904,False
0.05,B0036,0.838003396987915,True
0.1,B0036,0.8246234655380249,True
0.2,B0036,0.30802053213119507,True
0.01,B0036,0.9158825874328613,False
0.02,B0036,0.9103969931602478,False
0.05,B0036,0.9325999021530151,False
0.1,B0036,0.9151281118392944,False
0.2,B0036,0.17869995534420013,True
0.01,B0036,0.8809051513671875,False
0.02,B0036,0.8740558624267578,False
0.05,B0036,0.85280442237854,False
0.1,B0036,0.6481422185897827,True
0.2,B0036,0.05527610331773758,True
0.01,B0036,0.012754048220813274,True
0.02,B0036,0.01487186923623085,True
0.05,B0036,-0.021416889503598213,True
0.1,B0036,0.2554396688938141,True
0.2,B0036,-0.15951724350452423,True
0.01,B0036,0.7202613353729248,True
0.02,B0036,0.7241043448448181,True
0.05,B0036,0.6676462888717651,True
0.1,B0036,0.5082517266273499,True
0.2,B0036,0.135653555393219,True
0.01,B0036,0.8325548768043518,True
0.02,B0036,0.8228809237480164,True
0.05,B0036,0.790779709815979,True
0.1,B0036,0.5707507133483887,True
0.2,B0036,0.3216211497783661,True
0.01,B0036,0.8619347810745239,False
0.02,B0036,0.8537948131561279,False
0.05,B0036,0.808318555355072,True
0.1,B0036,0.8797797560691833,False
0.2,B0036,0.25976288318634033,True
0.01,B0036,0.8760766983032227,False
0.02,B0036,0.8666796684265137,False
0.05,B0036,0.7836920022964478,True
0.1,B0036,0.5334113240242004,True
0.2,B0036,-0.10886593908071518,True
0.01,B0036,0.8766716122627258,False
0.02,B0036,0.8818542957305908,False
0.05,B0036,0.8085225820541382,True
0.1,B0036,0.6041232347488403,True
0.2,B0036,0.3596177399158478,True
0.01,B0036,0.8798828721046448,False
0.02,B0036,0.8861041069030762,False
0.05,B0036,0.8345484137535095,True
0.1,B0036,0.7057888507843018,True
0.2,B0036,0.290920227766037,True
0.01,B0036,0.8818045258522034,False
0.02,B0036,0.8752251863479614,False
0.05,B0036,0.9014901518821716,False
0.1,B0036,0.8456717729568481,False
0.2,B0036,0.5606178045272827,True
0.01,B0036,0.8851255178451538,False
0.02,B0036,0.8859282732009888,False
0.05,B0036,0.9158211946487427,False
0.1,B0036,0.7281100749969482,True
0.2,B0036,0.15111398696899414,True
0.01,B0036,0.8903524875640869,False
0.02,B0036,0.8957793712615967,False
0.05,B0036,0.8175352811813354,True
0.1,B0036,0.9282028675079346,False
0.2,B0036,0.07941495627164841,True
0.01,B0036,0.8938250541687012,False
0.02,B0036,0.8950815796852112,False
0.05,B0036,0.893154501914978,False
0.1,B0036,0.6001004576683044,True
0.2,B0036,0.8057098388671875,True
0.01,B0036,0.8836910724639893,False
0.02,B0036,0.8812795877456665,False
0.05,B0036,0.8554010391235352,False
0.1,B0036,0.6737384796142578,True
0.2,B0036,0.29363858699798584,True
0.01,B0036,0.8799606561660767,False
0.02,B0036,0.8679885864257812,False
0.05,B0036,0.8387401103973389,True
0.1,B0036,0.8050156831741333,True
0.2,B0036,0.35070279240608215,True
0.01,B0036,0.8900185227394104,False
0.02,B0036,0.8892723321914673,False
0.05,B0036,0.8265377879142761,True
0.1,B0036,0.7566370964050293,True
0.2,B0036,0.15767709910869598,True
0.01,B0036,0.8938356637954712,False
0.02,B0036,0.8896665573120117,False
0.05,B0036,0.907871425151825,False
0.1,B0036,0.649524450302124,True
0.2,B0036,0.47156235575675964,True
0.01,B0036,0.8952491283416748,False
0.02,B0036,0.8985674381256104,False
0.05,B0036,0.8965873122215271,False
0.1,B0036,0.6775645017623901,True
0.2,B0036,0.031104164198040962,True
0.01,B0036,0.7253367900848389,True
0.02,B0036,0.7140522003173828,True
0.05,B0036,0.6296179294586182,True
0.1,B0036,0.5273951292037964,True
0.2,B0036,0.018500911071896553,True
0.01,B0036,0.5478492975234985,True
0.02,B0036,0.5656579732894897,True
0.05,B0036,0.5862247347831726,True
0.1,B0036,0.6134521961212158,True
0.2,B0036,0.19773879647254944,True
0.01,B0036,0.6676771640777588,True
0.02,B0036,0.6586995124816895,True
0.05,B0036,0.594494104385376,True
0.1,B0036,0.30939120054244995,True
0.2,B0036,0.34206488728523254,True
0.01,B0036,0.8225518465042114,True
0.02,B0036,0.8323343396186829,True
0.05,B0036,0.7825413346290588,True
0.1,B0036,0.8599374294281006,False
0.2,B0036,-0.08747496455907822,True
0.01,B0036,0.8670464754104614,False
0.02,B0036,0.858223021030426,False
0.05,B0036,0.880078911781311,False
0.1,B0036,0.7103436589241028,True
0.2,B0036,0.473824143409729,True
0.01,B0036,0.7837473154067993,True
0.02,B0036,0.7874025106430054,True
0.05,B0036,0.6981827020645142,True
0.1,B0036,0.3808804452419281,True
0.2,B0036,0.23909997940063477,True
0.01,B0036,0.6012254357337952,True
0.02,B0036,0.5868245363235474,True
0.05,B0036,0.4961552619934082,True
0.1,B0036,0.4320901930332184,True
0.2,B0036,0.34344741702079773,True
0.01,B0036,0.7827397584915161,True
0.02,B0036,0.7901685237884521,True
0.05,B0036,0.8077669143676758,True
0.1,B0036,0.45839837193489075,True
0.2,B0036,-0.11066782474517822,True
0.01,B0036,0.8420423269271851,True
0.02,B0036,0.8418430089950562,True
0.05,B0036,0.8139371275901794,True
0.1,B0036,0.6033143997192383,True
0.2,B0036,0.23667839169502258,True
0.01,B0036,0.8779459595680237,False
0.02,B0036,0.8869749307632446,False
0.05,B0036,0.8366144299507141,True
0.1,B0036,0.7261554002761841,True
0.2,B0036,-0.05101555585861206,True
0.01,B0036,0.9082833528518677,False
0.02,B0036,0.9090963006019592,False
0.05,B0036,0.8185443878173828,True
0.1,B0036,0.5194689035415649,True
0.2,B0036,0.5748995542526245,True
0.01,B0036,0.7310861349105835,True
0.02,B0036,0.7403232455253601,True
0.05,B0036,0.7658646106719971,True
0.1,B0036,0.5581830739974976,True
0.2,B0036,0.15390154719352722,True
0.01,B0036,0.6145482063293457,True
0.02,B0036,0.608596920967102,True
0.05,B0036,0.5046870708465576,True
0.1,B0036,0.46906083822250366,True
0.2,B0036,0.023615743964910507,True
0.01,B0036,0.784272313117981,True
0.02,B0036,0.7974470257759094,True
0.05,B0036,0.8391836285591125,True
0.1,B0036,0.512604832649231,True
0.2,B0036,0.16159231960773468,True
0.01,B0036,0.8767485618591309,False
0.02,B0036,0.8678954839706421,False
0.05,B0036,0.8446742296218872,True
0.1,B0036,0.7553310394287109,True
0.2,B0036,0.26258695125579834,True
0.01,B0036,0.8875622749328613,False
0.02,B0036,0.8851296901702881,False
0.05,B0036,0.8541678190231323,False
0.1,B0036,0.931574821472168,False
0.2,B0036,0.3390345573425293,True
0.01,B0036,0.8340387940406799,True
0.02,B0036,0.8392548561096191,True
0.05,B0036,0.7261004447937012,True
0.1,B0036,0.8424201607704163,True
0.2,B0036,0.2759758234024048,True
0.01,B0036,0.7163840532302856,True
0.02,B0036,0.701542854309082,True
0.05,B0036,0.7571907043457031,True
0.1,B0036,0.7159538269042969,True
0.2,B0036,0.10726738721132278,True
0.01,B0036,0.46617040038108826,True
0.02,B0036,0.4532095789909363,True
0.05,B0036,0.5451692938804626,True
0.1,B0036,0.36597326397895813,True
0.2,B0036,0.02834346704185009,True
0.01,B0036,0.7202999591827393,True
0.02,B0036,0.725805401802063,True
0.05,B0036,0.6693757772445679,True
0.1,B0036,0.3713843822479248,True
0.2,B0036,0.05088125541806221,True
0.01,B0036,0.8383219242095947,True
0.02,B0036,0.8350070118904114,True
0.05,B0036,0.8497089147567749,False
0.1,B0036,0.6486662030220032,True
0.2,B0036,0.10323881357908249,True
0.01,B0036,0.8828454613685608,False
0.02,B0036,0.8777515888214111,False
0.05,B0036,0.8581581115722656,False
0.1,B0036,0.7083917856216431,True
0.2,B0036,0.05707777291536331,True
0.01,B0036,0.8894373774528503,False
0.02,B0036,0.8915755748748779,False
0.05,B0036,0.84546959400177,True
0.1,B0036,0.5153629779815674,True
0.2,B0036,0.3413514792919159,True
0.01,B0036,0.8867218494415283,False
0.02,B0036,0.8887752294540405,False
0.05,B0036,0.8652337789535522,False
0.1,B0036,0.6739915609359741,True
0.2,B0036,0.5007705688476562,True
0.01,B0036,0.8831591010093689,False
0.02,B0036,0.8896152973175049,False
0.05,B0036,0.8232462406158447,True
0.1,B0036,0.6842204332351685,True
0.2,B0036,0.1656741052865982,True
0.01,B0036,0.8969213962554932,False
0.02,B0036,0.8958505988121033,False
0.05,B0036,0.8634145259857178,False
0.1,B0036,0.8570171594619751,False
0.2,B0036,0.46001937985420227,True
0.01,B0036,0.6596689224243164,True
0.02,B0036,0.642461359500885,True
0.05,B0036,0.6221485137939453,True
0.1,B0036,0.6815518736839294,True
0.2,B0036,0.555517315864563,True
0.01,B0036,0.5696526765823364,True
0.02,B0036,0.5483739376068115,True
0.05,B0036,0.570183515548706,True
0.1,B0036,0.4915446639060974,True
0.2,B0036,0.13449159264564514,True
0.01,B0036,0.7339905500411987,True
0.02,B0036,0.7410920858383179,True
0.05,B0036,0.7011836767196655,True
0.1,B0036,0.43248146772384644,True
0.2,B0036,0.07629060745239258,True
0.01,B0036,0.824537456035614,True
0.02,B0036,0.8249810934066772,True
0.05,B0036,0.7002482414245605,True
0.1,B0036,0.6201795339584351,True
0.2,B0036,-0.00481200497597456,True
0.01,B0036,0.8540384769439697,False
0.02,B0036,0.851991593837738,False
0.05,B0036,0.8135878443717957,True
0.1,B0036,0.8020683526992798,True
0.2,B0036,0.29574501514434814,True
0.01,B0036,0.769690752029419,True
0.02,B0036,0.7688443660736084,True
0.05,B0036,0.6803210973739624,True
0.1,B0036,0.48220720887184143,True
0.2,B0036,0.013109581544995308,True
0.01,B0036,0.5990344285964966,True
0.02,B0036,0.5797078013420105,True
0.05,B0036,0.5567724704742432,True
0.1,B0036,0.5720136165618896,True
0.2,B0036,-0.12051048874855042,True
0.01,B0036,0.776366114616394,True
0.02,B0036,0.7656434178352356,True
0.05,B0036,0.8356441259384155,True
0.1,B0036,0.44735896587371826,True
0.2,B0036,-0.08495402336120605,True
0.01,B0036,0.8818945288658142,False
0.02,B0036,0.8852148056030273,False
0.05,B0036,0.8713271617889404,False
0.1,B0036,0.6727561950683594,True
0.2,B0036,0.3630433678627014,True
0.01,B0036,0.9053250551223755,False
0.02,B0036,0.8973251581192017,False
0.05,B0036,0.8946173191070557,False
0.1,B0036,0.5391756296157837,True
0.2,B0036,-0.04088959842920303,True
0.01,B0036,0.8961973786354065,False
0.02,B0036,0.8791218996047974,False
0.05,B0036,0.8293421864509583,True
0.1,B0036,0.8045881390571594,True
0.2,B0036,0.17136478424072266,True
0.01,B0036,0.8200134634971619,True
0.02,B0036,0.8404061198234558,True
0.05,B0036,0.796747088432312,True
0.1,B0036,0.47404569387435913,True
0.2,B0036,0.5030161142349243,True
0.01,B0036,0.7612595558166504,True
0.02,B0036,0.748225748538971,True
0.05,B0036,0.8439825773239136,True
0.1,B0036,0.7649356126785278,True
0.2,B0036,0.05344846844673157,True
0.01,B0036,0.7918243408203125,True
0.02,B0036,0.7907482385635376,True
0.05,B0036,0.8158769607543945,True
0.1,B0036,0.34987232089042664,True
0.2,B0036,0.24083344638347626,True
0.01,B0036,0.8878484964370728,False
0.02,B0036,0.8927357196807861,False
0.05,B0036,0.884717583656311,False
0.1,B0036,0.7868741750717163,True
0.2,B0036,0.06940950453281403,True
0.01,B0036,0.9094400405883789,False
0.02,B0036,0.8981533050537109,False
0.05,B0036,0.9135830402374268,False
0.1,B0036,0.8467022180557251,False
0.2,B0036,-0.011767290532588959,True
0.01,B0036,0.9207954406738281,False
0.02,B0036,0.9179373979568481,False
0.05,B0036,0.8886246681213379,False
0.1,B0036,0.664872407913208,True
0.2,B0036,-0.02985604852437973,True
0.01,B0036,0.797014057636261,True
0.02,B0036,0.7842679023742676,True
0.05,B0036,0.8078118562698364,True
0.1,B0036,0.5081135630607605,True
0.2,B0036,0.38014131784439087,True
0.01,B0036,0.7329742908477783,True
0.02,B0036,0.7091660499572754,True
0.05,B0036,0.7210901975631714,True
0.1,B0036,0.31178486347198486,True
0.2,B0036,0.13279545307159424,True
0.01,B0036,0.8094385862350464,True
0.02,B0036,0.8073654174804688,True
0.05,B0036,0.7854498028755188,True
0.1,B0036,0.7857406735420227,True
0.2,B0036,0.49758511781692505,True
0.01,B0036,0.8902846574783325,False
0.02,B0036,0.8829703330993652,False
0.05,B0036,0.8291412591934204,True
0.1,B0036,0.4888145923614502,True
0.2,B0036,0.20308330655097961,True
0.01,B0036,0.7020183801651001,True
0.02,B0036,0.7013127207756042,True
0.05,B0036,0.6810468435287476,True
0.1,B0036,0.3451603651046753,True
0.2,B0036,0.5057731866836548,True
0.01,B0036,0.8938438892364502,False
0.02,B0036,0.8878495693206787,False
0.05,B0036,0.8762247562408447,False
0.1,B0036,0.8100950121879578,True
0.2,B0036,0.3533298969268799,True
0.01,B0036,0.9073803424835205,False
0.02,B0036,0.9019111394882202,False
0.05,B0036,0.8747544884681702,False
0.1,B0036,0.9409252405166626,False
0.2,B0036,0.33853650093078613,True
0.01,B0036,0.9142501950263977,False
0.02,B0036,0.9104581475257874,False
0.05,B0036,0.8595033884048462,False
0.1,B0036,0.5225365161895752,True
0.2,B0036,-0.03527889400720596,True
0.01,B0036,0.917645275592804,False
0.02,B0036,0.9170262813568115,False
0.05,B0036,0.9030983448028564,False
0.1,B0036,0.7384869456291199,True
0.2,B0036,-0.04646526277065277,True
0.01,B0036,0.9045682549476624,False
0.02,B0036,0.9052878022193909,False
0.05,B0036,0.8781396746635437,False
0.1,B0036,0.5376741886138916,True
0.2,B0036,0.18932263553142548,True
0.01,B0036,0.912111222743988,False
0.02,B0036,0.921347975730896,False
0.05,B0036,0.9067898392677307,False
0.1,B0036,0.8511160612106323,False
0.2,B0036,0.6112558245658875,True
0.01,B0036,0.9178943634033203,False
0.02,B0036,0.9141658544540405,False
0.05,B0036,0.8760007619857788,False
0.1,B0036,0.6930361986160278,True
0.2,B0036,0.16967031359672546,True
0.01,B0036,0.9166140556335449,False
0.02,B0036,0.918363630771637,False
0.05,B0036,0.9238079786300659,False
0.1,B0036,0.67824786901474,True
0.2,B0036,0.18824459612369537,True
0.01,B0036,0.9247996211051941,False
0.02,B0036,0.9271340370178223,False
0.05,B0036,0.8922276496887207,False
0.1,B0036,0.6754098534584045,True
0.2,B0036,0.5955352783203125,True
0.01,B0036,0.9212175607681274,False
0.02,B0036,0.924168586730957,False
0.05,B0036,0.8459765911102295,False
0.1,B0036,0.5439296960830688,True
0.2,B0036,0.4047773778438568,True
0.01,B0036,0.923157811164856,False
0.02,B0036,0.929667592048645,False
0.05,B0036,0.9012791514396667,False
0.1,B0036,0.9233536124229431,False
0.2,B0036,0.24706795811653137,True
0.01,B0036,0.9263591170310974,False
0.02,B0036,0.9227076768875122,False
0.05,B0036,0.8597280979156494,False
0.1,B0036,0.9410833120346069,False
0.2,B0036,0.6377887725830078,True
0.01,B0036,0.9275246262550354,False
0.02,B0036,0.9321675300598145,False
0.05,B0036,0.9369698166847229,False
0.1,B0036,0.8155755996704102,True
0.2,B0036,0.5136842727661133,True
0.01,B0036,0.9254275560379028,False
0.02,B0036,0.9286144971847534,False
0.05,B0036,0.9251325130462646,False
0.1,B0036,0.9059404730796814,False
0.2,B0036,0.15966367721557617,True
0.01,B0036,0.928336501121521,False
0.02,B0036,0.9267985820770264,False
0.05,B0036,0.8830945491790771,False
0.1,B0036,0.9376097917556763,False
0.2,B0036,-0.0189841166138649,True
0.01,B0036,0.598179042339325,True
0.02,B0036,0.6076808571815491,True
0.05,B0036,0.4399269223213196,True
0.1,B0036,0.46546512842178345,True
0.2,B0036,0.07180486619472504,True
0.01,B0036,0.638943076133728,True
0.02,B0036,0.6442235708236694,True
0.05,B0036,0.6299058198928833,True
0.1,B0036,0.42296379804611206,True
0.2,B0036,0.034553416073322296,True
0.01,B0036,0.8046694993972778,True
0.02,B0036,0.8058702945709229,True
0.05,B0036,0.7863328456878662,True
0.1,B0036,0.6498736143112183,True
0.2,B0036,0.09127207845449448,True
0.01,B0036,0.885197639465332,False
0.02,B0036,0.8779755234718323,False
0.05,B0036,0.8963791131973267,False
0.1,B0036,0.6265926361083984,True
0.2,B0036,0.518665611743927,True
0.01,B0036,0.8972033858299255,False
0.02,B0036,0.8989057540893555,False
0.05,B0036,0.8685615062713623,False
0.1,B0036,0.6829033493995667,True
0.2,B0036,0.46295857429504395,True
0.01,B0045,0.9994215369224548,False
0.02,B0045,0.9995511770248413,False
0.05,B0045,0.9984853267669678,False
0.1,B0045,0.9841238260269165,False
0.2,B0045,0.8358772993087769,True
0.01,B0045,0.9995723962783813,False
0.02,B0045,0.9994053840637207,False
0.05,B0045,0.9986308813095093,False
0.1,B0045,0.9321739077568054,False
0.2,B0045,0.831645131111145,True
0.01,B0045,0.9999427795410156,False
0.02,B0045,0.9999426603317261,False
0.05,B0045,0.9976180195808411,False
0.1,B0045,0.97756028175354,False
0.2,B0045,0.886841893196106,False
0.01,B0045,0.9995878338813782,False
0.02,B0045,0.9993435740470886,False
0.05,B0045,0.9987770915031433,False
0.1,B0045,0.9831881523132324,False
0.2,B0045,0.682325005531311,True
0.01,B0045,0.9994210600852966,False
0.02,B0045,0.9993484020233154,False
0.05,B0045,0.9965502619743347,False
0.1,B0045,0.9566317200660706,False
0.2,B0045,0.8618353605270386,False
0.01,B0045,0.9989213943481445,False
0.02,B0045,0.9989876747131348,False
0.05,B0045,0.9949787855148315,False
0.1,B0045,0.9578444957733154,False
0.2,B0045,0.6934791803359985,True
0.01,B0045,0.998330295085907,False
0.02,B0045,0.998224675655365,False
0.05,B0045,0.9975143074989319,False
0.1,B0045,0.9700884222984314,False
0.2,B0045,0.8463484048843384,False
0.01,B0045,0.9990717172622681,False
0.02,B0045,0.9990578293800354,False
0.05,B0045,0.9942508935928345,False
0.1,B0045,0.9509326815605164,False
0.2,B0045,0.8958070278167725,False
0.01,B0045,0.9984768629074097,False
0.02,B0045,0.9982119798660278,False
0.05,B0045,0.9936169981956482,False
0.1,B0045,0.9830175042152405,False
0.2,B0045,0.86354660987854,False
0.01,B0045,0.9984833002090454,False
0.02,B0045,0.9982300400733948,False
0.05,B0045,0.9943010210990906,False
0.1,B0045,0.9493967294692993,False
0.2,B0045,0.8483031392097473,False
0.01,B0045,0.9979571104049683,False
0.02,B0045,0.9974007606506348,False
0.05,B0045,0.9929170608520508,False
0.1,B0045,0.913263201713562,False
0.2,B0045,0.8740264773368835,False
0.01,B0045,0.9979653358459473,False
0.02,B0045,0.9978859424591064,False
0.05,B0045,0.9966106414794922,False
0.1,B0045,0.9739785194396973,False
0.2,B0045,0.6564834117889404,True
0.01,B0045,0.997666597366333,False
0.02,B0045,0.9977583885192871,False
0.05,B0045,0.9938229918479919,False
0.1,B0045,0.8985595703125,False
0.2,B0045,0.8735188245773315,False
0.01,B0045,0.9986121654510498,False
0.02,B0045,0.9983667135238647,False
0.05,B0045,0.9989529252052307,False
0.1,B0045,0.9682191014289856,False
0.2,B0045,0.5630042552947998,True
0.01,B0045,0.9985112547874451,False
0.02,B0045,0.997945249080658,False
0.05,B0045,0.9957197904586792,False
0.1,B0045,0.9623562693595886,False
0.2,B0045,0.7920867204666138,True
0.01,B0045,0.997831404209137,False
0.02,B0045,0.9980239868164062,False
0.05,B0045,0.9958628416061401,False
0.1,B0045,0.9473526477813721,False
0.2,B0045,0.6080684661865234,True
0.01,B0045,0.9978455901145935,False
0.02,B0045,0.9975854158401489,False
0.05,B0045,0.9945485591888428,False
0.1,B0045,0.9822213053703308,False
0.2,B0045,0.8198623657226562,True
0.01,B0045,0.9976800084114075,False
0.02,B0045,0.9975382089614868,False
0.05,B0045,0.9938241839408875,False
0.1,B0045,0.9806783199310303,False
0.2,B0045,0.8181703686714172,True
0.01,B0045,0.9968029260635376,False
0.02,B0045,0.9969362616539001,False
0.05,B0045,0.9913049936294556,False
0.1,B0045,0.9827166199684143,False
0.2,B0045,0.8043726682662964,True
0.01,B0045,0.7741832733154297,True
0.02,B0045,0.776252806186676,True
0.05,B0045,0.7774413228034973,True
0.1,B0045,0.8046188950538635,True
0.2,B0045,0.8897098302841187,False
0.01,B0045,0.9956943988800049,False
0.02,B0045,0.9950375556945801,False
0.05,B0045,0.987629234790802,False
0.1,B0045,0.950523316860199,False
0.2,B0045,0.8222329616546631,True
0.01,B0045,0.9969180822372437,False
0.02,B0045,0.997216522693634,False
0.05,B0045,0.9924410581588745,False
0.1,B0045,0.9789685010910034,False
0.2,B0045,0.8996219635009766,False
0.01,B0045,0.9968981742858887,False
0.02,B0045,0.9968745708465576,False
0.05,B0045,0.9929403066635132,False
0.1,B0045,0.9644641876220703,False
0.2,B0045,0.8768007755279541,False
0.01,B0045,0.9964382648468018,False
0.02,B0045,0.9959643483161926,False
0.05,B0045,0.9908173084259033,False
0.1,B0045,0.9217261075973511,False
0.2,B0045,0.7566207647323608,True
0.01,B0045,0.997300922870636,False
0.02,B0045,0.9967519044876099,False
0.05,B0045,0.9910251498222351,False
0.1,B0045,0.923875629901886,False
0.2,B0045,0.8740900754928589,False
0.01,B0045,0.997148334980011,False
0.02,B0045,0.9973223209381104,False
0.05,B0045,0.9882706999778748,False
0.1,B0045,0.9511277079582214,False
0.2,B0045,0.6940072774887085,True
0.01,B0045,0.9972441792488098,False
0.02,B0045,0.9975463151931763,False
0.05,B0045,0.9921665191650391,False
0.1,B0045,0.9605404734611511,False
0.2,B0045,0.844635009765625,True
0.01,B0045,0.9974339008331299,False
0.02,B0045,0.9971001148223877,False
0.05,B0045,0.9896608591079712,False
0.1,B0045,0.9663605690002441,False
0.2,B0045,0.8264440298080444,True
0.01,B0045,0.9968080520629883,False
0.02,B0045,0.9967694282531738,False
0.05,B0045,0.9883317947387695,False
0.1,B0045,0.9654189944267273,False
0.2,B0045,0.8390231728553772,True
0.01,B0045,0.9966077208518982,False
0.02,B0045,0.9960765838623047,False
0.05,B0045,0.9934288263320923,False
0.1,B0045,0.971084475517273,False
0.2,B0045,0.8967467546463013,False
0.01,B0045,0.996782124042511,False
0.02,B0045,0.997235894203186,False
0.05,B0045,0.9936425089836121,False
0.1,B0045,0.9657753705978394,False
0.2,B0045,0.8285402059555054,True
0.01,B0045,0.9975836873054504,False
0.02,B0045,0.9971566796302795,False
0.05,B0045,0.9925499558448792,False
0.1,B0045,0.9404048919677734,False
0.2,B0045,0.8054294586181641,True
0.01,B0045,0.9972829818725586,False
0.02,B0045,0.9976549744606018,False
0.05,B0045,0.9957185983657837,False
0.1,B0045,0.9645521640777588,False
0.2,B0045,0.8705294728279114,False
0.01,B0045,0.9941757917404175,False
0.02,B0045,0.993938684463501,False
0.05,B0045,0.9918918609619141,False
0.1,B0045,0.9764987230300903,False
0.2,B0045,0.6392447352409363,True
0.01,B0045,0.9972748160362244,False
0.02,B0045,0.9978760480880737,False
0.05,B0045,0.9981709718704224,False
0.1,B0045,0.9788411855697632,False
0.2,B0045,0.87298983335495,False
0.01,B0045,0.9969895482063293,False
0.02,B0045,0.997143566608429,False
0.05,B0045,0.9968864321708679,False
0.1,B0045,0.9674230813980103,False
0.2,B0045,0.8180869817733765,True
0.01,B0045,0.9969202280044556,False
0.02,B0045,0.9966681003570557,False
0.05,B0045,0.9928690195083618,False
0.1,B0045,0.9555678963661194,False
0.2,B0045,0.6953444480895996,True
0.01,B0045,0.9970770478248596,False
0.02,B0045,0.9964314103126526,False
0.05,B0045,0.9928984045982361,False
0.1,B0045,0.9654574990272522,False
0.2,B0045,0.8054874539375305,True
0.01,B0045,0.9959322214126587,False
0.02,B0045,0.9955449104309082,False
0.05,B0045,0.9947602152824402,False
0.1,B0045,0.9864463806152344,False
0.2,B0045,0.8776423931121826,False
0.01,B0045,0.997000515460968,False
0.02,B0045,0.9961161613464355,False
0.05,B0045,0.9915665984153748,False
0.1,B0045,0.9491066932678223,False
0.2,B0045,0.8613578081130981,False
0.01,B0045,0.9959724545478821,False
0.02,B0045,0.9953750371932983,False
0.05,B0045,0.998162031173706,False
0.1,B0045,0.9817936420440674,False
0.2,B0045,0.6510668992996216,True
0.01,B0045,0.9966378808021545,False
0.02,B0045,0.9960991740226746,False
0.05,B0045,0.9855127334594727,False
0.1,B0045,0.9637198448181152,False
0.2,B0045,0.8439877033233643,True
0.01,B0045,0.9971284866333008,False
0.02,B0045,0.9972494840621948,False
0.05,B0045,0.9971985220909119,False
0.1,B0045,0.9264225959777832,False
0.2,B0045,0.699249804019928,True
0.01,B0045,0.9969106912612915,False
0.02,B0045,0.996904730796814,False
0.05,B0045,0.9965853691101074,False
0.1,B0045,0.9795998334884644,False
0.2,B0045,0.8700839877128601,False
0.01,B0045,0.9954842329025269,False
0.02,B0045,0.993849515914917,False
0.05,B0045,0.9909348487854004,False
0.1,B0045,0.97639000415802,False
0.2,B0045,0.8978848457336426,False
0.01,B0045,0.9970073699951172,False
0.02,B0045,0.9965912103652954,False
0.05,B0045,0.996513307094574,False
0.1,B0045,0.8757890462875366,False
0.2,B0045,0.8333467245101929,True
0.01,B0045,0.9957857131958008,False
0.02,B0045,0.9956737756729126,False
0.05,B0045,0.9842079877853394,False
0.1,B0045,0.8960037231445312,False
0.2,B0045,0.8556594848632812,False
0.01,B0045,0.9962353110313416,False
0.02,B0045,0.9950231909751892,False
0.05,B0045,0.9950581789016724,False
0.1,B0045,0.9649821519851685,False
0.2,B0045,0.82101970911026,True
0.01,B0045,0.9964095950126648,False
0.02,B0045,0.9966622591018677,False
0.05,B0045,0.9921578764915466,False
0.1,B0045,0.9556117653846741,False
0.2,B0045,0.8900645971298218,False
0.01,B0045,0.994294285774231,False
0.02,B0045,0.9954303503036499,False
0.05,B0045,0.9933249950408936,False
0.1,B0045,0.9553712010383606,False
0.2,B0045,0.6973447799682617,True
0.01,B0045,0.9955226182937622,False
0.02,B0045,0.9951629638671875,False
0.05,B0045,0.991977334022522,False
0.1,B0045,0.9532068967819214,False
0.2,B0045,0.8861149549484253,False
0.01,B0045,0.9942590594291687,False
0.02,B0045,0.9936956167221069,False
0.05,B0045,0.9880726933479309,False
0.1,B0045,0.9302365779876709,False
0.2,B0045,0.8522793054580688,False
0.01,B0045,0.9965670108795166,False
0.02,B0045,0.9964486956596375,False
0.05,B0045,0.9832525253295898,False
0.1,B0045,0.9750587344169617,False
0.2,B0045,0.7040572166442871,True
0.01,B0045,0.9888609647750854,False
0.02,B0045,0.990217924118042,False
0.05,B0045,0.9809513688087463,False
0.1,B0045,0.9289110898971558,False
0.2,B0045,0.8480215668678284,False
0.01,B0045,0.9910898804664612,False
0.02,B0045,0.9925605058670044,False
0.05,B0045,0.9798935651779175,False
0.1,B0045,0.9244293570518494,False
0.2,B0045,0.8006874322891235,True
0.01,B0045,0.9932353496551514,False
0.02,B0045,0.992057204246521,False
0.05,B0045,0.976838231086731,False
0.1,B0045,0.9630833864212036,False
0.2,B0045,0.7549264430999756,True
0.01,B0045,0.9933130741119385,False
0.02,B0045,0.9930808544158936,False
0.05,B0045,0.9874947667121887,False
0.1,B0045,0.9686919450759888,False
0.2,B0045,0.6823978424072266,True
0.01,B0045,0.9932037591934204,False
0.02,B0045,0.9927304983139038,False
0.05,B0045,0.9919148683547974,False
0.1,B0045,0.9564197063446045,False
0.2,B0045,0.8450826406478882,True
0.01,B0045,0.9947137832641602,False
0.02,B0045,0.9951306581497192,False
0.05,B0045,0.9940509796142578,False
0.1,B0045,0.9581236839294434,False
0.2,B0045,0.7504047155380249,True
0.01,B0045,0.9929189085960388,False
0.02,B0045,0.9908642172813416,False
0.05,B0045,0.9804143905639648,False
0.1,B0045,0.9787697792053223,False
0.2,B0045,0.6765009760856628,True
0.01,B0045,0.9912227392196655,False
0.02,B0045,0.9887181520462036,False
0.05,B0045,0.9881174564361572,False
0.1,B0045,0.9370347261428833,False
0.2,B0045,0.8205148577690125,True
0.01,B0045,0.9911617040634155,False
0.02,B0045,0.9923125505447388,False
0.05,B0045,0.973696231842041,False
0.1,B0045,0.9559938907623291,False
0.2,B0045,0.8826228976249695,False
0.01,B0045,0.9945217967033386,False
0.02,B0045,0.9950941801071167,False
0.05,B0045,0.9881885051727295,False
0.1,B0045,0.9685019254684448,False
0.2,B0045,0.8123137354850769,True
0.01,B0045,0.9927208423614502,False
0.02,B0045,0.9925759434700012,False
0.05,B0045,0.9931763410568237,False
0.1,B0045,0.9665932655334473,False
0.2,B0045,0.854722261428833,False
0.01,B0045,0.9936970472335815,False
0.02,B0045,0.9929490089416504,False
0.05,B0045,0.9887796640396118,False
0.1,B0045,0.9638594388961792,False
0.2,B0045,0.885662853717804,False
0.01,B0045,0.7868152856826782,True
0.02,B0045,0.7901887893676758,True
0.05,B0045,0.7827216386795044,True
0.1,B0045,0.8808783888816833,False
0.2,B0045,0.9662320017814636,False
0.01,B0045,0.987830400466919,False
0.02,B0045,0.9885675311088562,False
0.05,B0045,0.9838162660598755,False
0.1,B0045,0.9696561098098755,False
0.2,B0045,0.8191958069801331,True
0.01,B0045,0.9910941123962402,False
0.02,B0045,0.9925184845924377,False
0.05,B0045,0.9955499172210693,False
0.1,B0045,0.9236035943031311,False
0.2,B0045,0.6665951609611511,True
0.01,B0045,0.9914394617080688,False
0.02,B0045,0.9909325242042542,False
0.05,B0045,0.9890204668045044,False
0.1,B0045,0.9506032466888428,False
0.2,B0045,0.6718050241470337,True
0.01,B0045,0.9924737215042114,False
0.02,B0045,0.9916562438011169,False
0.05,B0045,0.989650547504425,False
0.1,B0045,0.9558488726615906,False
0.2,B0045,0.5359556078910828,True
0.01,B0045,0.9918382167816162,False
0.02,B0045,0.9921807050704956,False
0.05,B0045,0.9784670472145081,False
0.1,B0045,0.8855141401290894,False
0.2,B0045,0.8327714800834656,True
0.01,B0045,0.991442084312439,False
0.02,B0045,0.9910140037536621,False
0.05,B0045,0.9861131906509399,False
0.1,B0045,0.9729037284851074,False
0.2,B0045,0.8491102457046509,False
0.01,B0048,0.9997188448905945,False
0.02,B0048,0.9996427297592163,False
0.05,B0048,0.9986336827278137,False
0.1,B0048,0.9845330715179443,False
0.2,B0048,0.6423236131668091,True
0.01,B0048,0.9999395608901978,False
0.02,B0048,0.9999397993087769,False
0.05,B0048,0.9995160698890686,False
0.1,B0048,0.9908974170684814,False
0.2,B0048,0.48141103982925415,True
0.01,B0048,0.9999362230300903,False
0.02,B0048,0.9999217391014099,False
0.05,B0048,0.9989323616027832,False
0.1,B0048,0.9891285300254822,False
0.2,B0048,0.633202850818634,True
0.01,B0048,0.999980092048645,False
0.02,B0048,0.9999423623085022,False
0.05,B0048,0.9994000196456909,False
0.1,B0048,0.9815249443054199,False
0.2,B0048,0.8576637506484985,False
0.01,B0048,0.9999827146530151,False
0.02,B0048,0.9999729990959167,False
0.05,B0048,0.9992407560348511,False
0.1,B0048,0.9862945079803467,False
0.2,B0048,0.42697253823280334,True
0.01,B0048,0.9999690651893616,False
0.02,B0048,0.9999450445175171,False
0.05,B0048,0.999268651008606,False
0.1,B0048,0.9892985820770264,False
0.2,B0048,0.8510247468948364,False
0.01,B0048,0.9998123645782471,False
0.02,B0048,0.9997749328613281,False
0.05,B0048,0.9992993474006653,False
0.1,B0048,0.9936676621437073,False
0.2,B0048,0.8336390852928162,True
0.01,B0048,0.9999077916145325,False
0.02,B0048,0.9998750686645508,False
0.05,B0048,0.9992976188659668,False
0.1,B0048,0.9605135917663574,False
0.2,B0048,0.4292508661746979,True
0.01,B0048,0.9998730421066284,False
0.02,B0048,0.9998764991760254,False
0.05,B0048,0.9990935921669006,False
0.1,B0048,0.9807254672050476,False
0.2,B0048,0.8685889840126038,False
0.01,B0048,0.9998509883880615,False
0.02,B0048,0.9998146295547485,False
0.05,B0048,0.9974046349525452,False
0.1,B0048,0.9778828024864197,False
0.2,B0048,0.8346239924430847,True
0.01,B0048,0.999771237373352,False
0.02,B0048,0.999805212020874,False
0.05,B0048,0.9990924596786499,False
0.1,B0048,0.9550595283508301,False
0.2,B0048,0.7686794996261597,True
0.01,B0048,0.9996256828308105,False
0.02,B0048,0.9994453191757202,False
0.05,B0048,0.9961460828781128,False
0.1,B0048,0.9768698215484619,False
0.2,B0048,0.5993122458457947,True
0.01,B0048,0.9996517896652222,False
0.02,B0048,0.9997235536575317,False
0.05,B0048,0.9991474151611328,False
0.1,B0048,0.9915267825126648,False
0.2,B0048,0.6055021286010742,True
0.01,B0048,0.9997979402542114,False
0.02,B0048,0.999712347984314,False
0.05,B0048,0.9992764592170715,False
0.1,B0048,0.9898180365562439,False
0.2,B0048,0.827606201171875,True
0.01,B0048,0.999822199344635,False
0.02,B0048,0.9998056888580322,False
0.05,B0048,0.9991613626480103,False
0.1,B0048,0.9919888377189636,False
0.2,B0048,0.8285586833953857,True
0.01,B0048,0.9996811151504517,False
0.02,B0048,0.9996607899665833,False
0.05,B0048,0.9978326559066772,False
0.1,B0048,0.966079831123352,False
0.2,B0048,0.7342227697372437,True
0.01,B0048,0.9995589852333069,False
0.02,B0048,0.99951171875,False
0.05,B0048,0.9982973337173462,False
0.1,B0048,0.960188627243042,False
0.2,B0048,0.5366228222846985,True
0.01,B0048,0.9995021820068359,False
0.02,B0048,0.9996203184127808,False
0.05,B0048,0.9992771148681641,False
0.1,B0048,0.9872629046440125,False
0.2,B0048,0.41540467739105225,True
0.01,B0048,0.9992519617080688,False
0.02,B0048,0.9991266131401062,False
0.05,B0048,0.9984138011932373,False
0.1,B0048,0.9779200553894043,False
0.2,B0048,0.6213776469230652,True
0.01,B0048,0.9918192625045776,False
0.02,B0048,0.991981029510498,False
0.05,B0048,0.9916626811027527,False
0.1,B0048,0.9953310489654541,False
0.2,B0048,0.9256914854049683,False
0.01,B0048,0.9983128309249878,False
0.02,B0048,0.9982937574386597,False
0.05,B0048,0.9970016479492188,False
0.1,B0048,0.9774068593978882,False
0.2,B0048,0.8210259675979614,True
0.01,B0048,0.9990350008010864,False
0.02,B0048,0.9991855621337891,False
0.05,B0048,0.9976603984832764,False
0.1,B0048,0.9780978560447693,False
0.2,B0048,0.6229737401008606,True
0.01,B0048,0.9989936351776123,False
0.02,B0048,0.9989650845527649,False
0.05,B0048,0.9995253682136536,False
0.1,B0048,0.9816267490386963,False
0.2,B0048,0.7730362415313721,True
0.01,B0048,0.9986498951911926,False
0.02,B0048,0.9986759424209595,False
0.05,B0048,0.9974029064178467,False
0.1,B0048,0.9903337359428406,False
0.2,B0048,0.8515396118164062,False
0.01,B0048,0.9986587762832642,False
0.02,B0048,0.9988217353820801,False
0.05,B0048,0.9958518743515015,False
0.1,B0048,0.9467900991439819,False
0.2,B0048,0.618265688419342,True
0.01,B0048,0.998488187789917,False
0.02,B0048,0.998453676700592,False
0.05,B0048,0.9974358081817627,False
0.1,B0048,0.9524183869361877,False
0.2,B0048,0.5846836566925049,True
0.01,B0048,0.9983282089233398,False
0.02,B0048,0.9985834360122681,False
0.05,B0048,0.9924795627593994,False
0.1,B0048,0.9759674072265625,False
0.2,B0048,0.3311524987220764,True
0.01,B0048,0.9978340864181519,False
0.02,B0048,0.997995913028717,False
0.05,B0048,0.9947119355201721,False
0.1,B0048,0.9843026399612427,False
0.2,B0048,0.5198691487312317,True
0.01,B0048,0.9979127645492554,False
0.02,B0048,0.9978501200675964,False
0.05,B0048,0.9957066178321838,False
0.1,B0048,0.9885169267654419,False
0.2,B0048,0.8175729513168335,True
0.01,B0048,0.9977526664733887,False
0.02,B0048,0.9977338314056396,False
0.05,B0048,0.9982895255088806,False
0.1,B0048,0.9776661992073059,False
0.2,B0048,0.8386546969413757,True
0.01,B0048,0.997752845287323,False
0.02,B0048,0.9980389475822449,False
0.05,B0048,0.9971726536750793,False
0.1,B0048,0.9658386707305908,False
0.2,B0048,0.5495554208755493,True
0.01,B0048,0.9977813959121704,False
0.02,B0048,0.9984117746353149,False
0.05,B0048,0.9925005435943604,False
0.1,B0048,0.9954173564910889,False
0.2,B0048,0.5391286611557007,True
0.01,B0048,0.9971733093261719,False
0.02,B0048,0.9970937371253967,False
0.05,B0048,0.9941714406013489,False
0.1,B0048,0.9732566475868225,False
0.2,B0048,0.809468686580658,True
0.01,B0048,0.9982550740242004,False
0.02,B0048,0.998327374458313,False
0.05,B0048,0.9979531764984131,False
0.1,B0048,0.9644433259963989,False
0.2,B0048,0.8012624382972717,True
0.01,B0048,0.998694121837616,False
0.02,B0048,0.9985897541046143,False
0.05,B0048,0.9976593852043152,False
0.1,B0048,0.9914580583572388,False
0.2,B0048,0.4933205842971802,True
0.01,B0048,0.9989217519760132,False
0.02,B0048,0.9989774823188782,False
0.05,B0048,0.9979245662689209,False
0.1,B0048,0.9815845489501953,False
0.2,B0048,0.8849103450775146,False
0.01,B0048,0.9984227418899536,False
0.02,B0048,0.9982988834381104,False
0.05,B0048,0.9964935779571533,False
0.1,B0048,0.9727587699890137,False
0.2,B0048,0.5473890900611877,True
0.01,B0048,0.9983731508255005,False
0.02,B0048,0.9979678988456726,False
0.05,B0048,0.9982165098190308,False
0.1,B0048,0.9941446185112,False
0.2,B0048,0.5070714354515076,True
0.01,B0048,0.9986692667007446,False
0.02,B0048,0.9988548159599304,False
0.05,B0048,0.9962568879127502,False
0.1,B0048,0.9938461780548096,False
0.2,B0048,0.5617647171020508,True
0.01,B0048,0.9979225397109985,False
0.02,B0048,0.9982024431228638,False
0.05,B0048,0.9931014776229858,False
0.1,B0048,0.9759043455123901,False
0.2,B0048,0.48385292291641235,True
0.01,B0048,0.9977534413337708,False
0.02,B0048,0.997864305973053,False
0.05,B0048,0.9993084073066711,False
0.1,B0048,0.9831362962722778,False
0.2,B0048,0.781603217124939,True
0.01,B0048,0.9976481199264526,False
0.02,B0048,0.9982407093048096,False
0.05,B0048,0.995720624923706,False
0.1,B0048,0.9733531475067139,False
0.2,B0048,0.578475296497345,True
0.01,B0048,0.9975911378860474,False
0.02,B0048,0.9973156452178955,False
0.05,B0048,0.9940974116325378,False
0.1,B0048,0.9878678917884827,False
0.2,B0048,0.38745540380477905,True
0.01,B0048,0.9972925186157227,False
0.02,B0048,0.9971519708633423,False
0.05,B0048,0.9963114261627197,False
0.1,B0048,0.9450610876083374,False
0.2,B0048,0.7778133153915405,True
0.01,B0048,0.9974926710128784,False
0.02,B0048,0.9977468252182007,False
0.05,B0048,0.9987321496009827,False
0.1,B0048,0.9798544645309448,False
0.2,B0048,0.8295735120773315,True
0.01,B0048,0.9979203343391418,False
0.02,B0048,0.997737467288971,False
0.05,B0048,0.9941044449806213,False
0.1,B0048,0.98829585313797,False
0.2,B0048,0.4089477062225342,True
0.01,B0048,0.9970353841781616,False
0.02,B0048,0.9973717927932739,False
0.05,B0048,0.9955956935882568,False
0.1,B0048,0.9510167837142944,False
0.2,B0048,0.8103951215744019,True
0.01,B0048,0.9970972537994385,False
0.02,B0048,0.9966410994529724,False
0.05,B0048,0.9953423738479614,False
0.1,B0048,0.9810817241668701,False
0.2,B0048,0.9172620177268982,False
0.01,B0048,0.9968218803405762,False
0.02,B0048,0.9962661266326904,False
0.05,B0048,0.9977512359619141,False
0.1,B0048,0.991252064704895,False
0.2,B0048,0.7865020036697388,True
0.01,B0048,0.9965285062789917,False
0.02,B0048,0.9969012141227722,False
0.05,B0048,0.9914408922195435,False
0.1,B0048,0.981574296951294,False
0.2,B0048,0.4057466983795166,True
0.01,B0048,0.997231662273407,False
0.02,B0048,0.9971526265144348,False
0.05,B0048,0.9915484189987183,False
0.1,B0048,0.9582216739654541,False
0.2,B0048,0.8108882904052734,True
0.01,B0048,0.996658980846405,False
0.02,B0048,0.9963226914405823,False
0.05,B0048,0.9933620691299438,False
0.1,B0048,0.9890984296798706,False
0.2,B0048,0.6171667575836182,True
0.01,B0048,0.9973903894424438,False
0.02,B0048,0.9978615045547485,False
0.05,B0048,0.9981005787849426,False
0.1,B0048,0.9674413800239563,False
0.2,B0048,0.42941850423812866,True
0.01,B0048,0.9976439476013184,False
0.02,B0048,0.9976100325584412,False
0.05,B0048,0.997140645980835,False
0.1,B0048,0.9942067861557007,False
0.2,B0048,0.8126323819160461,True
0.01,B0048,0.9975895285606384,False
0.02,B0048,0.9976931810379028,False
0.05,B0048,0.9931886196136475,False
0.1,B0048,0.984373927116394,False
0.2,B0048,0.4552164673805237,True
0.01,B0048,0.9980467557907104,False
0.02,B0048,0.9977685809135437,False
0.05,B0048,0.9957600235939026,False
0.1,B0048,0.9814434051513672,False
0.2,B0048,0.5473751425743103,True
0.01,B0048,0.9985247254371643,False
0.02,B0048,0.9985188841819763,False
0.05,B0048,0.9924701452255249,False
0.1,B0048,0.99588942527771,False
0.2,B0048,0.7983052134513855,True
0.01,B0048,0.9984127879142761,False
0.02,B0048,0.9986376762390137,False
0.05,B0048,0.9973300099372864,False
0.1,B0048,0.971903920173645,False
0.2,B0048,0.6326384544372559,True
0.01,B0048,0.9981305599212646,False
0.02,B0048,0.9982549548149109,False
0.05,B0048,0.9965649843215942,False
0.1,B0048,0.9888107776641846,False
0.2,B0048,0.8091495037078857,True
0.01,B0048,0.9980140924453735,False
0.02,B0048,0.9979403018951416,False
0.05,B0048,0.9925665855407715,False
0.1,B0048,0.9629043340682983,False
0.2,B0048,0.4839194416999817,True
0.01,B0048,0.9975243806838989,False
0.02,B0048,0.9976564645767212,False
0.05,B0048,0.9961264133453369,False
0.1,B0048,0.9933584928512573,False
0.2,B0048,0.7965638637542725,True
0.01,B0048,0.997489333152771,False
0.02,B0048,0.9977632761001587,False
0.05,B0048,0.9970858097076416,False
0.1,B0048,0.9731274843215942,False
0.2,B0048,0.41200196743011475,True
0.01,B0048,0.9973931312561035,False
0.02,B0048,0.9973142147064209,False
0.05,B0048,0.9970173835754395,False
0.1,B0048,0.9851183891296387,False
0.2,B0048,0.8340645432472229,True
0.01,B0048,0.997667133808136,False
0.02,B0048,0.9975375533103943,False
0.05,B0048,0.9979045391082764,False
0.1,B0048,0.9765989780426025,False
0.2,B0048,0.641539990901947,True
0.01,B0048,0.9974367618560791,False
0.02,B0048,0.9976534843444824,False
0.05,B0048,0.9964356422424316,False
0.1,B0048,0.9863134026527405,False
0.2,B0048,0.6091440916061401,True
0.01,B0048,0.9924229383468628,False
0.02,B0048,0.9924357533454895,False
0.05,B0048,0.9923471212387085,False
0.1,B0048,0.9896000623703003,False
0.2,B0048,0.9510744214057922,False
0.01,B0048,0.9981552362442017,False
0.02,B0048,0.9980363249778748,False
0.05,B0048,0.9940487146377563,False
0.1,B0048,0.9540072679519653,False
0.2,B0048,0.4893040060997009,True
0.01,B0048,0.998654842376709,False
0.02,B0048,0.9986442923545837,False
0.05,B0048,0.9988129138946533,False
0.1,B0048,0.9873166680335999,False
0.2,B0048,0.5921885967254639,True
0.01,B0048,0.9984327554702759,False
0.02,B0048,0.9984769821166992,False
0.05,B0048,0.9982436299324036,False
0.1,B0048,0.9808276891708374,False
0.2,B0048,0.43094295263290405,True
0.01,B0048,0.9982175230979919,False
0.02,B0048,0.9981539845466614,False
0.05,B0048,0.9977914094924927,False
0.1,B0048,0.9740135073661804,False
0.2,B0048,0.9236562848091125,False
0.01,B0048,0.9978841543197632,False
0.02,B0048,0.9978750348091125,False
0.05,B0048,0.9969134330749512,False
0.1,B0048,0.9864652156829834,False
0.2,B0048,0.8834192752838135,False
0.01,B0048,0.9981783628463745,False
0.02,B0048,0.9978342056274414,False
0.05,B0048,0.9976136088371277,False
0.1,B0048,0.927368700504303,False
0.2,B0048,0.6203189492225647,True
0.01,B0050,0.9063329100608826,False
0.02,B0050,0.9042726755142212,False
0.05,B0050,0.9283840656280518,False
0.1,B0050,0.8450219631195068,True
0.2,B0050,0.5738392472267151,True
0.01,B0050,0.9787369966506958,False
0.02,B0050,0.9801011085510254,False
0.05,B0050,0.9811863303184509,False
0.1,B0050,0.9484481811523438,False
0.2,B0050,0.7359639406204224,True
0.01,B0050,0.9759834408760071,False
0.02,B0050,0.975382924079895,False
0.05,B0050,0.980602502822876,False
0.1,B0050,0.9415278434753418,False
0.2,B0050,0.7674275636672974,True
0.01,B0050,0.9726604223251343,False
0.02,B0050,0.974300742149353,False
0.05,B0050,0.9681491255760193,False
0.1,B0050,0.9534200429916382,False
0.2,B0050,0.7469112277030945,True
0.01,B0050,0.5751575231552124,True
0.02,B0050,0.5768867135047913,True
0.05,B0050,0.5664652585983276,True
0.1,B0050,0.6517751812934875,True
0.2,B0050,0.591227650642395,True
0.01,B0050,0.9277817606925964,False
0.02,B0050,0.9265255928039551,False
0.05,B0050,0.9058407545089722,False
0.1,B0050,0.8887038230895996,False
0.2,B0050,0.3777996897697449,True
0.01,B0050,0.976478099822998,False
0.02,B0050,0.976128339767456,False
0.05,B0050,0.9755988717079163,False
0.1,B0050,0.9437088966369629,False
0.2,B0050,0.8029834628105164,True
0.01,B0050,0.9769121408462524,False
0.02,B0050,0.9756743907928467,False
0.05,B0050,0.9754317998886108,False
0.1,B0050,0.9312088489532471,False
0.2,B0050,0.6921502351760864,True
0.01,B0050,0.975766122341156,False
0.02,B0050,0.9748483896255493,False
0.05,B0050,0.9771500825881958,False
0.1,B0050,0.9419723153114319,False
0.2,B0050,0.7056853771209717,True
0.01,B0050,0.9226596355438232,False
0.02,B0050,0.9287009239196777,False
0.05,B0050,0.9045724868774414,False
0.1,B0050,0.8392805457115173,True
0.2,B0050,0.6036350727081299,True
0.01,B0050,0.8643108606338501,False
0.02,B0050,0.8664848804473877,False
0.05,B0050,0.8453987240791321,True
0.1,B0050,0.7437072992324829,True
0.2,B0050,0.6294617652893066,True
0.01,B0050,0.975455105304718,False
0.02,B0050,0.9773970246315002,False
0.05,B0050,0.9815850257873535,False
0.1,B0050,0.9649355411529541,False
0.2,B0050,0.5773196220397949,True
0.01,B0050,0.8918489217758179,False
0.02,B0050,0.8874154090881348,False
0.05,B0050,0.8684350848197937,False
0.1,B0050,0.8350356817245483,True
0.2,B0050,0.5002645254135132,True
0.01,B0050,0.7972991466522217,True
0.02,B0050,0.7983338832855225,True
0.05,B0050,0.7916778326034546,True
0.1,B0050,0.7579556703567505,True
0.2,B0050,0.648146390914917,True
0.01,B0050,0.8811376094818115,False
0.02,B0050,0.8783450126647949,False
0.05,B0050,0.87375408411026,False
0.1,B0050,0.8255482912063599,True
0.2,B0050,0.6576557755470276,True
0.01,B0050,0.8742661476135254,False
0.02,B0050,0.873820960521698,False
0.05,B0050,0.8540902733802795,False
0.1,B0050,0.8376014232635498,True
0.2,B0050,0.633492648601532,True
0.01,B0050,0.8327414989471436,True
0.02,B0050,0.8331482410430908,True
0.05,B0050,0.8368308544158936,True
0.1,B0050,0.8517792820930481,False
0.2,B0050,0.8568016886711121,False
0.01,B0050,0.8075580596923828,True
0.02,B0050,0.8070154190063477,True
0.05,B0050,0.7959001064300537,True
0.1,B0050,0.7388061285018921,True
0.2,B0050,0.7112380266189575,True
0.01,B0050,0.9700210094451904,False
0.02,B0050,0.9705528616905212,False
0.05,B0050,0.9667235016822815,False
0.1,B0050,0.8876265287399292,False
0.2,B0050,0.5111730098724365,True
0.01,B0050,0.8193343877792358,True
0.02,B0050,0.8200002908706665,True
0.05,B0050,0.8187110424041748,True
0.1,B0050,0.7852785587310791,True
0.2,B0050,0.7521199584007263,True
0.01,B0050,0.8679859638214111,False
0.02,B0050,0.8654252290725708,False
0.05,B0050,0.8686267137527466,False
0.1,B0050,0.8688331842422485,False
0.2,B0050,0.7623053789138794,True
