severity,source_cell_id,similarity_score,detected
0.01,B0018,0.999625563621521,False
0.02,B0018,0.9996339678764343,False
0.05,B0018,0.9995630979537964,False
0.1,B0018,0.9996329545974731,False
0.2,B0018,0.999584436416626,False
0.01,B0018,0.9967935085296631,False
0.02,B0018,0.9967846870422363,False
0.05,B0018,0.9967652559280396,False
0.1,B0018,0.9967427253723145,False
0.2,B0018,0.9751683473587036,False
0.01,B0018,0.9988148212432861,False
0.02,B0018,0.9988310933113098,False
0.05,B0018,0.9988290071487427,False
0.1,B0018,0.9988182187080383,False
0.2,B0018,0.9989532232284546,False
0.01,B0018,0.9857931137084961,False
0.02,B0018,0.9857742786407471,False
0.05,B0018,0.9857784509658813,False
0.1,B0018,0.9868108630180359,False
0.2,B0018,0.9857361316680908,False
0.01,B0018,0.9922266006469727,False
0.02,B0018,0.9921895265579224,False
0.05,B0018,0.9922849535942078,False
0.1,B0018,0.9922628402709961,False
0.2,B0018,0.9916143417358398,False
0.01,B0018,0.9887247085571289,False
0.02,B0018,0.9887455105781555,False
0.05,B0018,0.9886864423751831,False
0.1,B0018,0.9885908365249634,False
0.2,B0018,0.98822420835495,False
0.01,B0018,0.9982584714889526,False
0.02,B0018,0.9982646703720093,False
0.05,B0018,0.9982753992080688,False
0.1,B0018,0.9984163045883179,False
0.2,B0018,0.9983804225921631,False
0.01,B0018,0.9989191293716431,False
0.02,B0018,0.9989159107208252,False
0.05,B0018,0.9989740252494812,False
0.1,B0018,0.9989138245582581,False
0.2,B0018,0.988338053226471,False
0.01,B0018,0.996221125125885,False
0.02,B0018,0.9962390661239624,False
0.05,B0018,0.9961681365966797,False
0.1,B0018,0.9962908029556274,False
0.2,B0018,0.9930224418640137,False
0.01,B0018,0.997782826423645,False
0.02,B0018,0.9977959990501404,False
0.05,B0018,0.997791051864624,False
0.1,B0018,0.9976348876953125,False
0.2,B0018,0.9979605674743652,False
0.01,B0018,0.999053418636322,False
0.02,B0018,0.999046802520752,False
0.05,B0018,0.9990472793579102,False
0.1,B0018,0.999032199382782,False
0.2,B0018,0.9989475011825562,False
0.01,B0018,0.9990581274032593,False
0.02,B0018,0.9990502595901489,False
0.05,B0018,0.9990502595901489,False
0.1,B0018,0.9917392134666443,False
0.2,B0018,0.9991194009780884,False
0.01,B0018,0.989992618560791,False
0.02,B0018,0.9900107979774475,False
0.05,B0018,0.9900108575820923,False
0.1,B0018,0.992384672164917,False
0.2,B0018,0.9888193011283875,False
0.01,B0018,0.972588300704956,False
0.02,B0018,0.9725414514541626,False
0.05,B0018,0.9723526835441589,False
0.1,B0018,0.9724114537239075,False
0.2,B0018,0.9735060334205627,False
0.01,B0018,0.9876442551612854,False
0.02,B0018,0.9875797033309937,False
0.05,B0018,0.9853054285049438,False
0.1,B0018,0.9877387285232544,False
0.2,B0018,0.986751914024353,False
0.01,B0018,0.999215841293335,False
0.02,B0018,0.9992461800575256,False
0.05,B0018,0.9992527961730957,False
0.1,B0018,0.9992944002151489,False
0.2,B0018,0.9959242939949036,False
0.01,B0018,0.999158501625061,False
0.02,B0018,0.9991568922996521,False
0.05,B0018,0.9991865754127502,False
0.1,B0018,0.9992084503173828,False
0.2,B0018,0.9990935325622559,False
0.01,B0018,0.9944016337394714,False
0.02,B0018,0.9943755865097046,False
0.05,B0018,0.9944405555725098,False
0.1,B0018,0.9943205714225769,False
0.2,B0018,0.9936743974685669,False
0.01,B0018,0.9690563678741455,False
0.02,B0018,0.9691156148910522,False
0.05,B0018,0.9690497517585754,False
0.1,B0018,0.9690550565719604,False
0.2,B0018,0.9646927714347839,False
0.01,B0018,0.9470041990280151,False
0.02,B0018,0.9459818601608276,False
0.05,B0018,0.9461722373962402,False
0.1,B0018,0.9451054930686951,False
0.2,B0018,0.947107195854187,False
0.01,B0018,0.9326040744781494,False
0.02,B0018,0.9328782558441162,False
0.05,B0018,0.9334611892700195,False
0.1,B0018,0.9328497648239136,False
0.2,B0018,0.9339793920516968,False
0.01,B0018,0.9373573064804077,False
0.02,B0018,0.9373534321784973,False
0.05,B0018,0.9376353025436401,False
0.1,B0018,0.9376568794250488,False
0.2,B0018,0.9348495006561279,False
0.01,B0018,0.9364835023880005,False
0.02,B0018,0.9364862442016602,False
0.05,B0018,0.9380834102630615,False
0.1,B0018,0.9454113245010376,False
0.2,B0018,0.9344173669815063,False
0.01,B0018,0.9281400442123413,False
0.02,B0018,0.9277019500732422,False
0.05,B0018,0.9277917146682739,False
0.1,B0018,0.9276578426361084,False
0.2,B0018,0.9272258281707764,False
0.01,B0018,0.942954421043396,False
0.02,B0018,0.9428251385688782,False
0.05,B0018,0.9432718753814697,False
0.1,B0018,0.9439514875411987,False
0.2,B0018,0.9443273544311523,False
0.01,B0018,0.9872445464134216,False
0.02,B0018,0.9872755408287048,False
0.05,B0018,0.9873112440109253,False
0.1,B0018,0.9867348670959473,False
0.2,B0018,0.987767219543457,False
0.01,B0018,0.9980860948562622,False
0.02,B0018,0.9980980753898621,False
0.05,B0018,0.9981064796447754,False
0.1,B0018,0.998130202293396,False
0.2,B0018,0.9981611967086792,False
0.01,B0018,0.9963212013244629,False
0.02,B0018,0.9963134527206421,False
0.05,B0018,0.9963598251342773,False
0.1,B0018,0.9963517189025879,False
0.2,B0018,0.9957806468009949,False
0.01,B0018,0.9896863698959351,False
0.02,B0018,0.989509105682373,False
0.05,B0018,0.9896067976951599,False
0.1,B0018,0.9896391034126282,False
0.2,B0018,0.9901748895645142,False
0.01,B0018,0.9824231863021851,False
0.02,B0018,0.9824116826057434,False
0.05,B0018,0.9823649525642395,False
0.1,B0018,0.9823866486549377,False
0.2,B0018,0.9830482602119446,False
0.01,B0018,0.9825395941734314,False
0.02,B0018,0.9825719594955444,False
0.05,B0018,0.9826486110687256,False
0.1,B0018,0.9836845397949219,False
0.2,B0018,0.9831409454345703,False
0.01,B0018,0.992725133895874,False
0.02,B0018,0.9927482604980469,False
0.05,B0018,0.9927694797515869,False
0.1,B0018,0.9927854537963867,False
0.2,B0018,0.9609518051147461,False
0.01,B0018,0.9959601163864136,False
0.02,B0018,0.9959324598312378,False
0.05,B0018,0.9959540963172913,False
0.1,B0018,0.9959441423416138,False
0.2,B0018,0.9959241151809692,False
0.01,B0018,0.9883977174758911,False
0.02,B0018,0.9883649349212646,False
0.05,B0018,0.9884895086288452,False
0.1,B0018,0.9884342551231384,False
0.2,B0018,0.983242392539978,False
0.01,B0018,0.9798793196678162,False
0.02,B0018,0.9798963665962219,False
0.05,B0018,0.9796521663665771,False
0.1,B0018,0.979956865310669,False
0.2,B0018,0.9771621227264404,False
0.01,B0018,0.9691897630691528,False
0.02,B0018,0.9692854285240173,False
0.05,B0018,0.9693898558616638,False
0.1,B0018,0.9691890478134155,False
0.2,B0018,0.9772224426269531,False
0.01,B0018,0.9679360389709473,False
0.02,B0018,0.9678936004638672,False
0.05,B0018,0.9680385589599609,False
0.1,B0018,0.9679833650588989,False
0.2,B0018,0.9689914584159851,False
0.01,B0018,0.9820805788040161,False
0.02,B0018,0.9820139408111572,False
0.05,B0018,0.982082188129425,False
0.1,B0018,0.9820116758346558,False
0.2,B0018,0.9833179116249084,False
0.01,B0018,0.9839006066322327,False
0.02,B0018,0.983853816986084,False
0.05,B0018,0.9839062690734863,False
0.1,B0018,0.9838928580284119,False
0.2,B0018,0.9822264313697815,False
0.01,B0018,0.9629535675048828,False
0.02,B0018,0.9643188118934631,False
0.05,B0018,0.9628366231918335,False
0.1,B0018,0.9630951285362244,False
0.2,B0018,0.9641961455345154,False
0.01,B0018,0.9724383354187012,False
0.02,B0018,0.9727072715759277,False
0.05,B0018,0.9725475907325745,False
0.1,B0018,0.9739692211151123,False
0.2,B0018,0.9738408327102661,False
0.01,B0018,0.956943154335022,False
0.02,B0018,0.9569046497344971,False
0.05,B0018,0.9568755626678467,False
0.1,B0018,0.9571533203125,False
0.2,B0018,0.9583427309989929,False
0.01,B0018,0.9389472603797913,False
0.02,B0018,0.9390583038330078,False
0.05,B0018,0.9432913661003113,False
0.1,B0018,0.9389762878417969,False
0.2,B0018,0.940532922744751,False
0.01,B0018,0.9196244478225708,False
0.02,B0018,0.9195307493209839,False
0.05,B0018,0.9192973375320435,False
0.1,B0018,0.9183069467544556,False
0.2,B0018,0.9209586381912231,False
0.01,B0018,0.9147527813911438,False
0.02,B0018,0.9146152138710022,False
0.05,B0018,0.915005624294281,False
0.1,B0018,0.9133858680725098,False
0.2,B0018,0.9150056838989258,False
0.01,B0018,0.9614894390106201,False
0.02,B0018,0.9614828824996948,False
0.05,B0018,0.9615206122398376,False
0.1,B0018,0.9613702893257141,False
0.2,B0018,0.9628761410713196,False
0.01,B0018,0.9716551303863525,False
0.02,B0018,0.9715472459793091,False
0.05,B0018,0.9717448353767395,False
0.1,B0018,0.972295880317688,False
0.2,B0018,0.9703900218009949,False
0.01,B0018,0.9621158838272095,False
0.02,B0018,0.9620193243026733,False
0.05,B0018,0.9618967771530151,False
0.1,B0018,0.9666337966918945,False
0.2,B0018,0.9639067053794861,False
0.01,B0018,0.9547610282897949,False
0.02,B0018,0.9540953636169434,False
0.05,B0018,0.9550169706344604,False
0.1,B0018,0.9561389088630676,False
0.2,B0018,0.9557226300239563,False
0.01,B0018,0.9435234665870667,False
0.02,B0018,0.9433585405349731,False
0.05,B0018,0.9435688257217407,False
0.1,B0018,0.9439074993133545,False
0.2,B0018,0.9432953596115112,False
0.01,B0018,0.9876800179481506,False
0.02,B0018,0.987723171710968,False
0.05,B0018,0.9874887466430664,False
0.1,B0018,0.987480640411377,False
0.2,B0018,0.9889856576919556,False
0.01,B0018,0.9827007055282593,False
0.02,B0018,0.9825436472892761,False
0.05,B0018,0.9798471331596375,False
0.1,B0018,0.9826141595840454,False
0.2,B0018,0.9788274765014648,False
0.01,B0018,0.96950763463974,False
0.02,B0018,0.9694793224334717,False
0.05,B0018,0.9694460034370422,False
0.1,B0018,0.9696280360221863,False
0.2,B0018,0.9710585474967957,False
0.01,B0018,0.9565753936767578,False
0.02,B0018,0.9564878940582275,False
0.05,B0018,0.9566522836685181,False
0.1,B0018,0.9568115472793579,False
0.2,B0018,0.9574400782585144,False
0.01,B0018,0.949333131313324,False
0.02,B0018,0.949206531047821,False
0.05,B0018,0.9492976069450378,False
0.1,B0018,0.9492946267127991,False
0.2,B0018,0.9490501284599304,False
0.01,B0018,0.9596906900405884,False
0.02,B0018,0.9596850872039795,False
0.05,B0018,0.959916353225708,False
0.1,B0018,0.965349555015564,False
0.2,B0018,0.9612361192703247,False
0.01,B0018,0.9757713079452515,False
0.02,B0018,0.9757713079452515,False
0.05,B0018,0.9757673740386963,False
0.1,B0018,0.9758741855621338,False
0.2,B0018,0.9765664339065552,False
0.01,B0018,0.9709570407867432,False
0.02,B0018,0.9710829257965088,False
0.05,B0018,0.9709348678588867,False
0.1,B0018,0.9710979461669922,False
0.2,B0018,0.9477860927581787,False
0.01,B0018,0.9595156908035278,False
0.02,B0018,0.9595483541488647,False
0.05,B0018,0.9595401287078857,False
0.1,B0018,0.9675840139389038,False
0.2,B0018,0.9361273050308228,False
0.01,B0018,0.9476910829544067,False
0.02,B0018,0.9476811289787292,False
0.05,B0018,0.9478448629379272,False
0.1,B0018,0.9479281902313232,False
0.2,B0018,0.9484521150588989,False
0.01,B0018,0.9444918036460876,False
0.02,B0018,0.9446625113487244,False
0.05,B0018,0.9442980289459229,False
0.1,B0018,0.9425983428955078,False
0.2,B0018,0.9475131630897522,False
0.01,B0018,0.9544428586959839,False
0.02,B0018,0.9544218182563782,False
0.05,B0018,0.9543681144714355,False
0.1,B0018,0.9548518657684326,False
0.2,B0018,0.9559956789016724,False
0.01,B0018,0.9508863687515259,False
0.02,B0018,0.9509957432746887,False
0.05,B0018,0.9507620334625244,False
0.1,B0018,0.9596697688102722,False
0.2,B0018,0.9526412487030029,False
0.01,B0018,0.9467909932136536,False
0.02,B0018,0.9467803835868835,False
0.05,B0018,0.9465494155883789,False
0.1,B0018,0.9469708204269409,False
0.2,B0018,0.9407639503479004,False
0.01,B0018,0.935400128364563,False
0.02,B0018,0.935400128364563,False
0.05,B0018,0.9348556995391846,False
0.1,B0018,0.9339332580566406,False
0.2,B0018,0.9373623132705688,False
0.01,B0018,0.9304729104042053,False
0.02,B0018,0.9304881691932678,False
0.05,B0018,0.9301749467849731,False
0.1,B0018,0.9304543733596802,False
0.2,B0018,0.9325993657112122,False
0.01,B0018,0.9206527471542358,False
0.02,B0018,0.9208264350891113,False
0.05,B0018,0.9202934503555298,False
0.1,B0018,0.9207196235656738,False
0.2,B0018,0.9224455952644348,False
0.01,B0018,0.9179195165634155,False
0.02,B0018,0.9184342622756958,False
0.05,B0018,0.9180557131767273,False
0.1,B0018,0.9181937575340271,False
0.2,B0018,0.9190138578414917,False
0.01,B0018,0.9144397974014282,False
0.02,B0018,0.9143051505088806,False
0.05,B0018,0.9142946004867554,False
0.1,B0018,0.9122070670127869,False
0.2,B0018,0.9176709651947021,False
0.01,B0018,0.9088959693908691,False
0.02,B0018,0.9086136221885681,False
0.05,B0018,0.9084638953208923,False
0.1,B0018,0.9086613655090332,False
0.2,B0018,0.9129307270050049,False
0.01,B0018,0.9340397119522095,False
0.02,B0018,0.9342193007469177,False
0.05,B0018,0.9341426491737366,False
0.1,B0018,0.9344440698623657,False
0.2,B0018,0.9277385473251343,False
0.01,B0018,0.9560551047325134,False
0.02,B0018,0.9560829997062683,False
0.05,B0018,0.9561140537261963,False
0.1,B0018,0.9562000632286072,False
0.2,B0018,0.9560275077819824,False
0.01,B0018,0.9482294321060181,False
0.02,B0018,0.9482448101043701,False
0.05,B0018,0.9482153654098511,False
0.1,B0018,0.9483535289764404,False
0.2,B0018,0.9488329887390137,False
0.01,B0018,0.9434559941291809,False
0.02,B0018,0.9434957504272461,False
0.05,B0018,0.9429852962493896,False
0.1,B0018,0.947393000125885,False
0.2,B0018,0.9441023468971252,False
0.01,B0018,0.9280426502227783,False
0.02,B0018,0.928159236907959,False
0.05,B0018,0.9279573559761047,False
0.1,B0018,0.9283714890480042,False
0.2,B0018,0.9321964979171753,False
0.01,B0018,0.9234147071838379,False
0.02,B0018,0.9233548045158386,False
0.05,B0018,0.9232959747314453,False
0.1,B0018,0.9261171817779541,False
0.2,B0018,0.904305100440979,False
0.01,B0018,0.9317097663879395,False
0.02,B0018,0.9314457774162292,False
0.05,B0018,0.9315528869628906,False
0.1,B0018,0.931769609451294,False
0.2,B0018,0.9342839121818542,False
0.01,B0018,0.9429993629455566,False
0.02,B0018,0.9431848526000977,False
0.05,B0018,0.9429325461387634,False
0.1,B0018,0.9421727061271667,False
0.2,B0018,0.9440099000930786,False
0.01,B0018,0.9326874613761902,False
0.02,B0018,0.9325878620147705,False
0.05,B0018,0.9326214790344238,False
0.1,B0018,0.9330660104751587,False
0.2,B0018,0.9345263838768005,False
0.01,B0018,0.91265469789505,False
0.02,B0018,0.9125289916992188,False
0.05,B0018,0.9125193357467651,False
0.1,B0018,0.9126477241516113,False
0.2,B0018,0.9147722721099854,False
0.01,B0018,0.8997198343276978,False
0.02,B0018,0.8999878764152527,False
0.05,B0018,0.8997331857681274,False
0.1,B0018,0.9020923376083374,False
0.2,B0018,0.9005854725837708,False
0.01,B0018,0.9056639671325684,False
0.02,B0018,0.9056363701820374,False
0.05,B0018,0.9059823155403137,False
0.1,B0018,0.9196247458457947,False
0.2,B0018,0.9095306396484375,False
0.01,B0018,0.9269479513168335,False
0.02,B0018,0.9271767139434814,False
0.05,B0018,0.926642656326294,False
0.1,B0018,0.9277284145355225,False
0.2,B0018,0.9255337715148926,False
0.01,B0018,0.9370518326759338,False
0.02,B0018,0.9369205236434937,False
0.05,B0018,0.93707674741745,False
0.1,B0018,0.93877774477005,False
0.2,B0018,0.9396129250526428,False
0.01,B0018,0.9243979454040527,False
0.02,B0018,0.9242255687713623,False
0.05,B0018,0.924507737159729,False
0.1,B0018,0.9233839511871338,False
0.2,B0018,0.9232873320579529,False
0.01,B0018,0.9272308349609375,False
0.02,B0018,0.9273262023925781,False
0.05,B0018,0.9274764060974121,False
0.1,B0018,0.9254134297370911,False
0.2,B0018,0.929784893989563,False
0.01,B0018,0.9298757910728455,False
0.02,B0018,0.9297839999198914,False
0.05,B0018,0.9302057027816772,False
0.1,B0018,0.9285139441490173,False
0.2,B0018,0.9304038286209106,False
0.01,B0018,0.911838173866272,False
0.02,B0018,0.911838173866272,False
0.05,B0018,0.911974310874939,False
0.1,B0018,0.9121464490890503,False
0.2,B0018,0.907597541809082,False
0.01,B0018,0.8946885466575623,False
0.02,B0018,0.8945087194442749,False
0.05,B0018,0.8954594731330872,False
0.1,B0018,0.8960727453231812,False
0.2,B0018,0.8956030011177063,False
0.01,B0018,0.8724713325500488,False
0.02,B0018,0.8722755908966064,False
0.05,B0018,0.8725071549415588,False
0.1,B0018,0.8704047799110413,False
0.2,B0018,0.8770874738693237,False
0.01,B0018,0.9295377731323242,False
0.02,B0018,0.9294202327728271,False
0.05,B0018,0.9294803142547607,False
0.1,B0018,0.92976313829422,False
0.2,B0018,0.9307628273963928,False
0.01,B0018,0.9329349994659424,False
0.02,B0018,0.9328745603561401,False
0.05,B0018,0.9325916767120361,False
0.1,B0018,0.9332503080368042,False
0.2,B0018,0.9279884099960327,False
0.01,B0018,0.9374502897262573,False
0.02,B0018,0.9374072551727295,False
0.05,B0018,0.9374324679374695,False
0.1,B0018,0.9396339058876038,False
0.2,B0018,0.9407904148101807,False
0.01,B0018,0.9378149509429932,False
0.02,B0018,0.937787652015686,False
0.05,B0018,0.9373658895492554,False
0.1,B0018,0.936992883682251,False
0.2,B0018,0.9380950927734375,False
0.01,B0018,0.9191349744796753,False
0.02,B0018,0.9191623330116272,False
0.05,B0018,0.9189157485961914,False
0.1,B0018,0.9179290533065796,False
0.2,B0018,0.9218153357505798,False
0.01,B0018,0.9238001108169556,False
0.02,B0018,0.923632025718689,False
0.05,B0018,0.9236130118370056,False
0.1,B0018,0.9224880933761597,False
0.2,B0018,0.9272996783256531,False
0.01,B0018,0.9207202196121216,False
0.02,B0018,0.920586884021759,False
0.05,B0018,0.920743465423584,False
0.1,B0018,0.9211499691009521,False
0.2,B0018,0.9213534593582153,False
0.01,B0018,0.9231821298599243,False
0.02,B0018,0.9235286712646484,False
0.05,B0018,0.919884443283081,False
0.1,B0018,0.9138822555541992,False
0.2,B0018,0.9240261912345886,False
0.01,B0018,0.9297117590904236,False
0.02,B0018,0.9294905662536621,False
0.05,B0018,0.9263287782669067,False
0.1,B0018,0.9279413223266602,False
0.2,B0018,0.9463706016540527,False
0.01,B0018,0.9216718077659607,False
0.02,B0018,0.9216278195381165,False
0.05,B0018,0.9220834970474243,False
0.1,B0018,0.921875,False
0.2,B0018,0.9159486889839172,False
0.01,B0018,0.9203530550003052,False
0.02,B0018,0.9201949238777161,False
0.05,B0018,0.9202942848205566,False
0.1,B0018,0.9187279939651489,False
0.2,B0018,0.9179835319519043,False
0.01,B0018,0.9130411148071289,False
0.02,B0018,0.913155198097229,False
0.05,B0018,0.9134777188301086,False
0.1,B0018,0.913567841053009,False
0.2,B0018,0.9128596782684326,False
0.01,B0018,0.9265531301498413,False
0.02,B0018,0.9245548248291016,False
0.05,B0018,0.9246763586997986,False
0.1,B0018,0.9248098134994507,False
0.2,B0018,0.9221662282943726,False
0.01,B0018,0.9281185865402222,False
0.02,B0018,0.9281042814254761,False
0.05,B0018,0.9279572367668152,False
0.1,B0018,0.9283624887466431,False
0.2,B0018,0.9283328056335449,False
0.01,B0018,0.9210711121559143,False
0.02,B0018,0.9210922718048096,False
0.05,B0018,0.920549750328064,False
0.1,B0018,0.921213686466217,False
0.2,B0018,0.9172655344009399,False
0.01,B0018,0.8737015724182129,False
0.02,B0018,0.8734934329986572,False
0.05,B0018,0.8740342855453491,False
0.1,B0018,0.8739708662033081,False
0.2,B0018,0.8909320831298828,False
0.01,B0018,0.9163702130317688,False
0.02,B0018,0.9163505434989929,False
0.05,B0018,0.9160807132720947,False
0.1,B0018,0.916462779045105,False
0.2,B0018,0.913512647151947,False
0.01,B0018,0.9440394043922424,False
0.02,B0018,0.9440640211105347,False
0.05,B0018,0.9445397853851318,False
0.1,B0018,0.9443370699882507,False
0.2,B0018,0.9418675899505615,False
0.01,B0018,0.9294487237930298,False
0.02,B0018,0.9295309782028198,False
0.05,B0018,0.929253876209259,False
0.1,B0018,0.9276498556137085,False
0.2,B0018,0.9269242286682129,False
0.01,B0018,0.9087995290756226,False
0.02,B0018,0.9086524248123169,False
0.05,B0018,0.9081990718841553,False
0.1,B0018,0.9090486764907837,False
0.2,B0018,0.9046252965927124,False
0.01,B0018,0.8924449682235718,False
0.02,B0018,0.8925777077674866,False
0.05,B0018,0.891808271408081,False
0.1,B0018,0.8938153982162476,False
0.2,B0018,0.8920791149139404,False
0.01,B0018,0.9015932083129883,False
0.02,B0018,0.9017407894134521,False
0.05,B0018,0.9019984006881714,False
0.1,B0018,0.9022165536880493,False
0.2,B0018,0.9031493067741394,False
0.01,B0018,0.9319314956665039,False
0.02,B0018,0.931700587272644,False
0.05,B0018,0.93210369348526,False
0.1,B0018,0.9447939991950989,False
0.2,B0018,0.9319602847099304,False
0.01,B0018,0.9596471190452576,False
0.02,B0018,0.9596288204193115,False
0.05,B0018,0.9602371454238892,False
0.1,B0018,0.9597129225730896,False
0.2,B0018,0.9554353952407837,False
0.01,B0018,0.9459877610206604,False
0.02,B0018,0.946094274520874,False
0.05,B0018,0.9460911750793457,False
0.1,B0018,0.946176290512085,False
0.2,B0018,0.9439558386802673,False
0.01,B0018,0.9150463342666626,False
0.02,B0018,0.9151086807250977,False
0.05,B0018,0.9152045845985413,False
0.1,B0018,0.915436863899231,False
0.2,B0018,0.9159584641456604,False
0.01,B0018,0.8946172595024109,False
0.02,B0018,0.8991420269012451,False
0.05,B0018,0.8948232531547546,False
0.1,B0018,0.8829104900360107,False
0.2,B0018,0.8963346481323242,False
0.01,B0018,0.8762480020523071,False
0.02,B0018,0.8760950565338135,False
0.05,B0018,0.8807464838027954,False
0.1,B0018,0.874259889125824,False
0.2,B0018,0.8788329362869263,False
0.01,B0018,0.8675563931465149,False
0.02,B0018,0.8677281737327576,False
0.05,B0018,0.8679766654968262,False
0.1,B0018,0.8687235116958618,False
0.2,B0018,0.8978190422058105,False
0.01,B0018,0.8499401211738586,False
0.02,B0018,0.8497738242149353,False
0.05,B0018,0.8495678901672363,False
0.1,B0018,0.8444058895111084,True
0.2,B0018,0.8515212535858154,False
0.01,B0018,0.8656051158905029,False
0.02,B0018,0.8657530546188354,False
0.05,B0018,0.8652960658073425,False
0.1,B0018,0.8673279285430908,False
0.2,B0018,0.8674659729003906,False
0.01,B0018,0.8951922655105591,False
0.02,B0018,0.8980746865272522,False
0.05,B0018,0.8950134515762329,False
0.1,B0018,0.8836517333984375,False
0.2,B0018,0.8957803249359131,False
0.01,B0018,0.9072135090827942,False
0.02,B0018,0.905040979385376,False
0.05,B0018,0.9050208926200867,False
0.1,B0018,0.9048731327056885,False
0.2,B0018,0.9053469896316528,False
0.01,B0018,0.8956727981567383,False
0.02,B0018,0.896586537361145,False
0.05,B0018,0.8960870504379272,False
0.1,B0018,0.8963171243667603,False
0.2,B0018,0.8995106816291809,False
0.01,B0018,0.8826528787612915,False
0.02,B0018,0.8826528787612915,False
0.05,B0018,0.8830066919326782,False
0.1,B0018,0.8823767900466919,False
0.2,B0018,0.8836705684661865,False
0.01,B0018,0.8839737176895142,False
0.02,B0018,0.883730947971344,False
0.05,B0018,0.8836797475814819,False
0.1,B0018,0.8923275470733643,False
0.2,B0018,0.8794726133346558,False
0.01,B0018,0.9059749841690063,False
0.02,B0018,0.9061737656593323,False
0.05,B0018,0.9063866138458252,False
0.1,B0018,0.9123392105102539,False
0.2,B0018,0.9095812439918518,False
0.01,B0018,0.9430755376815796,False
0.02,B0018,0.9431943893432617,False
0.05,B0018,0.9432814121246338,False
0.1,B0018,0.9416071176528931,False
0.2,B0018,0.9463121891021729,False
0.01,B0018,0.9569969177246094,False
0.02,B0018,0.9572370648384094,False
0.05,B0018,0.9568220376968384,False
0.1,B0018,0.9571175575256348,False
0.2,B0018,0.9572867155075073,False
0.01,B0018,0.9307567477226257,False
0.02,B0018,0.9306973814964294,False
0.05,B0018,0.930546760559082,False
0.1,B0018,0.9311423301696777,False
0.2,B0018,0.933639407157898,False
0.01,B0018,0.9150983095169067,False
0.02,B0018,0.9150100350379944,False
0.05,B0018,0.9150443077087402,False
0.1,B0018,0.9266639947891235,False
0.2,B0018,0.9175674319267273,False
0.01,B0018,0.8954055905342102,False
0.02,B0018,0.8953858613967896,False
0.05,B0018,0.8956708908081055,False
0.1,B0018,0.8956782817840576,False
0.2,B0018,0.8962697982788086,False
0.01,B0026,0.9918645620346069,False
0.02,B0026,0.9907244443893433,False
0.05,B0026,0.9935890436172485,False
0.1,B0026,0.9923498630523682,False
0.2,B0026,0.9945393204689026,False
0.01,B0026,0.9966925382614136,False
0.02,B0026,0.9967302680015564,False
0.05,B0026,0.9976625442504883,False
0.1,B0026,0.9968133568763733,False
0.2,B0026,0.9888581037521362,False
0.01,B0026,0.9971388578414917,False
0.02,B0026,0.997237503528595,False
0.05,B0026,0.9977672100067139,False
0.1,B0026,0.9971519708633423,False
0.2,B0026,0.9936386942863464,False
0.01,B0026,0.9969455599784851,False
0.02,B0026,0.9957283735275269,False
0.05,B0026,0.9969714879989624,False
0.1,B0026,0.9969747066497803,False
0.2,B0026,0.9938285946846008,False
0.01,B0026,0.9948211312294006,False
0.02,B0026,0.9945175647735596,False
0.05,B0026,0.9948194622993469,False
0.1,B0026,0.9949600696563721,False
0.2,B0026,0.993914008140564,False
0.01,B0026,0.9853057265281677,False
0.02,B0026,0.9854637980461121,False
0.05,B0026,0.9854663610458374,False
0.1,B0026,0.9874055981636047,False
0.2,B0026,0.9790459275245667,False
0.01,B0026,0.9899964332580566,False
0.02,B0026,0.9905657768249512,False
0.05,B0026,0.9907616972923279,False
0.1,B0026,0.9900593757629395,False
0.2,B0026,0.9900533556938171,False
0.01,B0026,0.9924183487892151,False
0.02,B0026,0.9923864603042603,False
0.05,B0026,0.9934375286102295,False
0.1,B0026,0.9941505193710327,False
0.2,B0026,0.9938408136367798,False
0.01,B0026,0.9929307699203491,False
0.02,B0026,0.9933623671531677,False
0.05,B0026,0.992988109588623,False
0.1,B0026,0.9931303858757019,False
0.2,B0026,0.9914413690567017,False
0.01,B0026,0.9928648471832275,False
0.02,B0026,0.9929839372634888,False
0.05,B0026,0.9930142164230347,False
0.1,B0026,0.9929823279380798,False
0.2,B0026,0.9884957671165466,False
0.01,B0026,0.9934741854667664,False
0.02,B0026,0.9934966564178467,False
0.05,B0026,0.9934701323509216,False
0.1,B0026,0.9934759140014648,False
0.2,B0026,0.9935201406478882,False
0.01,B0026,0.9897351861000061,False
0.02,B0026,0.9897361993789673,False
0.05,B0026,0.9896767139434814,False
0.1,B0026,0.98809415102005,False
0.2,B0026,0.9864488244056702,False
0.01,B0026,0.9813170433044434,False
0.02,B0026,0.9811886548995972,False
0.05,B0026,0.9812136888504028,False
0.1,B0026,0.9815087914466858,False
0.2,B0026,0.962608814239502,False
0.01,B0026,0.9771531820297241,False
0.02,B0026,0.9771024584770203,False
0.05,B0026,0.9771255254745483,False
0.1,B0026,0.977137565612793,False
0.2,B0026,0.9772725105285645,False
0.01,B0026,0.9772781729698181,False
0.02,B0026,0.9772315621376038,False
0.05,B0026,0.9772828817367554,False
0.1,B0026,0.9772762060165405,False
0.2,B0026,0.9610629677772522,False
0.01,B0026,0.987207293510437,False
0.02,B0026,0.9871943593025208,False
0.05,B0026,0.9846483469009399,False
0.1,B0026,0.9831925630569458,False
0.2,B0026,0.9853970408439636,False
0.01,B0026,0.9896364212036133,False
0.02,B0026,0.9896231293678284,False
0.05,B0026,0.9896214008331299,False
0.1,B0026,0.9896230697631836,False
0.2,B0026,0.9905260801315308,False
0.01,B0026,0.9892345666885376,False
0.02,B0026,0.9895728826522827,False
0.05,B0026,0.9892374873161316,False
0.1,B0026,0.9892346858978271,False
0.2,B0026,0.9890715479850769,False
0.01,B0026,0.9923627376556396,False
0.02,B0026,0.9926444292068481,False
0.05,B0026,0.9923524260520935,False
0.1,B0026,0.9919347167015076,False
0.2,B0026,0.992118239402771,False
0.01,B0026,0.9931270480155945,False
0.02,B0026,0.9931432008743286,False
0.05,B0026,0.9930775165557861,False
0.1,B0026,0.9936431646347046,False
0.2,B0026,0.9930131435394287,False
0.01,B0026,0.9895080924034119,False
0.02,B0026,0.9895185232162476,False
0.05,B0026,0.9890761375427246,False
0.1,B0026,0.991927981376648,False
0.2,B0026,0.9911596775054932,False
0.01,B0026,0.9878022074699402,False
0.02,B0026,0.9863408207893372,False
0.05,B0026,0.9864532947540283,False
0.1,B0026,0.9858740568161011,False
0.2,B0026,0.9804483652114868,False
0.01,B0026,0.9891517162322998,False
0.02,B0026,0.9889417886734009,False
0.05,B0026,0.9900184869766235,False
0.1,B0026,0.9889523983001709,False
0.2,B0026,0.9904699325561523,False
0.01,B0026,0.99370938539505,False
0.02,B0026,0.9936963319778442,False
0.05,B0026,0.9937102794647217,False
0.1,B0026,0.9937739372253418,False
0.2,B0026,0.9940085411071777,False
0.01,B0026,0.9951674938201904,False
0.02,B0026,0.9951265454292297,False
0.05,B0026,0.9951462745666504,False
0.1,B0026,0.9951702356338501,False
0.2,B0026,0.9941502213478088,False
0.01,B0026,0.9955313205718994,False
0.02,B0026,0.9969241619110107,False
0.05,B0026,0.9968130588531494,False
0.1,B0026,0.9964338541030884,False
0.2,B0026,0.9926277995109558,False
0.01,B0026,0.9969204664230347,False
0.02,B0026,0.9967954158782959,False
0.05,B0026,0.9968103766441345,False
0.1,B0026,0.9968544244766235,False
0.2,B0026,0.997698187828064,False
0.01,B0026,0.9881173372268677,False
0.02,B0026,0.9891607761383057,False
0.05,B0026,0.9882675409317017,False
0.1,B0026,0.9882253408432007,False
0.2,B0026,0.9805179834365845,False
0.01,B0034,0.9799531698226929,False
0.02,B0034,0.9800007343292236,False
0.05,B0034,0.9800105690956116,False
0.1,B0034,0.9770535826683044,False
0.2,B0034,0.9710626602172852,False
0.01,B0034,0.9989306926727295,False
0.02,B0034,0.9988675117492676,False
0.05,B0034,0.9988721013069153,False
0.1,B0034,0.9988701939582825,False
0.2,B0034,0.9980440735816956,False
0.01,B0034,0.9986540079116821,False
0.02,B0034,0.9986460208892822,False
0.05,B0034,0.9987107515335083,False
0.1,B0034,0.9955365657806396,False
0.2,B0034,0.9724235534667969,False
0.01,B0034,0.9984015226364136,False
0.02,B0034,0.9983974695205688,False
0.05,B0034,0.998409628868103,False
0.1,B0034,0.9984357357025146,False
0.2,B0034,0.9872351884841919,False
0.01,B0034,0.9972243905067444,False
0.02,B0034,0.9974326491355896,False
0.05,B0034,0.9973007440567017,False
0.1,B0034,0.9984768033027649,False
0.2,B0034,0.9878141283988953,False
0.01,B0034,0.9937219619750977,False
0.02,B0034,0.9937493205070496,False
0.05,B0034,0.9940547943115234,False
0.1,B0034,0.9937134385108948,False
0.2,B0034,0.9950243234634399,False
0.01,B0034,0.992903470993042,False
0.02,B0034,0.9929431676864624,False
0.05,B0034,0.9928949475288391,False
0.1,B0034,0.9929295778274536,False
0.2,B0034,0.9940587878227234,False
0.01,B0034,0.9940998554229736,False
0.02,B0034,0.9941586256027222,False
0.05,B0034,0.9941074848175049,False
0.1,B0034,0.994209885597229,False
0.2,B0034,0.9947072863578796,False
0.01,B0034,0.9935883283615112,False
0.02,B0034,0.9935774803161621,False
0.05,B0034,0.9935547113418579,False
0.1,B0034,0.993539571762085,False
0.2,B0034,0.9948142170906067,False
0.01,B0034,0.9916577339172363,False
0.02,B0034,0.9916597008705139,False
0.05,B0034,0.9916878342628479,False
0.1,B0034,0.9868396520614624,False
0.2,B0034,0.9927561283111572,False
0.01,B0034,0.9915409088134766,False
0.02,B0034,0.9916735291481018,False
0.05,B0034,0.9915100932121277,False
0.1,B0034,0.991608202457428,False
0.2,B0034,0.9918486475944519,False
0.01,B0034,0.9919329881668091,False
0.02,B0034,0.9920085668563843,False
0.05,B0034,0.9918652176856995,False
0.1,B0034,0.989142119884491,False
0.2,B0034,0.9760546684265137,False
0.01,B0034,0.9905228614807129,False
0.02,B0034,0.9904824495315552,False
0.05,B0034,0.9910520911216736,False
0.1,B0034,0.9847609400749207,False
0.2,B0034,0.9912387728691101,False
0.01,B0034,0.9904330968856812,False
0.02,B0034,0.9904895424842834,False
0.05,B0034,0.9903641939163208,False
0.1,B0034,0.990553617477417,False
0.2,B0034,0.9917067289352417,False
0.01,B0034,0.9893230199813843,False
0.02,B0034,0.9892314672470093,False
0.05,B0034,0.9892255067825317,False
0.1,B0034,0.989237904548645,False
0.2,B0034,0.9758257269859314,False
0.01,B0034,0.9898881316184998,False
0.02,B0034,0.9899377822875977,False
0.05,B0034,0.9901363253593445,False
0.1,B0034,0.9898785948753357,False
0.2,B0034,0.9902234077453613,False
0.01,B0034,0.9936184883117676,False
0.02,B0034,0.9936720132827759,False
0.05,B0034,0.993691086769104,False
0.1,B0034,0.9936869740486145,False
0.2,B0034,0.9937683939933777,False
0.01,B0034,0.9944037795066833,False
0.02,B0034,0.9944037795066833,False
0.05,B0034,0.9943625926971436,False
0.1,B0034,0.9943283796310425,False
0.2,B0034,0.9943828582763672,False
0.01,B0034,0.9902547597885132,False
0.02,B0034,0.9902534484863281,False
0.05,B0034,0.9903431534767151,False
0.1,B0034,0.990179181098938,False
0.2,B0034,0.9766469597816467,False
0.01,B0034,0.9882177114486694,False
0.02,B0034,0.9882457256317139,False
0.05,B0034,0.988573431968689,False
0.1,B0034,0.9881905913352966,False
0.2,B0034,0.9889544248580933,False
0.01,B0034,0.9861619472503662,False
0.02,B0034,0.9862425327301025,False
0.05,B0034,0.9862814545631409,False
0.1,B0034,0.986272931098938,False
0.2,B0034,0.9858509302139282,False
0.01,B0034,0.9985092282295227,False
0.02,B0034,0.9984896779060364,False
0.05,B0034,0.998492956161499,False
0.1,B0034,0.9985119104385376,False
0.2,B0034,0.9925110340118408,False
0.01,B0034,0.995253324508667,False
0.02,B0034,0.995405375957489,False
0.05,B0034,0.9952641129493713,False
0.1,B0034,0.9952918291091919,False
0.2,B0034,0.9961626529693604,False
0.01,B0034,0.9938341975212097,False
0.02,B0034,0.993935227394104,False
0.05,B0034,0.9939252734184265,False
0.1,B0034,0.9876827597618103,False
0.2,B0034,0.9940773844718933,False
0.01,B0034,0.9915748238563538,False
0.02,B0034,0.9915081262588501,False
0.05,B0034,0.9915457963943481,False
0.1,B0034,0.9917579293251038,False
0.2,B0034,0.9774372577667236,False
0.01,B0034,0.9925787448883057,False
0.02,B0034,0.9903421998023987,False
0.05,B0034,0.9923973083496094,False
0.1,B0034,0.9924595355987549,False
0.2,B0034,0.9945768117904663,False
0.01,B0034,0.9930123090744019,False
0.02,B0034,0.9929690361022949,False
0.05,B0034,0.99298095703125,False
0.1,B0034,0.9930091500282288,False
0.2,B0034,0.9940015077590942,False
0.01,B0034,0.993671178817749,False
0.02,B0034,0.9936255216598511,False
0.05,B0034,0.9936172962188721,False
0.1,B0034,0.9936568140983582,False
0.2,B0034,0.9821732044219971,False
0.01,B0034,0.993345320224762,False
0.02,B0034,0.9933756589889526,False
0.05,B0034,0.9933750629425049,False
0.1,B0034,0.9933477640151978,False
0.2,B0034,0.9943738579750061,False
0.01,B0034,0.990324854850769,False
0.02,B0034,0.9903624057769775,False
0.05,B0034,0.9902722835540771,False
0.1,B0034,0.9870959520339966,False
0.2,B0034,0.9766829013824463,False
0.01,B0034,0.9902900457382202,False
0.02,B0034,0.9902437329292297,False
0.05,B0034,0.9901812672615051,False
0.1,B0034,0.9902732372283936,False
0.2,B0034,0.9914408922195435,False
0.01,B0034,0.9902113676071167,False
0.02,B0034,0.9903319478034973,False
0.05,B0034,0.9901576638221741,False
0.1,B0034,0.9899675846099854,False
0.2,B0034,0.9906932711601257,False
0.01,B0034,0.9916400909423828,False
0.02,B0034,0.9916890263557434,False
0.05,B0034,0.9915619492530823,False
0.1,B0034,0.9884051084518433,False
0.2,B0034,0.957931637763977,False
0.01,B0034,0.9916386604309082,False
0.02,B0034,0.9916057586669922,False
0.05,B0034,0.9917072057723999,False
0.1,B0034,0.9865090847015381,False
0.2,B0034,0.9782565832138062,False
0.01,B0034,0.9890137314796448,False
0.02,B0034,0.9890530109405518,False
0.05,B0034,0.9896191358566284,False
0.1,B0034,0.9890447854995728,False
0.2,B0034,0.9885547161102295,False
0.01,B0034,0.9905331134796143,False
0.02,B0034,0.9905001521110535,False
0.05,B0034,0.9905139207839966,False
0.1,B0034,0.9898850917816162,False
0.2,B0034,0.990460216999054,False
0.01,B0034,0.9901308417320251,False
0.02,B0034,0.9900637269020081,False
0.05,B0034,0.990118145942688,False
0.1,B0034,0.9900833368301392,False
0.2,B0034,0.9752551317214966,False
0.01,B0034,0.9933663606643677,False
0.02,B0034,0.9933533072471619,False
0.05,B0034,0.9933745861053467,False
0.1,B0034,0.9933494329452515,False
0.2,B0034,0.9934408068656921,False
0.01,B0034,0.995526909828186,False
0.02,B0034,0.9941638708114624,False
0.05,B0034,0.9955344200134277,False
0.1,B0034,0.9874523878097534,False
0.2,B0034,0.9954572916030884,False
0.01,B0034,0.9939532279968262,False
0.02,B0034,0.9939563274383545,False
0.05,B0034,0.99396812915802,False
0.1,B0034,0.993969202041626,False
0.2,B0034,0.9768272638320923,False
0.01,B0034,0.9916085004806519,False
0.02,B0034,0.9916598796844482,False
0.05,B0034,0.9917948246002197,False
0.1,B0034,0.9916368126869202,False
0.2,B0034,0.9928011894226074,False
0.01,B0034,0.990766704082489,False
0.02,B0034,0.9907383918762207,False
0.05,B0034,0.9906185865402222,False
0.1,B0034,0.9781233072280884,False
0.2,B0034,0.9920975565910339,False
0.01,B0034,0.9960667490959167,False
0.02,B0034,0.9960522651672363,False
0.05,B0034,0.996055006980896,False
0.1,B0034,0.9960559010505676,False
0.2,B0034,0.9964742064476013,False
0.01,B0034,0.9954939484596252,False
0.02,B0034,0.9954962730407715,False
0.05,B0034,0.9955260753631592,False
0.1,B0034,0.9955989122390747,False
0.2,B0034,0.9775218963623047,False
0.01,B0034,0.9949666261672974,False
0.02,B0034,0.9931361675262451,False
0.05,B0034,0.9950458407402039,False
0.1,B0034,0.9866807460784912,False
0.2,B0034,0.9804733991622925,False
0.01,B0034,0.9906297922134399,False
0.02,B0034,0.9906761646270752,False
0.05,B0034,0.9905667304992676,False
0.1,B0034,0.9906584024429321,False
0.2,B0034,0.9906017780303955,False
0.01,B0034,0.9978086948394775,False
0.02,B0034,0.997806191444397,False
0.05,B0034,0.9949356317520142,False
0.1,B0034,0.9978150129318237,False
0.2,B0034,0.9917986392974854,False
0.01,B0034,0.9970327019691467,False
0.02,B0034,0.9960653781890869,False
0.05,B0034,0.9938838481903076,False
0.1,B0034,0.9970446825027466,False
0.2,B0034,0.9970683455467224,False
0.01,B0034,0.9960976839065552,False
0.02,B0034,0.9960986971855164,False
0.05,B0034,0.9960777163505554,False
0.1,B0034,0.9967718124389648,False
0.2,B0034,0.9967876672744751,False
0.01,B0034,0.9968764781951904,False
0.02,B0034,0.9968665838241577,False
0.05,B0034,0.9968748092651367,False
0.1,B0034,0.9954237937927246,False
0.2,B0034,0.9729683995246887,False
0.01,B0034,0.99583500623703,False
0.02,B0034,0.9957573413848877,False
0.05,B0034,0.9957409501075745,False
0.1,B0034,0.9958406686782837,False
0.2,B0034,0.9956480264663696,False
0.01,B0034,0.9961645603179932,False
0.02,B0034,0.9961583018302917,False
0.05,B0034,0.996164083480835,False
0.1,B0034,0.9893401265144348,False
0.2,B0034,0.99604332447052,False
0.01,B0034,0.996056318283081,False
0.02,B0034,0.9960579872131348,False
0.05,B0034,0.9960074424743652,False
0.1,B0034,0.9960482120513916,False
0.2,B0034,0.9963934421539307,False
0.01,B0034,0.9958661198616028,False
0.02,B0034,0.9959020614624023,False
0.05,B0034,0.9959573745727539,False
0.1,B0034,0.9961675405502319,False
0.2,B0034,0.9959508776664734,False
0.01,B0034,0.9948878288269043,False
0.02,B0034,0.9948716759681702,False
0.05,B0034,0.9926861524581909,False
0.1,B0034,0.9949022531509399,False
0.2,B0034,0.9950634241104126,False
0.01,B0034,0.9961280226707458,False
0.02,B0034,0.9961150884628296,False
0.05,B0034,0.9961273670196533,False
0.1,B0034,0.9961310625076294,False
0.2,B0034,0.9960852861404419,False
0.01,B0034,0.9949758648872375,False
0.02,B0034,0.9949261546134949,False
0.05,B0034,0.9940574765205383,False
0.1,B0034,0.9949856400489807,False
0.2,B0034,0.9949143528938293,False
0.01,B0034,0.9959073066711426,False
0.02,B0034,0.9959030747413635,False
0.05,B0034,0.9959040284156799,False
0.1,B0034,0.995916485786438,False
0.2,B0034,0.9706376791000366,False
0.01,B0034,0.9941830635070801,False
0.02,B0034,0.9941438436508179,False
0.05,B0034,0.9941273331642151,False
0.1,B0034,0.9942435026168823,False
0.2,B0034,0.9814828634262085,False
0.01,B0034,0.9932088851928711,False
0.02,B0034,0.9932706356048584,False
0.05,B0034,0.9932988286018372,False
0.1,B0034,0.9933829307556152,False
0.2,B0034,0.9940122365951538,False
0.01,B0034,0.9916835427284241,False
0.02,B0034,0.9916571378707886,False
0.05,B0034,0.9916476011276245,False
0.1,B0034,0.9916304349899292,False
0.2,B0034,0.9916107058525085,False
0.01,B0034,0.9944150447845459,False
0.02,B0034,0.9944230318069458,False
0.05,B0034,0.9944772720336914,False
0.1,B0034,0.9944173097610474,False
0.2,B0034,0.9918525815010071,False
0.01,B0034,0.994026780128479,False
0.02,B0034,0.9940474033355713,False
0.05,B0034,0.9940329194068909,False
0.1,B0034,0.9851000905036926,False
0.2,B0034,0.993964672088623,False
0.01,B0034,0.9943408966064453,False
0.02,B0034,0.9943220615386963,False
0.05,B0034,0.99405837059021,False
0.1,B0034,0.988947331905365,False
0.2,B0034,0.994529128074646,False
0.01,B0034,0.9934356808662415,False
0.02,B0034,0.9935305118560791,False
0.05,B0034,0.9934352040290833,False
0.1,B0034,0.9934594631195068,False
0.2,B0034,0.9815125465393066,False
0.01,B0034,0.9927644729614258,False
0.02,B0034,0.9927043914794922,False
0.05,B0034,0.9927777051925659,False
0.1,B0034,0.9898030757904053,False
0.2,B0034,0.98119056224823,False
0.01,B0034,0.9980263710021973,False
0.02,B0034,0.9978927969932556,False
0.05,B0034,0.9980232119560242,False
0.1,B0034,0.9980315566062927,False
0.2,B0034,0.9980215430259705,False
0.01,B0034,0.9957225918769836,False
0.02,B0034,0.9957203269004822,False
0.05,B0034,0.9957253336906433,False
0.1,B0034,0.9957091808319092,False
0.2,B0034,0.9944763779640198,False
0.01,B0034,0.9959287047386169,False
0.02,B0034,0.995921790599823,False
0.05,B0034,0.9959292411804199,False
0.1,B0034,0.995958149433136,False
0.2,B0034,0.9960820078849792,False
0.01,B0034,0.9959598183631897,False
0.02,B0034,0.9959577322006226,False
0.05,B0034,0.9914389252662659,False
0.1,B0034,0.9959572553634644,False
0.2,B0034,0.9956170320510864,False
0.01,B0034,0.9935539960861206,False
0.02,B0034,0.993535041809082,False
0.05,B0034,0.9938933849334717,False
0.1,B0034,0.9935494661331177,False
0.2,B0034,0.9934346079826355,False
0.01,B0034,0.9932181239128113,False
0.02,B0034,0.9931671619415283,False
0.05,B0034,0.9930884838104248,False
0.1,B0034,0.9932728409767151,False
0.2,B0034,0.981033444404602,False
0.01,B0034,0.9960359334945679,False
0.02,B0034,0.9960274696350098,False
0.05,B0034,0.9960130453109741,False
0.1,B0034,0.9960287809371948,False
0.2,B0034,0.9960312247276306,False
0.01,B0034,0.9951547980308533,False
0.02,B0034,0.9951781034469604,False
0.05,B0034,0.9951721429824829,False
0.1,B0034,0.9951656460762024,False
0.2,B0034,0.9951512813568115,False
0.01,B0034,0.9952751398086548,False
0.02,B0034,0.9950581789016724,False
0.05,B0034,0.9952352046966553,False
0.1,B0034,0.995332658290863,False
0.2,B0034,0.9847118854522705,False
0.01,B0034,0.9941835999488831,False
0.02,B0034,0.9940760731697083,False
0.05,B0034,0.9940869808197021,False
0.1,B0034,0.9943183660507202,False
0.2,B0034,0.9943734407424927,False
0.01,B0034,0.9912233948707581,False
0.02,B0034,0.9912266731262207,False
0.05,B0034,0.991202175617218,False
0.1,B0034,0.991786777973175,False
0.2,B0034,0.991893470287323,False
0.01,B0034,0.9914117455482483,False
0.02,B0034,0.9913282990455627,False
0.05,B0034,0.9914175868034363,False
0.1,B0034,0.991351842880249,False
0.2,B0034,0.9915750026702881,False
0.01,B0034,0.9921449422836304,False
0.02,B0034,0.9920474290847778,False
0.05,B0034,0.99208664894104,False
0.1,B0034,0.9921614527702332,False
0.2,B0034,0.9923235774040222,False
0.01,B0034,0.9916863441467285,False
0.02,B0034,0.9917083382606506,False
0.05,B0034,0.9920474886894226,False
0.1,B0034,0.9916427731513977,False
0.2,B0034,0.991949200630188,False
0.01,B0034,0.9912891387939453,False
0.02,B0034,0.9912882447242737,False
0.05,B0034,0.9913865923881531,False
0.1,B0034,0.9913221597671509,False
0.2,B0034,0.991461992263794,False
0.01,B0034,0.9906766414642334,False
0.02,B0034,0.990863561630249,False
0.05,B0034,0.9909690618515015,False
0.1,B0034,0.9908855557441711,False
0.2,B0034,0.9892172813415527,False
0.01,B0034,0.9918252229690552,False
0.02,B0034,0.9918964505195618,False
0.05,B0034,0.9922688603401184,False
0.1,B0034,0.9921342730522156,False
0.2,B0034,0.9916172623634338,False
0.01,B0034,0.9918519258499146,False
0.02,B0034,0.9918252229690552,False
0.05,B0034,0.9918861985206604,False
0.1,B0034,0.9918169975280762,False
0.2,B0034,0.9778867959976196,False
0.01,B0034,0.9911128282546997,False
0.02,B0034,0.991112470626831,False
0.05,B0034,0.9870868921279907,False
0.1,B0034,0.9910778999328613,False
0.2,B0034,0.9912497401237488,False
0.01,B0034,0.99161696434021,False
0.02,B0034,0.9916168451309204,False
0.05,B0034,0.9915450811386108,False
0.1,B0034,0.9916350841522217,False
0.2,B0034,0.9819726943969727,False
0.01,B0034,0.9922618865966797,False
0.02,B0034,0.992235541343689,False
0.05,B0034,0.9913399815559387,False
0.1,B0034,0.9922291040420532,False
0.2,B0034,0.9929934740066528,False
0.01,B0034,0.9913301467895508,False
0.02,B0034,0.9912818074226379,False
0.05,B0034,0.9918279647827148,False
0.1,B0034,0.991305947303772,False
0.2,B0034,0.9916658401489258,False
0.01,B0034,0.9920299649238586,False
0.02,B0034,0.9920283555984497,False
0.05,B0034,0.9920917749404907,False
0.1,B0034,0.9878237247467041,False
0.2,B0034,0.9924394488334656,False
0.01,B0034,0.9929772615432739,False
0.02,B0034,0.9930061101913452,False
0.05,B0034,0.9930100440979004,False
0.1,B0034,0.9929649233818054,False
0.2,B0034,0.9841710329055786,False
0.01,B0034,0.9940593242645264,False
0.02,B0034,0.9940816164016724,False
0.05,B0034,0.9941078424453735,False
0.1,B0034,0.9940760135650635,False
0.2,B0034,0.9940415620803833,False
0.01,B0034,0.9946832656860352,False
0.02,B0034,0.9946989417076111,False
0.05,B0034,0.9946858882904053,False
0.1,B0034,0.9947026371955872,False
0.2,B0034,0.9890933036804199,False
0.01,B0034,0.9908506870269775,False
0.02,B0034,0.9929286241531372,False
0.05,B0034,0.9929125308990479,False
0.1,B0034,0.9936672449111938,False
0.2,B0034,0.9931864738464355,False
0.01,B0034,0.9913551807403564,False
0.02,B0034,0.9913827180862427,False
0.05,B0034,0.991443395614624,False
0.1,B0034,0.9914840459823608,False
0.2,B0034,0.9924021363258362,False
0.01,B0034,0.989465057849884,False
0.02,B0034,0.9894671440124512,False
0.05,B0034,0.9893838167190552,False
0.1,B0034,0.9893445372581482,False
0.2,B0034,0.9897211790084839,False
0.01,B0034,0.9932290315628052,False
0.02,B0034,0.9932546615600586,False
0.05,B0034,0.9926878213882446,False
0.1,B0034,0.9933344125747681,False
0.2,B0034,0.9935404062271118,False
0.01,B0034,0.9949866533279419,False
0.02,B0034,0.9949919581413269,False
0.05,B0034,0.9938204884529114,False
0.1,B0034,0.9949805736541748,False
0.2,B0034,0.9953746199607849,False
0.01,B0034,0.9957507252693176,False
0.02,B0034,0.9957526922225952,False
0.05,B0034,0.9922794699668884,False
0.1,B0034,0.9957543611526489,False
0.2,B0034,0.9958306550979614,False
0.01,B0034,0.9919151663780212,False
0.02,B0034,0.9919552803039551,False
0.05,B0034,0.9919917583465576,False
0.1,B0034,0.9921697974205017,False
0.2,B0034,0.9927652478218079,False
0.01,B0034,0.9907733201980591,False
0.02,B0034,0.9908104538917542,False
0.05,B0034,0.9907992482185364,False
0.1,B0034,0.9908690452575684,False
0.2,B0034,0.9908004999160767,False
0.01,B0034,0.9918861985206604,False
0.02,B0034,0.9918529987335205,False
0.05,B0034,0.9918602705001831,False
0.1,B0034,0.9918674230575562,False
0.2,B0034,0.9809228181838989,False
0.01,B0034,0.993761420249939,False
0.02,B0034,0.9937574863433838,False
0.05,B0034,0.9937330484390259,False
0.1,B0034,0.9937601089477539,False
0.2,B0034,0.9938602447509766,False
0.01,B0034,0.9954626560211182,False
0.02,B0034,0.9954600930213928,False
0.05,B0034,0.9954606294631958,False
0.1,B0034,0.9954587817192078,False
0.2,B0034,0.9954791069030762,False
0.01,B0034,0.9946905970573425,False
0.02,B0034,0.9947635531425476,False
0.05,B0034,0.9947248101234436,False
0.1,B0034,0.994702935218811,False
0.2,B0034,0.9947785139083862,False
0.01,B0034,0.9917379021644592,False
0.02,B0034,0.9917640686035156,False
0.05,B0034,0.9917675852775574,False
0.1,B0034,0.9919264316558838,False
0.2,B0034,0.9924746155738831,False
0.01,B0034,0.9919630289077759,False
0.02,B0034,0.9919545650482178,False
0.05,B0034,0.9918547868728638,False
0.1,B0034,0.9919189810752869,False
0.2,B0034,0.9925711750984192,False
0.01,B0034,0.9914060235023499,False
0.02,B0034,0.9914180040359497,False
0.05,B0034,0.9915194511413574,False
0.1,B0034,0.9914562106132507,False
0.2,B0034,0.9912815093994141,False
0.01,B0034,0.9954363703727722,False
0.02,B0034,0.995444655418396,False
0.05,B0034,0.9954482316970825,False
0.1,B0034,0.9953655004501343,False
0.2,B0034,0.9953761696815491,False
0.01,B0034,0.9948197603225708,False
0.02,B0034,0.9948102831840515,False
0.05,B0034,0.9947575330734253,False
0.1,B0034,0.9948115944862366,False
0.2,B0034,0.994676947593689,False
0.01,B0034,0.9956396818161011,False
0.02,B0034,0.9956533312797546,False
0.05,B0034,0.9956636428833008,False
0.1,B0034,0.9956538081169128,False
0.2,B0034,0.9956750869750977,False
0.01,B0034,0.9927853345870972,False
0.02,B0034,0.9927585124969482,False
0.05,B0034,0.9928134679794312,False
0.1,B0034,0.9927690029144287,False
0.2,B0034,0.9928137063980103,False
0.01,B0034,0.991722822189331,False
0.02,B0034,0.9933123588562012,False
0.05,B0034,0.9932631850242615,False
0.1,B0034,0.9933120012283325,False
0.2,B0034,0.9933406710624695,False
0.01,B0034,0.9931262135505676,False
0.02,B0034,0.9930126667022705,False
0.05,B0034,0.9929629564285278,False
0.1,B0034,0.9930020570755005,False
0.2,B0034,0.9933327436447144,False
0.01,B0034,0.973860502243042,False
0.02,B0034,0.973983645439148,False
0.05,B0034,0.9738731384277344,False
0.1,B0034,0.9738821983337402,False
0.2,B0034,0.9745306372642517,False
0.01,B0034,0.9949067831039429,False
0.02,B0034,0.9949474930763245,False
0.05,B0034,0.994956374168396,False
0.1,B0034,0.9949538111686707,False
0.2,B0034,0.9698978066444397,False
0.01,B0034,0.9941720962524414,False
0.02,B0034,0.9941722750663757,False
0.05,B0034,0.9941266179084778,False
0.1,B0034,0.9941684007644653,False
0.2,B0034,0.9949610829353333,False
0.01,B0034,0.9928225874900818,False
0.02,B0034,0.99285888671875,False
0.05,B0034,0.9927741289138794,False
0.1,B0034,0.9929025769233704,False
0.2,B0034,0.9930824637413025,False
0.01,B0034,0.9936029314994812,False
0.02,B0034,0.9935921430587769,False
0.05,B0034,0.993373453617096,False
0.1,B0034,0.9935771226882935,False
0.2,B0034,0.994446873664856,False
0.01,B0034,0.9928160905838013,False
0.02,B0034,0.9927987456321716,False
0.05,B0034,0.9913444519042969,False
0.1,B0034,0.9929243326187134,False
0.2,B0034,0.9929468631744385,False
0.01,B0034,0.9950465559959412,False
0.02,B0034,0.9950530529022217,False
0.05,B0034,0.9919140934944153,False
0.1,B0034,0.9950623512268066,False
0.2,B0034,0.9952648878097534,False
0.01,B0034,0.9930625557899475,False
0.02,B0034,0.9930636882781982,False
0.05,B0034,0.9930754899978638,False
0.1,B0034,0.9931018352508545,False
0.2,B0034,0.9930886030197144,False
0.01,B0034,0.9942662715911865,False
0.02,B0034,0.9942492842674255,False
0.05,B0034,0.9942941665649414,False
0.1,B0034,0.9942563772201538,False
0.2,B0034,0.9951626062393188,False
0.01,B0034,0.9925592541694641,False
0.02,B0034,0.9925744533538818,False
0.05,B0034,0.9926357269287109,False
0.1,B0034,0.9925774335861206,False
0.2,B0034,0.993283748626709,False
0.01,B0034,0.9926131963729858,False
0.02,B0034,0.9926172494888306,False
0.05,B0034,0.9911888837814331,False
0.1,B0034,0.986912190914154,False
0.2,B0034,0.9928416013717651,False
0.01,B0034,0.9927331805229187,False
0.02,B0034,0.9927476644515991,False
0.05,B0034,0.9927351474761963,False
0.1,B0034,0.9927420616149902,False
0.2,B0034,0.9928679466247559,False
0.01,B0034,0.9941685199737549,False
0.02,B0034,0.994188666343689,False
0.05,B0034,0.9941697120666504,False
0.1,B0034,0.9941387176513672,False
0.2,B0034,0.9942395687103271,False
0.01,B0034,0.994914710521698,False
0.02,B0034,0.9948946833610535,False
0.05,B0034,0.9949188828468323,False
0.1,B0034,0.9949226379394531,False
0.2,B0034,0.994849443435669,False
0.01,B0034,0.992612898349762,False
0.02,B0034,0.9926478266716003,False
0.05,B0034,0.9902521371841431,False
0.1,B0034,0.9926507472991943,False
0.2,B0034,0.992904543876648,False
0.01,B0034,0.9936606884002686,False
0.02,B0034,0.9936757683753967,False
0.05,B0034,0.9936738014221191,False
0.1,B0034,0.9937536716461182,False
0.2,B0034,0.9935309886932373,False
0.01,B0034,0.994451105594635,False
0.02,B0034,0.9947311878204346,False
0.05,B0034,0.9947456121444702,False
0.1,B0034,0.9945934414863586,False
0.2,B0034,0.9949721097946167,False
0.01,B0034,0.9942029714584351,False
0.02,B0034,0.9942079186439514,False
0.05,B0034,0.9941330552101135,False
0.1,B0034,0.9942129850387573,False
0.2,B0034,0.9940428733825684,False
0.01,B0034,0.9953815937042236,False
0.02,B0034,0.9953893423080444,False
0.05,B0034,0.995366632938385,False
0.1,B0034,0.9953809976577759,False
0.2,B0034,0.9952993392944336,False
0.01,B0034,0.9955857396125793,False
0.02,B0034,0.9956125020980835,False
0.05,B0034,0.9955999255180359,False
0.1,B0034,0.9956101179122925,False
0.2,B0034,0.9766258001327515,False
0.01,B0034,0.9937624931335449,False
0.02,B0034,0.9937784075737,False
0.05,B0034,0.9929115176200867,False
0.1,B0034,0.9938060641288757,False
0.2,B0034,0.9936319589614868,False
0.01,B0034,0.9962367415428162,False
0.02,B0034,0.9962372183799744,False
0.05,B0034,0.9962392449378967,False
0.1,B0034,0.9962375164031982,False
0.2,B0034,0.9964578151702881,False
0.01,B0034,0.9937951564788818,False
0.02,B0034,0.9937846660614014,False
0.05,B0034,0.9937961101531982,False
0.1,B0034,0.9938326478004456,False
0.2,B0034,0.9935212135314941,False
0.01,B0034,0.994469404220581,False
0.02,B0034,0.9944729804992676,False
0.05,B0034,0.9944598078727722,False
0.1,B0034,0.9948603510856628,False
0.2,B0034,0.994434654712677,False
0.01,B0034,0.9943315982818604,False
0.02,B0034,0.994352400302887,False
0.05,B0034,0.9943702220916748,False
0.1,B0034,0.9943802356719971,False
0.2,B0034,0.9904861450195312,False
0.01,B0034,0.9927048683166504,False
0.02,B0034,0.9927041530609131,False
0.05,B0034,0.9927260875701904,False
0.1,B0034,0.9927417635917664,False
0.2,B0034,0.9741055965423584,False
0.01,B0034,0.9910211563110352,False
0.02,B0034,0.9910390973091125,False
0.05,B0034,0.991105318069458,False
0.1,B0034,0.9911999702453613,False
0.2,B0034,0.9923157691955566,False
0.01,B0034,0.9946514368057251,False
0.02,B0034,0.9946448802947998,False
0.05,B0034,0.9946914911270142,False
0.1,B0034,0.9946960806846619,False
0.2,B0034,0.9721497297286987,False
0.01,B0034,0.995017945766449,False
0.02,B0034,0.9950172901153564,False
0.05,B0034,0.9927958250045776,False
0.1,B0034,0.995063066482544,False
0.2,B0034,0.9759207963943481,False
0.01,B0034,0.9938951134681702,False
0.02,B0034,0.9939022064208984,False
0.05,B0034,0.9939046502113342,False
0.1,B0034,0.9939396381378174,False
0.2,B0034,0.9869912266731262,False
0.01,B0034,0.9920099973678589,False
0.02,B0034,0.9919671416282654,False
0.05,B0034,0.9919623136520386,False
0.1,B0034,0.992034375667572,False
0.2,B0034,0.981215238571167,False
0.01,B0034,0.9923574924468994,False
0.02,B0034,0.9923568964004517,False
0.05,B0034,0.9923855662345886,False
0.1,B0034,0.9924061894416809,False
0.2,B0034,0.9924224615097046,False
0.01,B0034,0.9933233261108398,False
0.02,B0034,0.9951351881027222,False
0.05,B0034,0.9920576810836792,False
0.1,B0034,0.9895403981208801,False
0.2,B0034,0.9850143194198608,False
0.01,B0034,0.9953243732452393,False
0.02,B0034,0.9953027963638306,False
0.05,B0034,0.9953241944313049,False
0.1,B0034,0.9873954057693481,False
0.2,B0034,0.9954397678375244,False
0.01,B0034,0.9928253293037415,False
0.02,B0034,0.9928232431411743,False
0.05,B0034,0.9928311705589294,False
0.1,B0034,0.9925909042358398,False
0.2,B0034,0.9925182461738586,False
0.01,B0034,0.9945549964904785,False
0.02,B0034,0.9951572418212891,False
0.05,B0034,0.9951629638671875,False
0.1,B0034,0.9951876401901245,False
0.2,B0034,0.9844437837600708,False
0.01,B0034,0.9951907992362976,False
0.02,B0034,0.9952231049537659,False
0.05,B0034,0.9952187538146973,False
0.1,B0034,0.9952365159988403,False
0.2,B0034,0.9952024221420288,False
0.01,B0034,0.9947138428688049,False
0.02,B0034,0.9947510361671448,False
0.05,B0034,0.994787335395813,False
0.1,B0034,0.9948166608810425,False
0.2,B0034,0.989831805229187,False
0.01,B0034,0.9928691983222961,False
0.02,B0034,0.9932473301887512,False
0.05,B0034,0.9932258725166321,False
0.1,B0034,0.9933123588562012,False
0.2,B0034,0.9933300018310547,False
0.01,B0034,0.994592547416687,False
0.02,B0034,0.9945764541625977,False
0.05,B0034,0.9945600032806396,False
0.1,B0034,0.9945878386497498,False
0.2,B0034,0.9741930961608887,False
0.01,B0034,0.9945271015167236,False
0.02,B0034,0.9945513010025024,False
0.05,B0034,0.9945323467254639,False
0.1,B0034,0.9945452213287354,False
0.2,B0034,0.99455726146698,False
0.01,B0034,0.9936400651931763,False
0.02,B0034,0.9936425685882568,False
0.05,B0034,0.993639349937439,False
0.1,B0034,0.9937100410461426,False
0.2,B0034,0.9793293476104736,False
0.01,B0034,0.9945330023765564,False
0.02,B0034,0.9945172071456909,False
0.05,B0034,0.9942294955253601,False
0.1,B0034,0.9945496916770935,False
0.2,B0034,0.9940356016159058,False
0.01,B0034,0.994102954864502,False
0.02,B0034,0.994128942489624,False
0.05,B0034,0.9940273761749268,False
0.1,B0034,0.9941073656082153,False
0.2,B0034,0.988937497138977,False
0.01,B0034,0.9960585832595825,False
0.02,B0034,0.9960585832595825,False
0.05,B0034,0.9961190819740295,False
0.1,B0034,0.9960759282112122,False
0.2,B0034,0.9805736541748047,False
0.01,B0034,0.9966115951538086,False
0.02,B0034,0.9966365098953247,False
0.05,B0034,0.9965716004371643,False
0.1,B0034,0.9966385364532471,False
0.2,B0034,0.9965466856956482,False
0.01,B0034,0.9953089356422424,False
0.02,B0034,0.9953166246414185,False
0.05,B0034,0.9952911734580994,False
0.1,B0034,0.9953136444091797,False
0.2,B0034,0.9865295886993408,False
0.01,B0034,0.9951499700546265,False
0.02,B0034,0.9951358437538147,False
0.05,B0034,0.9929065704345703,False
0.1,B0034,0.9950038194656372,False
0.2,B0034,0.9807406663894653,False
0.01,B0034,0.9932968020439148,False
0.02,B0034,0.9940111637115479,False
0.05,B0034,0.9944785833358765,False
0.1,B0034,0.9944491386413574,False
0.2,B0034,0.9793527126312256,False
0.01,B0034,0.9947882294654846,False
0.02,B0034,0.9947782158851624,False
0.05,B0034,0.9948046207427979,False
0.1,B0034,0.994621753692627,False
0.2,B0034,0.9948279857635498,False
0.01,B0034,0.9948538541793823,False
0.02,B0034,0.9948746562004089,False
0.05,B0034,0.9949033260345459,False
0.1,B0034,0.9948989152908325,False
0.2,B0034,0.9955335855484009,False
0.01,B0034,0.99412602186203,False
0.02,B0034,0.9941208362579346,False
0.05,B0034,0.9941268563270569,False
0.1,B0034,0.994184672832489,False
0.2,B0034,0.9942587614059448,False
0.01,B0034,0.9942659139633179,False
0.02,B0034,0.9942582845687866,False
0.05,B0034,0.9942495822906494,False
0.1,B0034,0.986933171749115,False
0.2,B0034,0.9942687153816223,False
0.01,B0034,0.9951519966125488,False
0.02,B0034,0.9951452016830444,False
0.05,B0034,0.9951598048210144,False
0.1,B0034,0.9951735138893127,False
0.2,B0034,0.9951150417327881,False
0.01,B0034,0.9946763515472412,False
0.02,B0034,0.9946428537368774,False
0.05,B0034,0.9946944713592529,False
0.1,B0034,0.9939975142478943,False
0.2,B0034,0.9945359230041504,False
0.01,B0034,0.9950253963470459,False
0.02,B0034,0.9945590496063232,False
0.05,B0034,0.9950318336486816,False
0.1,B0034,0.9948716163635254,False
0.2,B0034,0.9954476356506348,False
0.01,B0034,0.9948595762252808,False
0.02,B0034,0.994856059551239,False
0.05,B0034,0.9948110580444336,False
0.1,B0034,0.9948889017105103,False
0.2,B0034,0.9856888055801392,False
0.01,B0034,0.9948633313179016,False
0.02,B0034,0.994861900806427,False
0.05,B0034,0.9948445558547974,False
0.1,B0034,0.9949325323104858,False
0.2,B0034,0.9951539635658264,False
0.01,B0034,0.9948242902755737,False
0.02,B0034,0.9948237538337708,False
0.05,B0034,0.9948179721832275,False
0.1,B0034,0.9948704242706299,False
0.2,B0034,0.994870126247406,False
0.01,B0034,0.9948562383651733,False
0.02,B0034,0.9948592782020569,False
0.05,B0034,0.9948607087135315,False
0.1,B0034,0.99489825963974,False
0.2,B0034,0.9872424006462097,False
0.01,B0034,0.9934706687927246,False
0.02,B0034,0.9934601783752441,False
0.05,B0034,0.9934703707695007,False
0.1,B0034,0.9934937953948975,False
0.2,B0034,0.9692106246948242,False
0.01,B0034,0.9949364066123962,False
0.02,B0034,0.9948852062225342,False
0.05,B0034,0.9949487447738647,False
0.1,B0034,0.9949970841407776,False
0.2,B0034,0.9949124455451965,False
0.01,B0034,0.9942722320556641,False
0.02,B0034,0.9942550659179688,False
0.05,B0034,0.9942925572395325,False
0.1,B0034,0.9931704998016357,False
0.2,B0034,0.9941781163215637,False
0.01,B0034,0.9949865937232971,False
0.02,B0034,0.9949851036071777,False
0.05,B0034,0.994989275932312,False
0.1,B0034,0.9950088262557983,False
0.2,B0034,0.9913938641548157,False
0.01,B0034,0.9941576719284058,False
0.02,B0034,0.9941966533660889,False
0.05,B0034,0.9941878318786621,False
0.1,B0034,0.9941823482513428,False
0.2,B0034,0.9745374321937561,False
0.01,B0034,0.9945008754730225,False
0.02,B0034,0.994504451751709,False
0.05,B0034,0.9944738745689392,False
0.1,B0034,0.9945642948150635,False
0.2,B0034,0.9944832921028137,False
0.01,B0034,0.994211733341217,False
0.02,B0034,0.9941936731338501,False
0.05,B0034,0.9942065477371216,False
0.1,B0034,0.9942593574523926,False
0.2,B0034,0.9931337833404541,False
0.01,B0034,0.9942363500595093,False
0.02,B0034,0.9942426681518555,False
0.05,B0034,0.9915523529052734,False
0.1,B0034,0.994242787361145,False
0.2,B0034,0.9942289590835571,False
0.01,B0034,0.9934619665145874,False
0.02,B0034,0.9934749007225037,False
0.05,B0034,0.9934377670288086,False
0.1,B0034,0.9934698343276978,False
0.2,B0034,0.9926765561103821,False
0.01,B0034,0.9948811531066895,False
0.02,B0034,0.9948810338973999,False
0.05,B0034,0.9948697090148926,False
0.1,B0034,0.9949370622634888,False
0.2,B0034,0.9950671792030334,False
0.01,B0034,0.9944577217102051,False
0.02,B0034,0.9944294691085815,False
0.05,B0034,0.9922364354133606,False
0.1,B0034,0.9944474697113037,False
0.2,B0034,0.9858161211013794,False
0.01,B0034,0.9942446351051331,False
0.02,B0034,0.994247317314148,False
0.05,B0034,0.9942753911018372,False
0.1,B0034,0.9942957162857056,False
0.2,B0034,0.9943114519119263,False
0.01,B0034,0.9941808581352234,False
0.02,B0034,0.9941422343254089,False
0.05,B0034,0.9941567182540894,False
0.1,B0034,0.9942312240600586,False
0.2,B0034,0.985429048538208,False
0.01,B0034,0.9940117597579956,False
0.02,B0034,0.9940150380134583,False
0.05,B0034,0.9940186142921448,False
0.1,B0034,0.9940211772918701,False
0.2,B0034,0.969947338104248,False
0.01,B0034,0.993859052658081,False
0.02,B0034,0.9938410520553589,False
0.05,B0034,0.993848979473114,False
0.1,B0034,0.9938592910766602,False
0.2,B0034,0.9935181736946106,False
0.01,B0034,0.9937126636505127,False
0.02,B0034,0.9936692118644714,False
0.05,B0034,0.9937175512313843,False
0.1,B0034,0.993695855140686,False
0.2,B0034,0.9939911365509033,False
0.01,B0034,0.9946353435516357,False
0.02,B0034,0.9946235418319702,False
0.05,B0034,0.9946431517601013,False
0.1,B0034,0.994640588760376,False
0.2,B0034,0.9931480884552002,False
0.01,B0034,0.993933916091919,False
0.02,B0034,0.9939572215080261,False
0.05,B0034,0.9939554929733276,False
0.1,B0034,0.9939870238304138,False
0.2,B0034,0.9938426613807678,False
0.01,B0034,0.9930607676506042,False
0.02,B0034,0.9930481910705566,False
0.05,B0034,0.9930494427680969,False
0.1,B0034,0.9931792616844177,False
0.2,B0034,0.9934859871864319,False
0.01,B0034,0.9913731217384338,False
0.02,B0034,0.9913636445999146,False
0.05,B0034,0.991424024105072,False
0.1,B0034,0.9913856983184814,False
0.2,B0034,0.9921636581420898,False
0.01,B0034,0.9915778040885925,False
0.02,B0034,0.9915559887886047,False
0.05,B0034,0.9915767312049866,False
0.1,B0034,0.9916648864746094,False
0.2,B0034,0.9916636347770691,False
0.01,B0034,0.9931836128234863,False
0.02,B0034,0.9931845664978027,False
0.05,B0034,0.9932094812393188,False
0.1,B0034,0.9931937456130981,False
0.2,B0034,0.9724825620651245,False
0.01,B0034,0.9929381608963013,False
0.02,B0034,0.9928947687149048,False
0.05,B0034,0.9929670691490173,False
0.1,B0034,0.9930756092071533,False
0.2,B0034,0.9927031993865967,False
0.01,B0034,0.9928869009017944,False
0.02,B0034,0.9928874969482422,False
0.05,B0034,0.9928943514823914,False
0.1,B0034,0.9929898977279663,False
0.2,B0034,0.9930407404899597,False
0.01,B0036,0.9787867665290833,False
0.02,B0036,0.9788113832473755,False
0.05,B0036,0.9788076281547546,False
0.1,B0036,0.9778243899345398,False
0.2,B0036,0.9786720871925354,False
0.01,B0036,0.9985441565513611,False
0.02,B0036,0.9985437393188477,False
0.05,B0036,0.9985491633415222,False
0.1,B0036,0.9985888004302979,False
0.2,B0036,0.9987170696258545,False
0.01,B0036,0.9983786344528198,False
0.02,B0036,0.9983716011047363,False
0.05,B0036,0.9983783960342407,False
0.1,B0036,0.9983834028244019,False
0.2,B0036,0.9983794093132019,False
0.01,B0036,0.9986633062362671,False
0.02,B0036,0.9986647963523865,False
0.05,B0036,0.9986721277236938,False
0.1,B0036,0.9986851215362549,False
0.2,B0036,0.998681902885437,False
0.01,B0036,0.9989603161811829,False
0.02,B0036,0.9989616870880127,False
0.05,B0036,0.9989652633666992,False
0.1,B0036,0.9989805817604065,False
0.2,B0036,0.9989753365516663,False
0.01,B0036,0.9993911385536194,False
0.02,B0036,0.999392032623291,False
0.05,B0036,0.9993910789489746,False
0.1,B0036,0.9994081854820251,False
0.2,B0036,0.9993809461593628,False
0.01,B0036,0.999315083026886,False
0.02,B0036,0.9993138313293457,False
0.05,B0036,0.9993239641189575,False
0.1,B0036,0.9993221759796143,False
0.2,B0036,0.9993409514427185,False
0.01,B0036,0.9992589354515076,False
0.02,B0036,0.9992609024047852,False
0.05,B0036,0.999281644821167,False
0.1,B0036,0.9992587566375732,False
0.2,B0036,0.9992189407348633,False
0.01,B0036,0.9992591142654419,False
0.02,B0036,0.9992624521255493,False
0.05,B0036,0.9992648959159851,False
0.1,B0036,0.9992661476135254,False
0.2,B0036,0.9992324113845825,False
0.01,B0036,0.9991888403892517,False
0.02,B0036,0.9991902112960815,False
0.05,B0036,0.9991761445999146,False
0.1,B0036,0.9991874694824219,False
0.2,B0036,0.999172568321228,False
0.01,B0036,0.9991028308868408,False
0.02,B0036,0.9991017580032349,False
0.05,B0036,0.9991075992584229,False
0.1,B0036,0.9991108179092407,False
0.2,B0036,0.99916672706604,False
0.01,B0036,0.9992000460624695,False
0.02,B0036,0.9991990327835083,False
0.05,B0036,0.9992052316665649,False
0.1,B0036,0.9992047548294067,False
0.2,B0036,0.9992073774337769,False
0.01,B0036,0.9990741014480591,False
0.02,B0036,0.9990752339363098,False
0.05,B0036,0.9990773797035217,False
0.1,B0036,0.9990994930267334,False
0.2,B0036,0.9990726113319397,False
0.01,B0036,0.9990081191062927,False
0.02,B0036,0.9990089535713196,False
0.05,B0036,0.9989696741104126,False
0.1,B0036,0.9990156888961792,False
0.2,B0036,0.9989930987358093,False
0.01,B0036,0.9989809989929199,False
0.02,B0036,0.9989838600158691,False
0.05,B0036,0.9989822506904602,False
0.1,B0036,0.9989877939224243,False
0.2,B0036,0.9988970160484314,False
0.01,B0036,0.9985494613647461,False
0.02,B0036,0.9985494613647461,False
0.05,B0036,0.9985545873641968,False
0.1,B0036,0.9985635280609131,False
0.2,B0036,0.9986364245414734,False
0.01,B0036,0.9952846169471741,False
0.02,B0036,0.995250940322876,False
0.05,B0036,0.9953088760375977,False
0.1,B0036,0.995324969291687,False
0.2,B0036,0.9953305125236511,False
0.01,B0036,0.9877477288246155,False
0.02,B0036,0.9877480864524841,False
0.05,B0036,0.9877715110778809,False
0.1,B0036,0.9877889752388,False
0.2,B0036,0.9878540635108948,False
0.01,B0036,0.997879147529602,False
0.02,B0036,0.9978817701339722,False
0.05,B0036,0.9979004859924316,False
0.1,B0036,0.9979097843170166,False
0.2,B0036,0.997850775718689,False
0.01,B0036,0.9988440275192261,False
0.02,B0036,0.9988410472869873,False
0.05,B0036,0.9988463521003723,False
0.1,B0036,0.9988636374473572,False
0.2,B0036,0.9988106489181519,False
0.01,B0036,0.9988904595375061,False
0.02,B0036,0.9988847374916077,False
0.05,B0036,0.9988912343978882,False
0.1,B0036,0.9989057183265686,False
0.2,B0036,0.9988911747932434,False
0.01,B0036,0.6099369525909424,True
0.02,B0036,0.6100896596908569,True
0.05,B0036,0.6099849939346313,True
0.1,B0036,0.6099878549575806,True
0.2,B0036,0.6092301607131958,True
0.01,B0036,0.7978144288063049,True
0.02,B0036,0.7978888750076294,True
0.05,B0036,0.7977538108825684,True
0.1,B0036,0.7977626323699951,True
0.2,B0036,0.7972451448440552,True
0.01,B0036,0.8723049163818359,False
0.02,B0036,0.872154951095581,False
0.05,B0036,0.8720694184303284,False
0.1,B0036,0.8714797496795654,False
0.2,B0036,0.8758885264396667,False
0.01,B0036,0.885389506816864,False
0.02,B0036,0.88505619764328,False
0.05,B0036,0.8853414058685303,False
0.1,B0036,0.884871244430542,False
0.2,B0036,0.8646917343139648,False
0.01,B0036,0.8804764151573181,False
0.02,B0036,0.8805183172225952,False
0.05,B0036,0.8799225091934204,False
0.1,B0036,0.8813099265098572,False
0.2,B0036,0.8798403739929199,False
0.01,B0036,0.8595540523529053,False
0.02,B0036,0.8594154119491577,False
0.05,B0036,0.8594813346862793,False
0.1,B0036,0.8606582880020142,False
0.2,B0036,0.8591206073760986,False
0.01,B0036,0.8103138208389282,True
0.02,B0036,0.8104007244110107,True
0.05,B0036,0.8101798892021179,True
0.1,B0036,0.8119374513626099,True
0.2,B0036,0.8096518516540527,True
0.01,B0036,0.840631365776062,True
0.02,B0036,0.8407986164093018,True
0.05,B0036,0.8404848575592041,True
0.1,B0036,0.8383598327636719,True
0.2,B0036,0.8389115929603577,True
0.01,B0036,0.8841902017593384,False
0.02,B0036,0.8843254446983337,False
0.05,B0036,0.8822996616363525,False
0.1,B0036,0.8841210007667542,False
0.2,B0036,0.8874703645706177,False
0.01,B0036,0.9012706279754639,False
0.02,B0036,0.9011494517326355,False
0.05,B0036,0.9014285206794739,False
0.1,B0036,0.9012826085090637,False
0.2,B0036,0.900742769241333,False
0.01,B0036,0.8884717226028442,False
0.02,B0036,0.8887102603912354,False
0.05,B0036,0.8885558843612671,False
0.1,B0036,0.888450026512146,False
0.2,B0036,0.889132022857666,False
0.01,B0036,0.8414029479026794,True
0.02,B0036,0.8413363695144653,True
0.05,B0036,0.8412058353424072,True
0.1,B0036,0.8408129811286926,True
0.2,B0036,0.8409152030944824,True
0.01,B0036,0.8578096628189087,False
0.02,B0036,0.8577709794044495,False
0.05,B0036,0.8581328392028809,False
0.1,B0036,0.8577479124069214,False
0.2,B0036,0.8504853248596191,False
0.01,B0036,0.8959317803382874,False
0.02,B0036,0.8957622051239014,False
0.05,B0036,0.8959482312202454,False
0.1,B0036,0.895717442035675,False
0.2,B0036,0.8947199583053589,False
0.01,B0036,0.897621214389801,False
0.02,B0036,0.8975362777709961,False
0.05,B0036,0.89750736951828,False
0.1,B0036,0.8968702554702759,False
0.2,B0036,0.8965797424316406,False
0.01,B0036,0.8971792459487915,False
0.02,B0036,0.8970122933387756,False
0.05,B0036,0.8971160650253296,False
0.1,B0036,0.8969282507896423,False
0.2,B0036,0.8967666625976562,False
0.01,B0036,0.6957736015319824,True
0.02,B0036,0.6958233118057251,True
0.05,B0036,0.6953893303871155,True
0.1,B0036,0.6953091621398926,True
0.2,B0036,0.6989483833312988,True
0.01,B0036,0.5541062355041504,True
0.02,B0036,0.5542571544647217,True
0.05,B0036,0.5540415048599243,True
0.1,B0036,0.5536621809005737,True
0.2,B0036,0.5537198185920715,True
0.01,B0036,0.6773306131362915,True
0.02,B0036,0.6772574782371521,True
0.05,B0036,0.676310658454895,True
0.1,B0036,0.6770550012588501,True
0.2,B0036,0.6767536401748657,True
0.01,B0036,0.8454983830451965,True
0.02,B0036,0.84544837474823,True
0.05,B0036,0.845589280128479,False
0.1,B0036,0.8467355370521545,False
0.2,B0036,0.8466489315032959,False
0.01,B0036,0.8800455927848816,False
0.02,B0036,0.8805723786354065,False
0.05,B0036,0.8808197975158691,False
0.1,B0036,0.8803418874740601,False
0.2,B0036,0.8804237842559814,False
0.01,B0036,0.706773042678833,True
0.02,B0036,0.7068934440612793,True
0.05,B0036,0.7118792533874512,True
0.1,B0036,0.7096986174583435,True
0.2,B0036,0.717808723449707,True
0.01,B0036,0.5280097723007202,True
0.02,B0036,0.5280051231384277,True
0.05,B0036,0.5276570320129395,True
0.1,B0036,0.5278699398040771,True
0.2,B0036,0.528313398361206,True
0.01,B0036,0.6676682233810425,True
0.02,B0036,0.6678057312965393,True
0.05,B0036,0.6685144305229187,True
0.1,B0036,0.6657610535621643,True
0.2,B0036,0.6666366457939148,True
0.01,B0036,0.11188262701034546,True
0.02,B0036,0.11173219978809357,True
0.05,B0036,0.1120016872882843,True
0.1,B0036,0.11240573227405548,True
0.2,B0036,0.12313006818294525,True
0.01,B0036,0.6623474359512329,True
0.02,B0036,0.6627315282821655,True
0.05,B0036,0.6631780862808228,True
0.1,B0036,0.6620970964431763,True
0.2,B0036,0.6617846488952637,True
0.01,B0036,0.7948624491691589,True
0.02,B0036,0.7949845194816589,True
0.05,B0036,0.7949264049530029,True
0.1,B0036,0.7952123880386353,True
0.2,B0036,0.7945629358291626,True
0.01,B0036,0.8341484069824219,True
0.02,B0036,0.834192156791687,True
0.05,B0036,0.8339625000953674,True
0.1,B0036,0.8339833617210388,True
0.2,B0036,0.8325259685516357,True
0.01,B0036,0.7373896837234497,True
0.02,B0036,0.7375662326812744,True
0.05,B0036,0.7345381379127502,True
0.1,B0036,0.7372335195541382,True
0.2,B0036,0.7474657297134399,True
0.01,B0036,0.553926944732666,True
0.02,B0036,0.5538617968559265,True
0.05,B0036,0.553720235824585,True
0.1,B0036,0.5536795854568481,True
0.2,B0036,0.5532225370407104,True
0.01,B0036,0.5913408994674683,True
0.02,B0036,0.5910608768463135,True
0.05,B0036,0.5912075638771057,True
0.1,B0036,0.5914269685745239,True
0.2,B0036,0.5924347639083862,True
0.01,B0036,0.7442834377288818,True
0.02,B0036,0.7442834377288818,True
0.05,B0036,0.7442037463188171,True
0.1,B0036,0.7460386753082275,True
0.2,B0036,0.7399989366531372,True
0.01,B0036,0.7729644179344177,True
0.02,B0036,0.7729939222335815,True
0.05,B0036,0.7732855081558228,True
0.1,B0036,0.7727851867675781,True
0.2,B0036,0.7711974382400513,True
0.01,B0036,0.7765445709228516,True
0.02,B0036,0.7762094140052795,True
0.05,B0036,0.7766165733337402,True
0.1,B0036,0.7639163732528687,True
0.2,B0036,0.7675430774688721,True
0.01,B0036,0.7112650871276855,True
0.02,B0036,0.7113185524940491,True
0.05,B0036,0.7117341756820679,True
0.1,B0036,0.7109474539756775,True
0.2,B0036,0.6775834560394287,True
0.01,B0036,0.5060532093048096,True
0.02,B0036,0.5061660408973694,True
0.05,B0036,0.5063033103942871,True
0.1,B0036,0.5058168172836304,True
0.2,B0036,0.5043486952781677,True
0.01,B0036,0.5757864713668823,True
0.02,B0036,0.5758402347564697,True
0.05,B0036,0.5725861191749573,True
0.1,B0036,0.5755612850189209,True
0.2,B0036,0.5743823051452637,True
0.01,B0036,0.820710301399231,True
0.02,B0036,0.820847749710083,True
0.05,B0036,0.8208540678024292,True
0.1,B0036,0.8206616640090942,True
0.2,B0036,0.8162888288497925,True
0.01,B0036,0.8599159121513367,False
0.02,B0036,0.8599627614021301,False
0.05,B0036,0.8604112863540649,False
0.1,B0036,0.8596723079681396,False
0.2,B0036,0.8593807220458984,False
0.01,B0036,0.8795819282531738,False
0.02,B0036,0.8795760869979858,False
0.05,B0036,0.8796349763870239,False
0.1,B0036,0.8788978457450867,False
0.2,B0036,0.8782533407211304,False
0.01,B0036,0.6552501916885376,True
0.02,B0036,0.6548696756362915,True
0.05,B0036,0.6550720930099487,True
0.1,B0036,0.6551670432090759,True
0.2,B0036,0.6475536823272705,True
0.01,B0036,0.4614546000957489,True
0.02,B0036,0.4615347981452942,True
0.05,B0036,0.461153119802475,True
0.1,B0036,0.4606497287750244,True
0.2,B0036,0.45781710743904114,True
0.01,B0036,0.6207590103149414,True
0.02,B0036,0.6208491921424866,True
0.05,B0036,0.6211943626403809,True
0.1,B0036,0.620928168296814,True
0.2,B0036,0.6205321550369263,True
0.01,B0036,0.8404150009155273,True
0.02,B0036,0.8406589031219482,True
0.05,B0036,0.840174674987793,True
0.1,B0036,0.84104984998703,True
0.2,B0036,0.8428855538368225,True
0.01,B0036,0.8670758008956909,False
0.02,B0036,0.8669130802154541,False
0.05,B0036,0.8668584227561951,False
0.1,B0036,0.8667163848876953,False
0.2,B0036,0.8676211833953857,False
0.01,B0036,0.7394499778747559,True
0.02,B0036,0.7393274903297424,True
0.05,B0036,0.7399176955223083,True
0.1,B0036,0.7416700124740601,True
0.2,B0036,0.7385419607162476,True
0.01,B0036,0.5181952714920044,True
0.02,B0036,0.5187711715698242,True
0.05,B0036,0.5184373259544373,True
0.1,B0036,0.5221279859542847,True
0.2,B0036,0.5174980163574219,True
0.01,B0036,0.7184594869613647,True
0.02,B0036,0.718195915222168,True
0.05,B0036,0.7189120650291443,True
0.1,B0036,0.7188464999198914,True
0.2,B0036,0.7169240713119507,True
0.01,B0036,0.8468143939971924,False
0.02,B0036,0.8466602563858032,False
0.05,B0036,0.8469423055648804,False
0.1,B0036,0.8480222821235657,False
0.2,B0036,0.8444686532020569,True
0.01,B0036,0.8773607611656189,False
0.02,B0036,0.8772770166397095,False
0.05,B0036,0.877346932888031,False
0.1,B0036,0.8774528503417969,False
0.2,B0036,0.8755045533180237,False
0.01,B0036,0.8958414196968079,False
0.02,B0036,0.8958197832107544,False
0.05,B0036,0.8958508968353271,False
0.1,B0036,0.8952864408493042,False
0.2,B0036,0.895782470703125,False
0.01,B0036,0.7087594270706177,True
0.02,B0036,0.7086940407752991,True
0.05,B0036,0.7085107564926147,True
0.1,B0036,0.7045819759368896,True
0.2,B0036,0.710471510887146,True
0.01,B0036,0.5103560090065002,True
0.02,B0036,0.5106297731399536,True
0.05,B0036,0.510057270526886,True
0.1,B0036,0.510079562664032,True
0.2,B0036,0.5103896856307983,True
0.01,B0036,0.778051495552063,True
0.02,B0036,0.7782265543937683,True
0.05,B0036,0.7780890464782715,True
0.1,B0036,0.7780102491378784,True
0.2,B0036,0.7844886779785156,True
0.01,B0036,0.8805127143859863,False
0.02,B0036,0.8804110288619995,False
0.05,B0036,0.8801182508468628,False
0.1,B0036,0.880638837814331,False
0.2,B0036,0.8828462362289429,False
0.01,B0036,0.9072962403297424,False
0.02,B0036,0.9071483016014099,False
0.05,B0036,0.9069851636886597,False
0.1,B0036,0.907016396522522,False
0.2,B0036,0.906334400177002,False
0.01,B0036,0.9062410593032837,False
0.02,B0036,0.9062228202819824,False
0.05,B0036,0.9063246250152588,False
0.1,B0036,0.9065399169921875,False
0.2,B0036,0.884161114692688,False
0.01,B0036,0.8983974456787109,False
0.02,B0036,0.8985012173652649,False
0.05,B0036,0.8984061479568481,False
0.1,B0036,0.898017168045044,False
0.2,B0036,0.8977192640304565,False
0.01,B0036,0.9155218005180359,False
0.02,B0036,0.9155750274658203,False
0.05,B0036,0.9158414602279663,False
0.1,B0036,0.9158427715301514,False
0.2,B0036,0.9144999384880066,False
0.01,B0036,0.9038162231445312,False
0.02,B0036,0.9037210941314697,False
0.05,B0036,0.9039491415023804,False
0.1,B0036,0.904227077960968,False
0.2,B0036,0.9010074138641357,False
0.01,B0036,0.91557776927948,False
0.02,B0036,0.9156244993209839,False
0.05,B0036,0.9145289659500122,False
0.1,B0036,0.9154361486434937,False
0.2,B0036,0.9154370427131653,False
0.01,B0036,0.9158266186714172,False
0.02,B0036,0.9157801866531372,False
0.05,B0036,0.9158748388290405,False
0.1,B0036,0.9157003164291382,False
0.2,B0036,0.9155992269515991,False
0.01,B0036,0.9165542125701904,False
0.02,B0036,0.9166567325592041,False
0.05,B0036,0.9169296622276306,False
0.1,B0036,0.9164533019065857,False
0.2,B0036,0.9162747859954834,False
0.01,B0036,0.9102276563644409,False
0.02,B0036,0.9101731777191162,False
0.05,B0036,0.9089900255203247,False
0.1,B0036,0.9095901250839233,False
0.2,B0036,0.91107177734375,False
0.01,B0036,0.9201078414916992,False
0.02,B0036,0.9200382828712463,False
0.05,B0036,0.9201728105545044,False
0.1,B0036,0.9200023412704468,False
0.2,B0036,0.9181921482086182,False
0.01,B0036,0.9116511344909668,False
0.02,B0036,0.9113284349441528,False
0.05,B0036,0.9114794135093689,False
0.1,B0036,0.9109309911727905,False
0.2,B0036,0.9111102819442749,False
0.01,B0036,0.9192091226577759,False
0.02,B0036,0.9191219210624695,False
0.05,B0036,0.919051468372345,False
0.1,B0036,0.9189977645874023,False
0.2,B0036,0.9187526702880859,False
0.01,B0036,0.9136987924575806,False
0.02,B0036,0.9136987924575806,False
0.05,B0036,0.9135584831237793,False
0.1,B0036,0.9135950207710266,False
0.2,B0036,0.9130868911743164,False
0.01,B0036,0.864229142665863,False
0.02,B0036,0.8642381429672241,False
0.05,B0036,0.8644406199455261,False
0.1,B0036,0.8639771342277527,False
0.2,B0036,0.8618672490119934,False
0.01,B0036,0.7788863182067871,True
0.02,B0036,0.7785557508468628,True
0.05,B0036,0.7784457206726074,True
0.1,B0036,0.7778271436691284,True
0.2,B0036,0.7581512928009033,True
0.01,B0036,0.7120730876922607,True
0.02,B0036,0.7122940421104431,True
0.05,B0036,0.7123101353645325,True
0.1,B0036,0.7123928070068359,True
0.2,B0036,0.7119874954223633,True
0.01,B0036,0.8975247144699097,False
0.02,B0036,0.8977044820785522,False
0.05,B0036,0.8976682424545288,False
0.1,B0036,0.8984167575836182,False
0.2,B0036,0.8939677476882935,False
0.01,B0036,0.9291285872459412,False
0.02,B0036,0.9292563796043396,False
0.05,B0036,0.9283669590950012,False
0.1,B0036,0.9293259382247925,False
0.2,B0036,0.9280465245246887,False
0.01,B0036,0.9386259317398071,False
0.02,B0036,0.9386323690414429,False
0.05,B0036,0.9386935830116272,False
0.1,B0036,0.938211977481842,False
0.2,B0036,0.9383068084716797,False
0.01,B0036,0.8740605711936951,False
0.02,B0036,0.8742286562919617,False
0.05,B0036,0.8739457726478577,False
0.1,B0036,0.8743197917938232,False
0.2,B0036,0.8739750981330872,False
0.01,B0036,0.8210899829864502,True
0.02,B0036,0.8211687803268433,True
0.05,B0036,0.8210970163345337,True
0.1,B0036,0.8205127716064453,True
0.2,B0036,0.8214467763900757,True
0.01,B0036,0.8150450587272644,True
0.02,B0036,0.8150174021720886,True
0.05,B0036,0.8146970272064209,True
0.1,B0036,0.8140655755996704,True
0.2,B0036,0.8142958283424377,True
0.01,B0036,0.9114318490028381,False
0.02,B0036,0.9114782214164734,False
0.05,B0036,0.9113281965255737,False
0.1,B0036,0.9113779067993164,False
0.2,B0036,0.9080212116241455,False
0.01,B0036,0.9271461963653564,False
0.02,B0036,0.9271873235702515,False
0.05,B0036,0.9270620346069336,False
0.1,B0036,0.9269689917564392,False
0.2,B0036,0.9268461465835571,False
0.01,B0036,0.9213032126426697,False
0.02,B0036,0.9211777448654175,False
0.05,B0036,0.9211062788963318,False
0.1,B0036,0.9206849336624146,False
0.2,B0036,0.9195971488952637,False
0.01,B0036,0.814102292060852,True
0.02,B0036,0.8142310380935669,True
0.05,B0036,0.8148158192634583,True
0.1,B0036,0.8135080337524414,True
0.2,B0036,0.8133675456047058,True
0.01,B0036,0.6792155504226685,True
0.02,B0036,0.6793171167373657,True
0.05,B0036,0.6801025867462158,True
0.1,B0036,0.6791648268699646,True
0.2,B0036,0.6756753921508789,True
0.01,B0036,0.8163663744926453,True
0.02,B0036,0.8164253234863281,True
0.05,B0036,0.8163115382194519,True
0.1,B0036,0.8123431205749512,True
0.2,B0036,0.8216343522071838,True
0.01,B0036,0.9149518013000488,False
0.02,B0036,0.9150059819221497,False
0.05,B0036,0.9148058891296387,False
0.1,B0036,0.9147205352783203,False
0.2,B0036,0.9146057367324829,False
0.01,B0036,0.925616443157196,False
0.02,B0036,0.9256218075752258,False
0.05,B0036,0.925548255443573,False
0.1,B0036,0.9254409074783325,False
0.2,B0036,0.9252859354019165,False
0.01,B0036,0.9174124002456665,False
0.02,B0036,0.9174511432647705,False
0.05,B0036,0.9172707796096802,False
0.1,B0036,0.9204723834991455,False
0.2,B0036,0.9150049686431885,False
0.01,B0036,0.6999421715736389,True
0.02,B0036,0.7000731229782104,True
0.05,B0036,0.6996760964393616,True
0.1,B0036,0.700316309928894,True
0.2,B0036,0.6998488903045654,True
0.01,B0036,0.5847756862640381,True
0.02,B0036,0.5851349234580994,True
0.05,B0036,0.5797663927078247,True
0.1,B0036,0.5845573544502258,True
0.2,B0036,0.5784479379653931,True
0.01,B0036,0.7594211101531982,True
0.02,B0036,0.759479820728302,True
0.05,B0036,0.7589532732963562,True
0.1,B0036,0.7589333057403564,True
0.2,B0036,0.7580193281173706,True
0.01,B0036,0.8964490294456482,False
0.02,B0036,0.8964482545852661,False
0.05,B0036,0.8964129686355591,False
0.1,B0036,0.8961697220802307,False
0.2,B0036,0.8965353965759277,False
0.01,B0036,0.9169478416442871,False
0.02,B0036,0.917016327381134,False
0.05,B0036,0.917052149772644,False
0.1,B0036,0.9168103933334351,False
0.2,B0036,0.9168789386749268,False
0.01,B0036,0.8840854167938232,False
0.02,B0036,0.8839049339294434,False
0.05,B0036,0.8837897181510925,False
0.1,B0036,0.8836176991462708,False
0.2,B0036,0.8825923204421997,False
0.01,B0036,0.015579297207295895,True
0.02,B0036,0.015713457018136978,True
0.05,B0036,0.015670619904994965,True
0.1,B0036,0.015907417982816696,True
0.2,B0036,0.01597757451236248,True
0.01,B0036,0.7230894565582275,True
0.02,B0036,0.7228724360466003,True
0.05,B0036,0.7233531475067139,True
0.1,B0036,0.722594678401947,True
0.2,B0036,0.7296482920646667,True
0.01,B0036,0.8376238346099854,True
0.02,B0036,0.8374289274215698,True
0.05,B0036,0.8376370668411255,True
0.1,B0036,0.8376614451408386,True
0.2,B0036,0.8374693393707275,True
0.01,B0036,0.8614910840988159,False
0.02,B0036,0.8612771034240723,False
0.05,B0036,0.8614145517349243,False
0.1,B0036,0.8611158132553101,False
0.2,B0036,0.8509145379066467,False
0.01,B0036,0.8745861649513245,False
0.02,B0036,0.8745808601379395,False
0.05,B0036,0.8746278882026672,False
0.1,B0036,0.8756186962127686,False
0.2,B0036,0.8748443126678467,False
0.01,B0036,0.876267671585083,False
0.02,B0036,0.8764903545379639,False
0.05,B0036,0.8761577010154724,False
0.1,B0036,0.8756012916564941,False
0.2,B0036,0.8749517202377319,False
0.01,B0036,0.877868115901947,False
0.02,B0036,0.8778485059738159,False
0.05,B0036,0.8779357671737671,False
0.1,B0036,0.8785957098007202,False
0.2,B0036,0.8776943683624268,False
0.01,B0036,0.8849582672119141,False
0.02,B0036,0.8847579956054688,False
0.05,B0036,0.8851120471954346,False
0.1,B0036,0.8847931623458862,False
0.2,B0036,0.8824710845947266,False
0.01,B0036,0.8879105448722839,False
0.02,B0036,0.8878000974655151,False
0.05,B0036,0.8877187967300415,False
0.1,B0036,0.8876565098762512,False
0.2,B0036,0.8877835869789124,False
0.01,B0036,0.8903668522834778,False
0.02,B0036,0.8902547955513,False
0.05,B0036,0.8903915882110596,False
0.1,B0036,0.8888484835624695,False
0.2,B0036,0.8862591981887817,False
0.01,B0036,0.8952094316482544,False
0.02,B0036,0.8954760432243347,False
0.05,B0036,0.8953421115875244,False
0.1,B0036,0.8946114778518677,False
0.2,B0036,0.8954086303710938,False
0.01,B0036,0.8816267251968384,False
0.02,B0036,0.8816179633140564,False
0.05,B0036,0.8815792798995972,False
0.1,B0036,0.8809614181518555,False
0.2,B0036,0.8805452585220337,False
0.01,B0036,0.8811493515968323,False
0.02,B0036,0.8810946941375732,False
0.05,B0036,0.8810540437698364,False
0.1,B0036,0.881537914276123,False
0.2,B0036,0.8790610432624817,False
0.01,B0036,0.8884191513061523,False
0.02,B0036,0.8884118795394897,False
0.05,B0036,0.8882412910461426,False
0.1,B0036,0.8869828581809998,False
0.2,B0036,0.8830869793891907,False
0.01,B0036,0.8907575607299805,False
0.02,B0036,0.8908151984214783,False
0.05,B0036,0.8908271789550781,False
0.1,B0036,0.8894790410995483,False
0.2,B0036,0.8888562917709351,False
0.01,B0036,0.8949397802352905,False
0.02,B0036,0.8947813510894775,False
0.05,B0036,0.8949578404426575,False
0.1,B0036,0.8954340219497681,False
0.2,B0036,0.8939648866653442,False
0.01,B0036,0.724323034286499,True
0.02,B0036,0.7244393825531006,True
0.05,B0036,0.7242653369903564,True
0.1,B0036,0.7240450382232666,True
0.2,B0036,0.7230900526046753,True
0.01,B0036,0.5506961345672607,True
0.02,B0036,0.5505934953689575,True
0.05,B0036,0.5501921772956848,True
0.1,B0036,0.5497311949729919,True
0.2,B0036,0.5493150949478149,True
0.01,B0036,0.6639952659606934,True
0.02,B0036,0.6641221642494202,True
0.05,B0036,0.6637799739837646,True
0.1,B0036,0.6636627912521362,True
0.2,B0036,0.6629847288131714,True
0.01,B0036,0.8242250680923462,True
0.02,B0036,0.8243261575698853,True
0.05,B0036,0.8242294788360596,True
0.1,B0036,0.8238368034362793,True
0.2,B0036,0.8242622017860413,True
0.01,B0036,0.8672398924827576,False
0.02,B0036,0.8671970367431641,False
0.05,B0036,0.8655643463134766,False
0.1,B0036,0.868108868598938,False
0.2,B0036,0.8668126463890076,False
0.01,B0036,0.7857397198677063,True
0.02,B0036,0.7858198881149292,True
0.05,B0036,0.7855345010757446,True
0.1,B0036,0.7850289344787598,True
0.2,B0036,0.7842852473258972,True
0.01,B0036,0.6081134676933289,True
0.02,B0036,0.6083661317825317,True
0.05,B0036,0.6139916777610779,True
0.1,B0036,0.6076451539993286,True
0.2,B0036,0.6019890308380127,True
0.01,B0036,0.7808927297592163,True
0.02,B0036,0.7809430360794067,True
0.05,B0036,0.7808398604393005,True
0.1,B0036,0.7811394929885864,True
0.2,B0036,0.7787157893180847,True
0.01,B0036,0.8440819382667542,True
0.02,B0036,0.8440108299255371,True
0.05,B0036,0.8444768190383911,True
0.1,B0036,0.8437966108322144,True
0.2,B0036,0.8404902219772339,True
0.01,B0036,0.8775683641433716,False
0.02,B0036,0.8773849010467529,False
0.05,B0036,0.8773253560066223,False
0.1,B0036,0.8766707181930542,False
0.2,B0036,0.8748836517333984,False
0.01,B0036,0.9069454669952393,False
0.02,B0036,0.9071446061134338,False
0.05,B0036,0.9070539474487305,False
0.1,B0036,0.9064136147499084,False
0.2,B0036,0.9088860154151917,False
0.01,B0036,0.7324718832969666,True
0.02,B0036,0.7324053645133972,True
0.05,B0036,0.732776939868927,True
0.1,B0036,0.7345845699310303,True
0.2,B0036,0.732447624206543,True
0.01,B0036,0.6175076365470886,True
0.02,B0036,0.6177362203598022,True
0.05,B0036,0.6174787282943726,True
0.1,B0036,0.6177396774291992,True
0.2,B0036,0.5903022289276123,True
0.01,B0036,0.7859829664230347,True
0.02,B0036,0.7859703302383423,True
0.05,B0036,0.7829362154006958,True
0.1,B0036,0.7853769063949585,True
0.2,B0036,0.7824704647064209,True
0.01,B0036,0.8758347034454346,False
0.02,B0036,0.8760473132133484,False
0.05,B0036,0.8758184313774109,False
0.1,B0036,0.8756918907165527,False
0.2,B0036,0.875069260597229,False
0.01,B0036,0.8905103206634521,False
0.02,B0036,0.8903815746307373,False
0.05,B0036,0.8904826045036316,False
0.1,B0036,0.8881897926330566,False
0.2,B0036,0.8887355923652649,False
0.01,B0036,0.8359379172325134,True
0.02,B0036,0.8360968828201294,True
0.05,B0036,0.836026668548584,True
0.1,B0036,0.8348857164382935,True
0.2,B0036,0.8378489017486572,True
0.01,B0036,0.712823748588562,True
0.02,B0036,0.7128270268440247,True
0.05,B0036,0.7134301662445068,True
0.1,B0036,0.7142351865768433,True
0.2,B0036,0.7092735767364502,True
0.01,B0036,0.4667159616947174,True
0.02,B0036,0.4665144085884094,True
0.05,B0036,0.4665318727493286,True
0.1,B0036,0.46661287546157837,True
0.2,B0036,0.4660237431526184,True
0.01,B0036,0.7277264595031738,True
0.02,B0036,0.7280586957931519,True
0.05,B0036,0.7283340692520142,True
0.1,B0036,0.7296240329742432,True
0.2,B0036,0.7275671362876892,True
0.01,B0036,0.8385319709777832,True
0.02,B0036,0.838650107383728,True
0.05,B0036,0.838545560836792,True
0.1,B0036,0.8383601903915405,True
0.2,B0036,0.8344308137893677,True
0.01,B0036,0.8820154666900635,False
0.02,B0036,0.8820244073867798,False
0.05,B0036,0.88232421875,False
0.1,B0036,0.8804101943969727,False
0.2,B0036,0.8793147802352905,False
0.01,B0036,0.8892781138420105,False
0.02,B0036,0.8892908692359924,False
0.05,B0036,0.8895784616470337,False
0.1,B0036,0.8898947238922119,False
0.2,B0036,0.8891208171844482,False
0.01,B0036,0.8882563710212708,False
0.02,B0036,0.8884161710739136,False
0.05,B0036,0.8883698582649231,False
0.1,B0036,0.8883278965950012,False
0.2,B0036,0.8700229525566101,False
0.01,B0036,0.8838800191879272,False
0.02,B0036,0.8837308287620544,False
0.05,B0036,0.8837566375732422,False
0.1,B0036,0.8835595846176147,False
0.2,B0036,0.8750194311141968,False
0.01,B0036,0.8972216844558716,False
0.02,B0036,0.897239625453949,False
0.05,B0036,0.8972383737564087,False
0.1,B0036,0.8975355625152588,False
0.2,B0036,0.8954697847366333,False
0.01,B0036,0.6616643667221069,True
0.02,B0036,0.6626057624816895,True
0.05,B0036,0.6631726026535034,True
0.1,B0036,0.6621477603912354,True
0.2,B0036,0.6737821698188782,True
0.01,B0036,0.5716485977172852,True
0.02,B0036,0.571617066860199,True
0.05,B0036,0.5719399452209473,True
0.1,B0036,0.5741750001907349,True
0.2,B0036,0.5790212154388428,True
0.01,B0036,0.737777829170227,True
0.02,B0036,0.7377592325210571,True
0.05,B0036,0.73766028881073,True
0.1,B0036,0.732203483581543,True
0.2,B0036,0.7123035788536072,True
0.01,B0036,0.8255840539932251,True
0.02,B0036,0.8255194425582886,True
0.05,B0036,0.8251965045928955,True
0.1,B0036,0.8145406246185303,True
0.2,B0036,0.8249194622039795,True
0.01,B0036,0.8512589335441589,False
0.02,B0036,0.8512091636657715,False
0.05,B0036,0.8511507511138916,False
0.1,B0036,0.8426294326782227,True
0.2,B0036,0.8504291772842407,False
0.01,B0036,0.7732049822807312,True
0.02,B0036,0.7734895348548889,True
0.05,B0036,0.7772586941719055,True
0.1,B0036,0.774784505367279,True
0.2,B0036,0.7689156532287598,True
0.01,B0036,0.5992723703384399,True
0.02,B0036,0.5992706418037415,True
0.05,B0036,0.5996984243392944,True
0.1,B0036,0.6014636754989624,True
0.2,B0036,0.5975273847579956,True
0.01,B0036,0.7767610549926758,True
0.02,B0036,0.7770090699195862,True
0.05,B0036,0.7768897414207458,True
0.1,B0036,0.7630080580711365,True
0.2,B0036,0.7755523324012756,True
0.01,B0036,0.8833690881729126,False
0.02,B0036,0.8833408355712891,False
0.05,B0036,0.8834385871887207,False
0.1,B0036,0.882722020149231,False
0.2,B0036,0.8798114657402039,False
0.01,B0036,0.905537486076355,False
0.02,B0036,0.9056635499000549,False
0.05,B0036,0.9056172966957092,False
0.1,B0036,0.9049317240715027,False
0.2,B0036,0.9041123390197754,False
0.01,B0036,0.8940462470054626,False
0.02,B0036,0.8941109776496887,False
0.05,B0036,0.8941876888275146,False
0.1,B0036,0.8935471773147583,False
0.2,B0036,0.8938191533088684,False
0.01,B0036,0.8206724524497986,True
0.02,B0036,0.8208140134811401,True
0.05,B0036,0.818083643913269,True
0.1,B0036,0.8124252557754517,True
0.2,B0036,0.8216959238052368,True
0.01,B0036,0.7620739936828613,True
0.02,B0036,0.7619283199310303,True
0.05,B0036,0.7619991898536682,True
0.1,B0036,0.7615904211997986,True
0.2,B0036,0.7615786790847778,True
0.01,B0036,0.7893995046615601,True
0.02,B0036,0.7892885208129883,True
0.05,B0036,0.7898766398429871,True
0.1,B0036,0.7909504771232605,True
0.2,B0036,0.7664698362350464,True
0.01,B0036,0.8888335824012756,False
0.02,B0036,0.8889073133468628,False
0.05,B0036,0.8888492584228516,False
0.1,B0036,0.8848379850387573,False
0.2,B0036,0.8846617937088013,False
0.01,B0036,0.9081091284751892,False
0.02,B0036,0.9080832600593567,False
0.05,B0036,0.9079618453979492,False
0.1,B0036,0.9075735807418823,False
0.2,B0036,0.9063868522644043,False
0.01,B0036,0.9205838441848755,False
0.02,B0036,0.920471727848053,False
0.05,B0036,0.9205183982849121,False
0.1,B0036,0.9205714464187622,False
0.2,B0036,0.9197629690170288,False
0.01,B0036,0.7979833483695984,True
0.02,B0036,0.7981892228126526,True
0.05,B0036,0.7979757785797119,True
0.1,B0036,0.7978107929229736,True
0.2,B0036,0.7971341013908386,True
0.01,B0036,0.7308739423751831,True
0.02,B0036,0.730922281742096,True
0.05,B0036,0.7306491136550903,True
0.1,B0036,0.7303473949432373,True
0.2,B0036,0.7296480536460876,True
0.01,B0036,0.8087571859359741,True
0.02,B0036,0.8089560270309448,True
0.05,B0036,0.8087990880012512,True
0.1,B0036,0.8043862581253052,True
0.2,B0036,0.814378023147583,True
0.01,B0036,0.8900978565216064,False
0.02,B0036,0.8901511430740356,False
0.05,B0036,0.889808714389801,False
0.1,B0036,0.8908379077911377,False
0.2,B0036,0.8892104029655457,False
0.01,B0036,0.7023249864578247,True
0.02,B0036,0.7019227743148804,True
0.05,B0036,0.7027072906494141,True
0.1,B0036,0.7016588449478149,True
0.2,B0036,0.7012801170349121,True
0.01,B0036,0.8926128149032593,False
0.02,B0036,0.8924225568771362,False
0.05,B0036,0.892431378364563,False
0.1,B0036,0.8915843367576599,False
0.2,B0036,0.8921351432800293,False
0.01,B0036,0.9067321419715881,False
0.02,B0036,0.9068427681922913,False
0.05,B0036,0.9067970514297485,False
0.1,B0036,0.9073584079742432,False
0.2,B0036,0.9066493511199951,False
0.01,B0036,0.9133586883544922,False
0.02,B0036,0.9132001399993896,False
0.05,B0036,0.9131324291229248,False
0.1,B0036,0.912651777267456,False
0.2,B0036,0.9132028818130493,False
0.01,B0036,0.9178341627120972,False
0.02,B0036,0.9176128506660461,False
0.05,B0036,0.9181262850761414,False
0.1,B0036,0.9178357720375061,False
0.2,B0036,0.9058265686035156,False
0.01,B0036,0.903802752494812,False
0.02,B0036,0.9037684798240662,False
0.05,B0036,0.9034509658813477,False
0.1,B0036,0.9035587310791016,False
0.2,B0036,0.9034926891326904,False
0.01,B0036,0.9141403436660767,False
0.02,B0036,0.9140377044677734,False
0.05,B0036,0.9141215085983276,False
0.1,B0036,0.9144914150238037,False
0.2,B0036,0.9126449823379517,False
0.01,B0036,0.9170663356781006,False
0.02,B0036,0.9170687198638916,False
0.05,B0036,0.9172841310501099,False
0.1,B0036,0.9172654151916504,False
0.2,B0036,0.9070137143135071,False
0.01,B0036,0.9189962148666382,False
0.02,B0036,0.9188936352729797,False
0.05,B0036,0.9190539121627808,False
0.1,B0036,0.9187248945236206,False
0.2,B0036,0.9184417128562927,False
0.01,B0036,0.9229801297187805,False
0.02,B0036,0.9230480790138245,False
0.05,B0036,0.9232420921325684,False
0.1,B0036,0.9231346845626831,False
0.2,B0036,0.9240935444831848,False
0.01,B0036,0.920881986618042,False
0.02,B0036,0.9209293127059937,False
0.05,B0036,0.9208775758743286,False
0.1,B0036,0.920446515083313,False
0.2,B0036,0.9204650521278381,False
0.01,B0036,0.9231843948364258,False
0.02,B0036,0.923201322555542,False
0.05,B0036,0.9231731295585632,False
0.1,B0036,0.9201276898384094,False
0.2,B0036,0.921912670135498,False
0.01,B0036,0.9270894527435303,False
0.02,B0036,0.9270156621932983,False
0.05,B0036,0.9271271228790283,False
0.1,B0036,0.9270554780960083,False
0.2,B0036,0.9262596964836121,False
0.01,B0036,0.928814172744751,False
0.02,B0036,0.9288688898086548,False
0.05,B0036,0.9287955164909363,False
0.1,B0036,0.9286231994628906,False
0.2,B0036,0.9283616542816162,False
0.01,B0036,0.9265916347503662,False
0.02,B0036,0.9266165494918823,False
0.05,B0036,0.9264430999755859,False
0.1,B0036,0.9265990257263184,False
0.2,B0036,0.9266612529754639,False
0.01,B0036,0.9270980954170227,False
0.02,B0036,0.9271361827850342,False
0.05,B0036,0.9271480441093445,False
0.1,B0036,0.925743043422699,False
0.2,B0036,0.9249504804611206,False
0.01,B0036,0.5992625951766968,True
0.02,B0036,0.5998601913452148,True
0.05,B0036,0.5995304584503174,True
0.1,B0036,0.6008608937263489,True
0.2,B0036,0.5984100699424744,True
0.01,B0036,0.6419593691825867,True
0.02,B0036,0.6418380737304688,True
0.05,B0036,0.6426358222961426,True
0.1,B0036,0.6441230773925781,True
0.2,B0036,0.6414089202880859,True
0.01,B0036,0.8007649779319763,True
0.02,B0036,0.8007107973098755,True
0.05,B0036,0.800744891166687,True
0.1,B0036,0.8003636002540588,True
0.2,B0036,0.8000164031982422,True
0.01,B0036,0.882861852645874,False
0.02,B0036,0.8827787637710571,False
0.05,B0036,0.882797360420227,False
0.1,B0036,0.8806031942367554,False
0.2,B0036,0.8817281723022461,False
0.01,B0036,0.8980458974838257,False
0.02,B0036,0.8978385925292969,False
0.05,B0036,0.8982427716255188,False
0.1,B0036,0.8977899551391602,False
0.2,B0036,0.8980491161346436,False
0.01,B0045,0.9994140863418579,False
0.02,B0045,0.99941486120224,False
0.05,B0045,0.999405026435852,False
0.1,B0045,0.9996294975280762,False
0.2,B0045,0.9994020462036133,False
0.01,B0045,0.9995286464691162,False
0.02,B0045,0.9995267391204834,False
0.05,B0045,0.9995934963226318,False
0.1,B0045,0.9995379447937012,False
0.2,B0045,0.9993246793746948,False
0.01,B0045,0.9999573230743408,False
0.02,B0045,0.9999594688415527,False
0.05,B0045,0.9999505877494812,False
0.1,B0045,0.9999690055847168,False
0.2,B0045,0.9999386072158813,False
0.01,B0045,0.9995596408843994,False
0.02,B0045,0.9995753169059753,False
0.05,B0045,0.9993273019790649,False
0.1,B0045,0.9993255138397217,False
0.2,B0045,0.9984769821166992,False
0.01,B0045,0.9994117617607117,False
0.02,B0045,0.9994114637374878,False
0.05,B0045,0.9962619543075562,False
0.1,B0045,0.9991930723190308,False
0.2,B0045,0.9993726015090942,False
0.01,B0045,0.9988467693328857,False
0.02,B0045,0.9989789724349976,False
0.05,B0045,0.9989796280860901,False
0.1,B0045,0.9985401630401611,False
0.2,B0045,0.9987335205078125,False
0.01,B0045,0.9983476400375366,False
0.02,B0045,0.9984155297279358,False
0.05,B0045,0.9983143210411072,False
0.1,B0045,0.9984278082847595,False
0.2,B0045,0.9982548356056213,False
0.01,B0045,0.9989283680915833,False
0.02,B0045,0.9989542961120605,False
0.05,B0045,0.99909508228302,False
0.1,B0045,0.9979580640792847,False
0.2,B0045,0.9990947246551514,False
0.01,B0045,0.9984377026557922,False
0.02,B0045,0.9984374642372131,False
0.05,B0045,0.9984306693077087,False
0.1,B0045,0.997981071472168,False
0.2,B0045,0.9981098175048828,False
0.01,B0045,0.9985387921333313,False
0.02,B0045,0.9985379576683044,False
0.05,B0045,0.9985479116439819,False
0.1,B0045,0.9985283613204956,False
0.2,B0045,0.9985929727554321,False
0.01,B0045,0.9980617761611938,False
0.02,B0045,0.9980646967887878,False
0.05,B0045,0.9980541467666626,False
0.1,B0045,0.9980442523956299,False
0.2,B0045,0.9866952896118164,False
0.01,B0045,0.9979599714279175,False
0.02,B0045,0.997954249382019,False
0.05,B0045,0.9979239702224731,False
0.1,B0045,0.9979397654533386,False
0.2,B0045,0.9975504279136658,False
0.01,B0045,0.997805118560791,False
0.02,B0045,0.9978106617927551,False
0.05,B0045,0.997577428817749,False
0.1,B0045,0.9977903366088867,False
0.2,B0045,0.976434588432312,False
0.01,B0045,0.9985466003417969,False
0.02,B0045,0.9985915422439575,False
0.05,B0045,0.9985988140106201,False
0.1,B0045,0.9985149502754211,False
0.2,B0045,0.9892110228538513,False
0.01,B0045,0.9984247088432312,False
0.02,B0045,0.9983922839164734,False
0.05,B0045,0.998444676399231,False
0.1,B0045,0.9962818622589111,False
0.2,B0045,0.9981416463851929,False
0.01,B0045,0.9978691339492798,False
0.02,B0045,0.9978774785995483,False
0.05,B0045,0.9978403449058533,False
0.1,B0045,0.9967694282531738,False
0.2,B0045,0.9754797220230103,False
0.01,B0045,0.9977357387542725,False
0.02,B0045,0.9977796077728271,False
0.05,B0045,0.9977744817733765,False
0.1,B0045,0.9965850114822388,False
0.2,B0045,0.9787389636039734,False
0.01,B0045,0.9977560639381409,False
0.02,B0045,0.997731626033783,False
0.05,B0045,0.9977514147758484,False
0.1,B0045,0.9977167248725891,False
0.2,B0045,0.9978567957878113,False
0.01,B0045,0.9970101714134216,False
0.02,B0045,0.9970128536224365,False
0.05,B0045,0.9970207810401917,False
0.1,B0045,0.996635913848877,False
0.2,B0045,0.9962932467460632,False
0.01,B0045,0.7738555669784546,True
0.02,B0045,0.7739769220352173,True
0.05,B0045,0.7737728953361511,True
0.1,B0045,0.7740504741668701,True
0.2,B0045,0.7744377255439758,True
0.01,B0045,0.9956270456314087,False
0.02,B0045,0.9956185817718506,False
0.05,B0045,0.9956182837486267,False
0.1,B0045,0.995530366897583,False
0.2,B0045,0.9955565929412842,False
0.01,B0045,0.9970364570617676,False
0.02,B0045,0.9969632625579834,False
0.05,B0045,0.996970534324646,False
0.1,B0045,0.9967930912971497,False
0.2,B0045,0.997024655342102,False
0.01,B0045,0.9967767000198364,False
0.02,B0045,0.996819794178009,False
0.05,B0045,0.9968642592430115,False
0.1,B0045,0.9963487386703491,False
0.2,B0045,0.9966225624084473,False
0.01,B0045,0.996466338634491,False
0.02,B0045,0.9964513778686523,False
0.05,B0045,0.9964418411254883,False
0.1,B0045,0.9965125322341919,False
0.2,B0045,0.9963775873184204,False
0.01,B0045,0.9972099661827087,False
0.02,B0045,0.9972135424613953,False
0.05,B0045,0.9964773654937744,False
0.1,B0045,0.9962084293365479,False
0.2,B0045,0.9972466230392456,False
0.01,B0045,0.9971232414245605,False
0.02,B0045,0.9970971345901489,False
0.05,B0045,0.997094988822937,False
0.1,B0045,0.9970697164535522,False
0.2,B0045,0.9972442984580994,False
0.01,B0045,0.9973328113555908,False
0.02,B0045,0.9973341226577759,False
0.05,B0045,0.9973374605178833,False
0.1,B0045,0.9972387552261353,False
0.2,B0045,0.9919243454933167,False
0.01,B0045,0.9973989725112915,False
0.02,B0045,0.997409999370575,False
0.05,B0045,0.9966291189193726,False
0.1,B0045,0.9972944855690002,False
0.2,B0045,0.9915803670883179,False
0.01,B0045,0.9968721866607666,False
0.02,B0045,0.996871829032898,False
0.05,B0045,0.996849536895752,False
0.1,B0045,0.9968603253364563,False
0.2,B0045,0.9960564970970154,False
0.01,B0045,0.9966872930526733,False
0.02,B0045,0.9967218041419983,False
0.05,B0045,0.9964046478271484,False
0.1,B0045,0.9966620802879333,False
0.2,B0045,0.9961686730384827,False
0.01,B0045,0.996662437915802,False
0.02,B0045,0.9965963959693909,False
0.05,B0045,0.996505856513977,False
0.1,B0045,0.9971387386322021,False
0.2,B0045,0.9965540170669556,False
0.01,B0045,0.9975352883338928,False
0.02,B0045,0.997564435005188,False
0.05,B0045,0.9975581169128418,False
0.1,B0045,0.9966334104537964,False
0.2,B0045,0.9977132081985474,False
0.01,B0045,0.9970722794532776,False
0.02,B0045,0.9970722794532776,False
0.05,B0045,0.9968538284301758,False
0.1,B0045,0.9968819618225098,False
0.2,B0045,0.9974639415740967,False
0.01,B0045,0.9938925504684448,False
0.02,B0045,0.993932843208313,False
0.05,B0045,0.9940022230148315,False
0.1,B0045,0.9931613206863403,False
0.2,B0045,0.9928601980209351,False
0.01,B0045,0.9973087906837463,False
0.02,B0045,0.9973010420799255,False
0.05,B0045,0.9973438382148743,False
0.1,B0045,0.9973838329315186,False
0.2,B0045,0.9970651865005493,False
0.01,B0045,0.9971063733100891,False
0.02,B0045,0.9971221089363098,False
0.05,B0045,0.9969356656074524,False
0.1,B0045,0.9965822100639343,False
0.2,B0045,0.9963502287864685,False
0.01,B0045,0.9970434308052063,False
0.02,B0045,0.9969614744186401,False
0.05,B0045,0.9970242381095886,False
0.1,B0045,0.9970372915267944,False
0.2,B0045,0.9968533515930176,False
0.01,B0045,0.9970163106918335,False
0.02,B0045,0.997014045715332,False
0.05,B0045,0.9970702528953552,False
0.1,B0045,0.9968488812446594,False
0.2,B0045,0.996368408203125,False
0.01,B0045,0.9960787296295166,False
0.02,B0045,0.9960541129112244,False
0.05,B0045,0.9961937665939331,False
0.1,B0045,0.996177613735199,False
0.2,B0045,0.9819470047950745,False
0.01,B0045,0.9970253109931946,False
0.02,B0045,0.9970189332962036,False
0.05,B0045,0.9971097707748413,False
0.1,B0045,0.9969618916511536,False
0.2,B0045,0.9968439340591431,False
0.01,B0045,0.9958856701850891,False
0.02,B0045,0.995864748954773,False
0.05,B0045,0.9955176115036011,False
0.1,B0045,0.9960352182388306,False
0.2,B0045,0.9953687191009521,False
0.01,B0045,0.9965255260467529,False
0.02,B0045,0.9965407848358154,False
0.05,B0045,0.9965243935585022,False
0.1,B0045,0.9955790042877197,False
0.2,B0045,0.9963274002075195,False
0.01,B0045,0.9973018169403076,False
0.02,B0045,0.9972857236862183,False
0.05,B0045,0.9973020553588867,False
0.1,B0045,0.9970479011535645,False
0.2,B0045,0.9813898205757141,False
0.01,B0045,0.9968482255935669,False
0.02,B0045,0.9968589544296265,False
0.05,B0045,0.9968411922454834,False
0.1,B0045,0.9969696998596191,False
0.2,B0045,0.9968656301498413,False
0.01,B0045,0.9952167272567749,False
0.02,B0045,0.9952602386474609,False
0.05,B0045,0.9950433969497681,False
0.1,B0045,0.995378315448761,False
0.2,B0045,0.9929459095001221,False
0.01,B0045,0.9968308806419373,False
0.02,B0045,0.9968487024307251,False
0.05,B0045,0.9976240396499634,False
0.1,B0045,0.9967606067657471,False
0.2,B0045,0.9967338442802429,False
0.01,B0045,0.9956586360931396,False
0.02,B0045,0.9956849813461304,False
0.05,B0045,0.995812177658081,False
0.1,B0045,0.9956501722335815,False
0.2,B0045,0.9955862760543823,False
0.01,B0045,0.9960281252861023,False
0.02,B0045,0.9958972930908203,False
0.05,B0045,0.996026337146759,False
0.1,B0045,0.9951417446136475,False
0.2,B0045,0.9958707094192505,False
0.01,B0045,0.9963998794555664,False
0.02,B0045,0.9964131712913513,False
0.05,B0045,0.9962135553359985,False
0.1,B0045,0.9962641000747681,False
0.2,B0045,0.9971491098403931,False
0.01,B0045,0.9942900538444519,False
0.02,B0045,0.9942667484283447,False
0.05,B0045,0.993869423866272,False
0.1,B0045,0.9941803216934204,False
0.2,B0045,0.9936223030090332,False
0.01,B0045,0.9956560134887695,False
0.02,B0045,0.9956035017967224,False
0.05,B0045,0.9954887628555298,False
0.1,B0045,0.9947972297668457,False
0.2,B0045,0.9821416735649109,False
0.01,B0045,0.9941834211349487,False
0.02,B0045,0.9942615032196045,False
0.05,B0045,0.994140088558197,False
0.1,B0045,0.99419105052948,False
0.2,B0045,0.992347240447998,False
0.01,B0045,0.9966851472854614,False
0.02,B0045,0.9967132210731506,False
0.05,B0045,0.9964684247970581,False
0.1,B0045,0.9966187477111816,False
0.2,B0045,0.9964112043380737,False
0.01,B0045,0.9890099763870239,False
0.02,B0045,0.9889978170394897,False
0.05,B0045,0.9888119697570801,False
0.1,B0045,0.9889119863510132,False
0.2,B0045,0.9837702512741089,False
0.01,B0045,0.9912738800048828,False
0.02,B0045,0.9912808537483215,False
0.05,B0045,0.9913235902786255,False
0.1,B0045,0.9900924563407898,False
0.2,B0045,0.9903549551963806,False
0.01,B0045,0.9932270646095276,False
0.02,B0045,0.993009090423584,False
0.05,B0045,0.9927731156349182,False
0.1,B0045,0.9930893182754517,False
0.2,B0045,0.9927562475204468,False
0.01,B0045,0.9932581782341003,False
0.02,B0045,0.993133544921875,False
0.05,B0045,0.9930219650268555,False
0.1,B0045,0.9920607805252075,False
0.2,B0045,0.987602174282074,False
0.01,B0045,0.9931406378746033,False
0.02,B0045,0.9932916164398193,False
0.05,B0045,0.9932926893234253,False
0.1,B0045,0.9932789206504822,False
0.2,B0045,0.993151068687439,False
0.01,B0045,0.9950853586196899,False
0.02,B0045,0.99506014585495,False
0.05,B0045,0.994912326335907,False
0.1,B0045,0.9947894811630249,False
0.2,B0045,0.9947813749313354,False
0.01,B0045,0.9927549958229065,False
0.02,B0045,0.9928626418113708,False
0.05,B0045,0.9928829669952393,False
0.1,B0045,0.9925563335418701,False
0.2,B0045,0.9926251173019409,False
0.01,B0045,0.9909355640411377,False
0.02,B0045,0.9919309616088867,False
0.05,B0045,0.9909254312515259,False
0.1,B0045,0.9903775453567505,False
0.2,B0045,0.9826104640960693,False
0.01,B0045,0.9912683367729187,False
0.02,B0045,0.9912726879119873,False
0.05,B0045,0.9912789463996887,False
0.1,B0045,0.9911495447158813,False
0.2,B0045,0.9873522520065308,False
0.01,B0045,0.9946736097335815,False
0.02,B0045,0.9947143197059631,False
0.05,B0045,0.9942777156829834,False
0.1,B0045,0.994705080986023,False
0.2,B0045,0.9896948337554932,False
0.01,B0045,0.9925832748413086,False
0.02,B0045,0.9925956726074219,False
0.05,B0045,0.9925389289855957,False
0.1,B0045,0.9912921190261841,False
0.2,B0045,0.9961082339286804,False
0.01,B0045,0.9941030144691467,False
0.02,B0045,0.9941563010215759,False
0.05,B0045,0.9937477111816406,False
0.1,B0045,0.9940884113311768,False
0.2,B0045,0.9940041899681091,False
0.01,B0045,0.786271870136261,True
0.02,B0045,0.7863682508468628,True
0.05,B0045,0.7864991426467896,True
0.1,B0045,0.7861816883087158,True
0.2,B0045,0.786151647567749,True
0.01,B0045,0.9879279136657715,False
0.02,B0045,0.987841010093689,False
0.05,B0045,0.98797208070755,False
0.1,B0045,0.987876832485199,False
0.2,B0045,0.9832731485366821,False
0.01,B0045,0.9916583299636841,False
0.02,B0045,0.991635262966156,False
0.05,B0045,0.9916582703590393,False
0.1,B0045,0.9916431903839111,False
0.2,B0045,0.9910550713539124,False
0.01,B0045,0.9915500283241272,False
0.02,B0045,0.9917726516723633,False
0.05,B0045,0.9916962385177612,False
0.1,B0045,0.9929654002189636,False
0.2,B0045,0.9949108362197876,False
0.01,B0045,0.9925552606582642,False
0.02,B0045,0.9925561547279358,False
0.05,B0045,0.9925022125244141,False
0.1,B0045,0.9924713969230652,False
0.2,B0045,0.9901336431503296,False
0.01,B0045,0.9916689395904541,False
0.02,B0045,0.9916879534721375,False
0.05,B0045,0.9913283586502075,False
0.1,B0045,0.9916503429412842,False
0.2,B0045,0.99153071641922,False
0.01,B0045,0.9911020398139954,False
0.02,B0045,0.9912952184677124,False
0.05,B0045,0.9940835237503052,False
0.1,B0045,0.9912667274475098,False
0.2,B0045,0.981351375579834,False
0.01,B0048,0.9997092485427856,False
0.02,B0048,0.9997031688690186,False
0.05,B0048,0.9997128248214722,False
0.1,B0048,0.9997087121009827,False
0.2,B0048,0.9996935129165649,False
0.01,B0048,0.9999377131462097,False
0.02,B0048,0.9999372363090515,False
0.05,B0048,0.9999377131462097,False
0.1,B0048,0.9992984533309937,False
0.2,B0048,0.9998193383216858,False
0.01,B0048,0.9999365210533142,False
0.02,B0048,0.9999347925186157,False
0.05,B0048,0.9999345541000366,False
0.1,B0048,0.9999381303787231,False
0.2,B0048,0.9998480677604675,False
0.01,B0048,0.9999800324440002,False
0.02,B0048,0.9999799728393555,False
0.05,B0048,0.999980628490448,False
0.1,B0048,0.9999786019325256,False
0.2,B0048,0.9998944997787476,False
0.01,B0048,0.9999873042106628,False
0.02,B0048,0.9999867677688599,False
0.05,B0048,0.9999868869781494,False
0.1,B0048,0.9999874234199524,False
0.2,B0048,0.9999208450317383,False
0.01,B0048,0.9999716877937317,False
0.02,B0048,0.9999698400497437,False
0.05,B0048,0.9999700784683228,False
0.1,B0048,0.9999606609344482,False
0.2,B0048,0.9986424446105957,False
0.01,B0048,0.9998186230659485,False
0.02,B0048,0.9998220801353455,False
0.05,B0048,0.9998201131820679,False
0.1,B0048,0.9998186826705933,False
0.2,B0048,0.9994592666625977,False
0.01,B0048,0.9999141693115234,False
0.02,B0048,0.9999141693115234,False
0.05,B0048,0.9999133348464966,False
0.1,B0048,0.9998960494995117,False
0.2,B0048,0.9999200701713562,False
0.01,B0048,0.9998723864555359,False
0.02,B0048,0.9999158382415771,False
0.05,B0048,0.9998730421066284,False
0.1,B0048,0.999877393245697,False
0.2,B0048,0.9996744990348816,False
0.01,B0048,0.9998408555984497,False
0.02,B0048,0.9998413920402527,False
0.05,B0048,0.9998399019241333,False
0.1,B0048,0.9998124837875366,False
0.2,B0048,0.9998399615287781,False
0.01,B0048,0.9998042583465576,False
0.02,B0048,0.9998041391372681,False
0.05,B0048,0.9998019337654114,False
0.1,B0048,0.9997770190238953,False
0.2,B0048,0.9998075366020203,False
0.01,B0048,0.9996243119239807,False
0.02,B0048,0.9996237754821777,False
0.05,B0048,0.9996230602264404,False
0.1,B0048,0.9996229410171509,False
0.2,B0048,0.999614953994751,False
0.01,B0048,0.9996469020843506,False
0.02,B0048,0.9996412396430969,False
0.05,B0048,0.999627947807312,False
0.1,B0048,0.9995471835136414,False
0.2,B0048,0.9996090531349182,False
0.01,B0048,0.9998219013214111,False
0.02,B0048,0.9998219013214111,False
0.05,B0048,0.9998014569282532,False
0.1,B0048,0.999820351600647,False
0.2,B0048,0.9998031258583069,False
0.01,B0048,0.999790608882904,False
0.02,B0048,0.9997786283493042,False
0.05,B0048,0.999789834022522,False
0.1,B0048,0.999799907207489,False
0.2,B0048,0.9997788667678833,False
0.01,B0048,0.9996986985206604,False
0.02,B0048,0.9996981620788574,False
0.05,B0048,0.999783992767334,False
0.1,B0048,0.9996923208236694,False
0.2,B0048,0.9996867179870605,False
0.01,B0048,0.9995215535163879,False
0.02,B0048,0.9995214343070984,False
0.05,B0048,0.9995191097259521,False
0.1,B0048,0.9995161890983582,False
0.2,B0048,0.9984258413314819,False
0.01,B0048,0.9994909763336182,False
0.02,B0048,0.9994986057281494,False
0.05,B0048,0.9994932413101196,False
0.1,B0048,0.9994978904724121,False
0.2,B0048,0.9945322871208191,False
0.01,B0048,0.9991706609725952,False
0.02,B0048,0.99920254945755,False
0.05,B0048,0.9991954565048218,False
0.1,B0048,0.9992056488990784,False
0.2,B0048,0.9956860542297363,False
0.01,B0048,0.9918093681335449,False
0.02,B0048,0.991809070110321,False
0.05,B0048,0.9918203353881836,False
0.1,B0048,0.9918149709701538,False
0.2,B0048,0.9918185472488403,False
0.01,B0048,0.9983128309249878,False
0.02,B0048,0.998272180557251,False
0.05,B0048,0.9982782006263733,False
0.1,B0048,0.9983081221580505,False
0.2,B0048,0.9983342289924622,False
0.01,B0048,0.999099850654602,False
0.02,B0048,0.9990956783294678,False
0.05,B0048,0.9991008043289185,False
0.1,B0048,0.9990909695625305,False
0.2,B0048,0.9989500641822815,False
0.01,B0048,0.9989807605743408,False
0.02,B0048,0.9989760518074036,False
0.05,B0048,0.9989197254180908,False
0.1,B0048,0.9988573789596558,False
0.2,B0048,0.9989280104637146,False
0.01,B0048,0.9986779689788818,False
0.02,B0048,0.9987215995788574,False
0.05,B0048,0.9987210631370544,False
0.1,B0048,0.9986759424209595,False
0.2,B0048,0.9985586404800415,False
0.01,B0048,0.9986474514007568,False
0.02,B0048,0.9986720085144043,False
0.05,B0048,0.9986516237258911,False
0.1,B0048,0.99842369556427,False
0.2,B0048,0.9986106157302856,False
0.01,B0048,0.9984569549560547,False
0.02,B0048,0.9984946846961975,False
0.05,B0048,0.9984922409057617,False
0.1,B0048,0.9984887838363647,False
0.2,B0048,0.9985305666923523,False
0.01,B0048,0.9982621669769287,False
0.02,B0048,0.9982616305351257,False
0.05,B0048,0.9982592463493347,False
0.1,B0048,0.9982536435127258,False
0.2,B0048,0.9972660541534424,False
0.01,B0048,0.9978772401809692,False
0.02,B0048,0.9979000091552734,False
0.05,B0048,0.9979068040847778,False
0.1,B0048,0.9973646402359009,False
0.2,B0048,0.9964432716369629,False
0.01,B0048,0.9977883696556091,False
0.02,B0048,0.9977971911430359,False
0.05,B0048,0.9977920055389404,False
0.1,B0048,0.9976831674575806,False
0.2,B0048,0.9977959394454956,False
0.01,B0048,0.9978121519088745,False
0.02,B0048,0.9978166222572327,False
0.05,B0048,0.997933566570282,False
0.1,B0048,0.9978138208389282,False
0.2,B0048,0.9977797269821167,False
0.01,B0048,0.9978803992271423,False
0.02,B0048,0.9979003667831421,False
0.05,B0048,0.9979110360145569,False
0.1,B0048,0.9978924989700317,False
0.2,B0048,0.9961935877799988,False
0.01,B0048,0.9979159235954285,False
0.02,B0048,0.9979162216186523,False
0.05,B0048,0.9979106783866882,False
0.1,B0048,0.9979115724563599,False
0.2,B0048,0.9979296922683716,False
0.01,B0048,0.9971515536308289,False
0.02,B0048,0.9971421360969543,False
0.05,B0048,0.9970211982727051,False
0.1,B0048,0.9968177080154419,False
0.2,B0048,0.9971150159835815,False
0.01,B0048,0.9982506632804871,False
0.02,B0048,0.9982339143753052,False
0.05,B0048,0.9981412291526794,False
0.1,B0048,0.9982516765594482,False
0.2,B0048,0.9977105259895325,False
0.01,B0048,0.9985783100128174,False
0.02,B0048,0.9986079931259155,False
0.05,B0048,0.998601496219635,False
0.1,B0048,0.9991888999938965,False
0.2,B0048,0.998537540435791,False
0.01,B0048,0.9990016222000122,False
0.02,B0048,0.9989882707595825,False
0.05,B0048,0.9989983439445496,False
0.1,B0048,0.9988710284233093,False
0.2,B0048,0.9989752173423767,False
0.01,B0048,0.9987098574638367,False
0.02,B0048,0.9983712434768677,False
0.05,B0048,0.9983971118927002,False
0.1,B0048,0.9981546401977539,False
0.2,B0048,0.9978135824203491,False
0.01,B0048,0.9983829259872437,False
0.02,B0048,0.9983975291252136,False
0.05,B0048,0.998397946357727,False
0.1,B0048,0.9983834028244019,False
0.2,B0048,0.9966939687728882,False
0.01,B0048,0.9986440539360046,False
0.02,B0048,0.9986443519592285,False
0.05,B0048,0.9985306859016418,False
0.1,B0048,0.9986408352851868,False
0.2,B0048,0.9983905553817749,False
0.01,B0048,0.9979250431060791,False
0.02,B0048,0.9979257583618164,False
0.05,B0048,0.9974567294120789,False
0.1,B0048,0.9979485869407654,False
0.2,B0048,0.996248185634613,False
0.01,B0048,0.9977605938911438,False
0.02,B0048,0.9977582693099976,False
0.05,B0048,0.9977645874023438,False
0.1,B0048,0.99772047996521,False
0.2,B0048,0.9972111582756042,False
0.01,B0048,0.997624933719635,False
0.02,B0048,0.9976240396499634,False
0.05,B0048,0.9976300597190857,False
0.1,B0048,0.9973279237747192,False
0.2,B0048,0.9969958066940308,False
0.01,B0048,0.9974215030670166,False
0.02,B0048,0.9974120855331421,False
0.05,B0048,0.9973969459533691,False
0.1,B0048,0.9974145889282227,False
0.2,B0048,0.9972454309463501,False
0.01,B0048,0.9972633123397827,False
0.02,B0048,0.9972971677780151,False
0.05,B0048,0.9972923994064331,False
0.1,B0048,0.9973018169403076,False
0.2,B0048,0.997201681137085,False
0.01,B0048,0.9974891543388367,False
0.02,B0048,0.9974788427352905,False
0.05,B0048,0.9974308013916016,False
0.1,B0048,0.9974732995033264,False
0.2,B0048,0.9971464276313782,False
0.01,B0048,0.9977729320526123,False
0.02,B0048,0.9977613687515259,False
0.05,B0048,0.9976183772087097,False
0.1,B0048,0.9977883100509644,False
0.2,B0048,0.997833251953125,False
0.01,B0048,0.9970234632492065,False
0.02,B0048,0.9970302581787109,False
0.05,B0048,0.9970029592514038,False
0.1,B0048,0.9970118999481201,False
0.2,B0048,0.997015655040741,False
0.01,B0048,0.9970526695251465,False
0.02,B0048,0.9970462322235107,False
0.05,B0048,0.9969799518585205,False
0.1,B0048,0.9966081380844116,False
0.2,B0048,0.9970564842224121,False
0.01,B0048,0.9969822764396667,False
0.02,B0048,0.9969631433486938,False
0.05,B0048,0.9969580769538879,False
0.1,B0048,0.9969851970672607,False
0.2,B0048,0.9954285621643066,False
0.01,B0048,0.9965139031410217,False
0.02,B0048,0.9965381622314453,False
0.05,B0048,0.9963935613632202,False
0.1,B0048,0.9964942932128906,False
0.2,B0048,0.9957605600357056,False
0.01,B0048,0.9972921013832092,False
0.02,B0048,0.9972823262214661,False
0.05,B0048,0.9972959756851196,False
0.1,B0048,0.9972386956214905,False
0.2,B0048,0.9971494674682617,False
0.01,B0048,0.9965207576751709,False
0.02,B0048,0.9965012669563293,False
0.05,B0048,0.9964460134506226,False
0.1,B0048,0.9965420365333557,False
0.2,B0048,0.9943860769271851,False
0.01,B0048,0.9974468946456909,False
0.02,B0048,0.997429609298706,False
0.05,B0048,0.9973829388618469,False
0.1,B0048,0.9974437952041626,False
0.2,B0048,0.9974426031112671,False
0.01,B0048,0.9976589679718018,False
0.02,B0048,0.9976502656936646,False
0.05,B0048,0.9977027177810669,False
0.1,B0048,0.9976968765258789,False
0.2,B0048,0.9976539611816406,False
0.01,B0048,0.9975720643997192,False
0.02,B0048,0.997576892375946,False
0.05,B0048,0.9975860714912415,False
0.1,B0048,0.9975721836090088,False
0.2,B0048,0.9952345490455627,False
0.01,B0048,0.9980349540710449,False
0.02,B0048,0.9980398416519165,False
0.05,B0048,0.998044490814209,False
0.1,B0048,0.9980232119560242,False
0.2,B0048,0.9980396032333374,False
0.01,B0048,0.9985395669937134,False
0.02,B0048,0.9985410571098328,False
0.05,B0048,0.9985451698303223,False
0.1,B0048,0.9985355138778687,False
0.2,B0048,0.9985120296478271,False
0.01,B0048,0.9984474182128906,False
0.02,B0048,0.9984481334686279,False
0.05,B0048,0.9984352588653564,False
0.1,B0048,0.998340368270874,False
0.2,B0048,0.9984319806098938,False
0.01,B0048,0.9981183409690857,False
0.02,B0048,0.9981189966201782,False
0.05,B0048,0.9981127381324768,False
0.1,B0048,0.9981171488761902,False
0.2,B0048,0.9980965852737427,False
0.01,B0048,0.9980400800704956,False
0.02,B0048,0.9980326890945435,False
0.05,B0048,0.9980564117431641,False
0.1,B0048,0.998035728931427,False
0.2,B0048,0.9979789853096008,False
0.01,B0048,0.9975492358207703,False
0.02,B0048,0.9975478053092957,False
0.05,B0048,0.9975481629371643,False
0.1,B0048,0.9974945783615112,False
0.2,B0048,0.9975101947784424,False
0.01,B0048,0.9976806640625,False
0.02,B0048,0.9976743459701538,False
0.05,B0048,0.9976840615272522,False
0.1,B0048,0.9976388812065125,False
0.2,B0048,0.9974445700645447,False
0.01,B0048,0.9973927736282349,False
0.02,B0048,0.9973828792572021,False
0.05,B0048,0.9973797798156738,False
0.1,B0048,0.9973933696746826,False
0.2,B0048,0.9966580867767334,False
0.01,B0048,0.9976369142532349,False
0.02,B0048,0.9976353049278259,False
0.05,B0048,0.9976320266723633,False
0.1,B0048,0.9975360631942749,False
0.2,B0048,0.9975477457046509,False
0.01,B0048,0.9973620176315308,False
0.02,B0048,0.9973660111427307,False
0.05,B0048,0.9973599314689636,False
0.1,B0048,0.997357189655304,False
0.2,B0048,0.9974201917648315,False
0.01,B0048,0.9924010038375854,False
0.02,B0048,0.9924010038375854,False
0.05,B0048,0.9924032688140869,False
0.1,B0048,0.9923998117446899,False
0.2,B0048,0.9923855066299438,False
0.01,B0048,0.9980918169021606,False
0.02,B0048,0.9981332421302795,False
0.05,B0048,0.998073935508728,False
0.1,B0048,0.9991483688354492,False
0.2,B0048,0.9980297684669495,False
0.01,B0048,0.9986101388931274,False
0.02,B0048,0.9986065626144409,False
0.05,B0048,0.9986066818237305,False
0.1,B0048,0.9985663890838623,False
0.2,B0048,0.998641312122345,False
0.01,B0048,0.9984170794487,False
0.02,B0048,0.9984250068664551,False
0.05,B0048,0.9984058141708374,False
0.1,B0048,0.9983206987380981,False
0.2,B0048,0.9981182813644409,False
0.01,B0048,0.9980787634849548,False
0.02,B0048,0.9980689287185669,False
0.05,B0048,0.9980340600013733,False
0.1,B0048,0.9980832934379578,False
0.2,B0048,0.9980148673057556,False
0.01,B0048,0.9978629350662231,False
0.02,B0048,0.9978563785552979,False
0.05,B0048,0.9978517889976501,False
0.1,B0048,0.9978121519088745,False
0.2,B0048,0.9976240396499634,False
0.01,B0048,0.9981330037117004,False
0.02,B0048,0.9981395602226257,False
0.05,B0048,0.9981371164321899,False
0.1,B0048,0.9981180429458618,False
0.2,B0048,0.9980365633964539,False
0.01,B0050,0.9075256586074829,False
0.02,B0050,0.907503604888916,False
0.05,B0050,0.9073415994644165,False
0.1,B0050,0.9072481989860535,False
0.2,B0050,0.9042711853981018,False
0.01,B0050,0.9787448644638062,False
0.02,B0050,0.97874915599823,False
0.05,B0050,0.9787129759788513,False
0.1,B0050,0.9781022071838379,False
0.2,B0050,0.9785559177398682,False
0.01,B0050,0.9759966135025024,False
0.02,B0050,0.9760245084762573,False
0.05,B0050,0.9759029150009155,False
0.1,B0050,0.9756630063056946,False
0.2,B0050,0.9746665358543396,False
0.01,B0050,0.9726545214653015,False
0.02,B0050,0.9726234674453735,False
0.05,B0050,0.9728333950042725,False
0.1,B0050,0.9733642339706421,False
0.2,B0050,0.9718890190124512,False
0.01,B0050,0.5748686790466309,True
0.02,B0050,0.5748688578605652,True
0.05,B0050,0.5746051073074341,True
0.1,B0050,0.5747950077056885,True
0.2,B0050,0.5764007568359375,True
0.01,B0050,0.9272421598434448,False
0.02,B0050,0.9274406433105469,False
0.05,B0050,0.9268671274185181,False
0.1,B0050,0.922652006149292,False
0.2,B0050,0.9195037484169006,False
0.01,B0050,0.9763458967208862,False
0.02,B0050,0.976431131362915,False
0.05,B0050,0.9762930274009705,False
0.1,B0050,0.9765534996986389,False
0.2,B0050,0.9763585925102234,False
0.01,B0050,0.9764721393585205,False
0.02,B0050,0.9765087366104126,False
0.05,B0050,0.9765154123306274,False
0.1,B0050,0.9766110181808472,False
0.2,B0050,0.9763427972793579,False
0.01,B0050,0.9756152629852295,False
0.02,B0050,0.9757261276245117,False
0.05,B0050,0.9760676622390747,False
0.1,B0050,0.9754642844200134,False
0.2,B0050,0.9766628742218018,False
0.01,B0050,0.9234140515327454,False
0.02,B0050,0.9234920144081116,False
0.05,B0050,0.9235266447067261,False
0.1,B0050,0.9232173562049866,False
0.2,B0050,0.921532928943634,False
0.01,B0050,0.8649941086769104,False
0.02,B0050,0.8650763034820557,False
0.05,B0050,0.8649690747261047,False
0.1,B0050,0.8685993552207947,False
0.2,B0050,0.8458422422409058,False
0.01,B0050,0.9759398698806763,False
0.02,B0050,0.9758932590484619,False
0.05,B0050,0.9759131073951721,False
0.1,B0050,0.9755915999412537,False
0.2,B0050,0.975624680519104,False
0.01,B0050,0.8914734721183777,False
0.02,B0050,0.891376256942749,False
0.05,B0050,0.8906351923942566,False
0.1,B0050,0.8914180994033813,False
0.2,B0050,0.8952078223228455,False
0.01,B0050,0.7972153425216675,True
0.02,B0050,0.7972145676612854,True
0.05,B0050,0.7972119450569153,True
0.1,B0050,0.7974984645843506,True
0.2,B0050,0.797224760055542,True
0.01,B0050,0.8806372880935669,False
0.02,B0050,0.8806955814361572,False
0.05,B0050,0.8806955814361572,False
0.1,B0050,0.8810746073722839,False
0.2,B0050,0.9006993770599365,False
0.01,B0050,0.8741433620452881,False
0.02,B0050,0.8742069602012634,False
0.05,B0050,0.8741474151611328,False
0.1,B0050,0.8742552995681763,False
0.2,B0050,0.8736598491668701,False
0.01,B0050,0.8328725099563599,True
0.02,B0050,0.8328720331192017,True
0.05,B0050,0.8328828811645508,True
0.1,B0050,0.8328897953033447,True
0.2,B0050,0.832997739315033,True
0.01,B0050,0.8073983192443848,True
0.02,B0050,0.8090478181838989,True
0.05,B0050,0.8074792623519897,True
0.1,B0050,0.8076602220535278,True
0.2,B0050,0.8035650253295898,True
0.01,B0050,0.9698424339294434,False
0.02,B0050,0.9694305658340454,False
0.05,B0050,0.9700688123703003,False
0.1,B0050,0.9700501561164856,False
0.2,B0050,0.969792902469635,False
0.01,B0050,0.8191971778869629,True
0.02,B0050,0.8191978931427002,True
0.05,B0050,0.8191949129104614,True
0.1,B0050,0.8191957473754883,True
0.2,B0050,0.8192321062088013,True
0.01,B0050,0.8680890798568726,False
0.02,B0050,0.86807781457901,False
0.05,B0050,0.868116021156311,False
0.1,B0050,0.8668810725212097,False
0.2,B0050,0.8672916293144226,False
