severity,source_cell_id,similarity_score,detected
0.01,B0018,0.9954971671104431,False
0.02,B0018,0.9989951848983765,False
0.05,B0018,0.997693657875061,False
0.1,B0018,0.9884845018386841,False
0.2,B0018,0.9732881784439087,False
0.01,B0018,0.9959086775779724,False
0.02,B0018,0.9980674982070923,False
0.05,B0018,0.9849889278411865,False
0.1,B0018,0.9946208000183105,False
0.2,B0018,0.9871493577957153,False
0.01,B0018,0.9975024461746216,False
0.02,B0018,0.9943477511405945,False
0.05,B0018,0.9749117493629456,False
0.1,B0018,0.975946843624115,False
0.2,B0018,0.8414548635482788,True
0.01,B0018,0.984968364238739,False
0.02,B0018,0.9810791611671448,False
0.05,B0018,0.976402997970581,False
0.1,B0018,0.9613476395606995,False
0.2,B0018,0.947659432888031,False
0.01,B0018,0.9935001134872437,False
0.02,B0018,0.9881798028945923,False
0.05,B0018,0.9726276397705078,False
0.1,B0018,0.9959323406219482,False
0.2,B0018,0.9714980721473694,False
0.01,B0018,0.9901108741760254,False
0.02,B0018,0.9930267333984375,False
0.05,B0018,0.9952591061592102,False
0.1,B0018,0.9955525398254395,False
0.2,B0018,0.9987481832504272,False
0.01,B0018,0.99547278881073,False
0.02,B0018,0.9928010702133179,False
0.05,B0018,0.9631962776184082,False
0.1,B0018,0.9368820190429688,False
0.2,B0018,0.8323528170585632,True
0.01,B0018,0.9978084564208984,False
0.02,B0018,0.9985092878341675,False
0.05,B0018,0.9941210746765137,False
0.1,B0018,0.9896715879440308,False
0.2,B0018,0.9975454211235046,False
0.01,B0018,0.9945318102836609,False
0.02,B0018,0.9898345470428467,False
0.05,B0018,0.9693260192871094,False
0.1,B0018,0.9773455858230591,False
0.2,B0018,0.9580711126327515,False
0.01,B0018,0.9926204681396484,False
0.02,B0018,0.9913381934165955,False
0.05,B0018,0.9864335060119629,False
0.1,B0018,0.9846553802490234,False
0.2,B0018,0.9666755795478821,False
0.01,B0018,0.9993405342102051,False
0.02,B0018,0.9820587635040283,False
0.05,B0018,0.9869817495346069,False
0.1,B0018,0.9903872013092041,False
0.2,B0018,0.887839138507843,False
0.01,B0018,0.9957746267318726,False
0.02,B0018,0.9860097169876099,False
0.05,B0018,0.9594652056694031,False
0.1,B0018,0.937307596206665,False
0.2,B0018,0.9102352857589722,False
0.01,B0018,0.9859939813613892,False
0.02,B0018,0.9879846572875977,False
0.05,B0018,0.9837924838066101,False
0.1,B0018,0.9532884359359741,False
0.2,B0018,0.9757386445999146,False
0.01,B0018,0.9711179733276367,False
0.02,B0018,0.9738360047340393,False
0.05,B0018,0.9580519795417786,False
0.1,B0018,0.9555596113204956,False
0.2,B0018,0.979335606098175,False
0.01,B0018,0.9878001809120178,False
0.02,B0018,0.9874423146247864,False
0.05,B0018,0.9885166883468628,False
0.1,B0018,0.981075644493103,False
0.2,B0018,0.9210960865020752,False
0.01,B0018,0.9978644847869873,False
0.02,B0018,0.998328447341919,False
0.05,B0018,0.995884120464325,False
0.1,B0018,0.9979462623596191,False
0.2,B0018,0.9881869554519653,False
0.01,B0018,0.9994735717773438,False
0.02,B0018,0.9980646371841431,False
0.05,B0018,0.9964763522148132,False
0.1,B0018,0.996120810508728,False
0.2,B0018,0.9869670271873474,False
0.01,B0018,0.9935548305511475,False
0.02,B0018,0.9949355125427246,False
0.05,B0018,0.987398087978363,False
0.1,B0018,0.9920980930328369,False
0.2,B0018,0.9940991997718811,False
0.01,B0018,0.968643069267273,False
0.02,B0018,0.9820601940155029,False
0.05,B0018,0.959429144859314,False
0.1,B0018,0.9855501055717468,False
0.2,B0018,0.7443313598632812,True
0.01,B0018,0.9445204734802246,False
0.02,B0018,0.9431943297386169,False
0.05,B0018,0.9340107440948486,False
0.1,B0018,0.9125266075134277,False
0.2,B0018,0.8678954839706421,False
0.01,B0018,0.9255157709121704,False
0.02,B0018,0.9303970336914062,False
0.05,B0018,0.9271029233932495,False
0.1,B0018,0.9156217575073242,False
0.2,B0018,0.9471534490585327,False
0.01,B0018,0.9570838809013367,False
0.02,B0018,0.9435797929763794,False
0.05,B0018,0.9632218480110168,False
0.1,B0018,0.9112051129341125,False
0.2,B0018,0.6616145968437195,True
0.01,B0018,0.9597126841545105,False
0.02,B0018,0.9405548572540283,False
0.05,B0018,0.9375658631324768,False
0.1,B0018,0.9368357062339783,False
0.2,B0018,0.9142113327980042,False
0.01,B0018,0.9183292388916016,False
0.02,B0018,0.9021950960159302,False
0.05,B0018,0.9323924779891968,False
0.1,B0018,0.8996930122375488,False
0.2,B0018,0.9023629426956177,False
0.01,B0018,0.9726259708404541,False
0.02,B0018,0.939497709274292,False
0.05,B0018,0.9776394367218018,False
0.1,B0018,0.9784589409828186,False
0.2,B0018,0.7869893312454224,True
0.01,B0018,0.9900723695755005,False
0.02,B0018,0.9866120219230652,False
0.05,B0018,0.982183575630188,False
0.1,B0018,0.9796518087387085,False
0.2,B0018,0.8647909164428711,False
0.01,B0018,0.9957758784294128,False
0.02,B0018,0.9945719838142395,False
0.05,B0018,0.990612268447876,False
0.1,B0018,0.9501908421516418,False
0.2,B0018,0.9112864136695862,False
0.01,B0018,0.9878675937652588,False
0.02,B0018,0.9914165735244751,False
0.05,B0018,0.9784383177757263,False
0.1,B0018,0.9657202959060669,False
0.2,B0018,0.9473103880882263,False
0.01,B0018,0.982011079788208,False
0.02,B0018,0.9783867597579956,False
0.05,B0018,0.9740954637527466,False
0.1,B0018,0.9490536451339722,False
0.2,B0018,0.949801504611969,False
0.01,B0018,0.9849292635917664,False
0.02,B0018,0.9776707887649536,False
0.05,B0018,0.974895179271698,False
0.1,B0018,0.9596418142318726,False
0.2,B0018,0.9652199745178223,False
0.01,B0018,0.983976423740387,False
0.02,B0018,0.9757962822914124,False
0.05,B0018,0.9772491455078125,False
0.1,B0018,0.974850594997406,False
0.2,B0018,0.9410386681556702,False
0.01,B0018,0.9916340708732605,False
0.02,B0018,0.9843270778656006,False
0.05,B0018,0.9951623678207397,False
0.1,B0018,0.9550449252128601,False
0.2,B0018,0.7757254242897034,True
0.01,B0018,0.9954943656921387,False
0.02,B0018,0.9840675592422485,False
0.05,B0018,0.9627124667167664,False
0.1,B0018,0.9449290633201599,False
0.2,B0018,0.7071424722671509,True
0.01,B0018,0.9847851395606995,False
0.02,B0018,0.9834263920783997,False
0.05,B0018,0.9672115445137024,False
0.1,B0018,0.9629085659980774,False
0.2,B0018,0.8362586498260498,True
0.01,B0018,0.9789710640907288,False
0.02,B0018,0.9750798940658569,False
0.05,B0018,0.9585961103439331,False
0.1,B0018,0.9539700746536255,False
0.2,B0018,0.9330557584762573,False
0.01,B0018,0.9655251502990723,False
0.02,B0018,0.954779326915741,False
0.05,B0018,0.9495545029640198,False
0.1,B0018,0.9164746999740601,False
0.2,B0018,0.8796064853668213,False
0.01,B0018,0.969748854637146,False
0.02,B0018,0.9694734811782837,False
0.05,B0018,0.9474177360534668,False
0.1,B0018,0.9086750745773315,False
0.2,B0018,0.8291413187980652,True
0.01,B0018,0.9744710922241211,False
0.02,B0018,0.9671269655227661,False
0.05,B0018,0.9727630615234375,False
0.1,B0018,0.9676638245582581,False
0.2,B0018,0.8652207851409912,False
0.01,B0018,0.9840602278709412,False
0.02,B0018,0.9822701215744019,False
0.05,B0018,0.9778721928596497,False
0.1,B0018,0.9897951483726501,False
0.2,B0018,0.9834190011024475,False
0.01,B0018,0.9732035398483276,False
0.02,B0018,0.9772316217422485,False
0.05,B0018,0.9728370308876038,False
0.1,B0018,0.9656866192817688,False
0.2,B0018,0.7157982587814331,True
0.01,B0018,0.9749804735183716,False
0.02,B0018,0.9744148850440979,False
0.05,B0018,0.9710155129432678,False
0.1,B0018,0.9734538197517395,False
0.2,B0018,0.8032190799713135,True
0.01,B0018,0.9751155972480774,False
0.02,B0018,0.9745842814445496,False
0.05,B0018,0.9729465246200562,False
0.1,B0018,0.9450530409812927,False
0.2,B0018,0.9566606283187866,False
0.01,B0018,0.956378161907196,False
0.02,B0018,0.9391632080078125,False
0.05,B0018,0.9548059701919556,False
0.1,B0018,0.9662402868270874,False
0.2,B0018,0.921562135219574,False
0.01,B0018,0.9215888977050781,False
0.02,B0018,0.9217917323112488,False
0.05,B0018,0.9264652729034424,False
0.1,B0018,0.8942658305168152,False
0.2,B0018,0.8731430768966675,False
0.01,B0018,0.9214388728141785,False
0.02,B0018,0.9169484376907349,False
0.05,B0018,0.9240535497665405,False
0.1,B0018,0.9312096834182739,False
0.2,B0018,0.9465246200561523,False
0.01,B0018,0.9470289945602417,False
0.02,B0018,0.9495886564254761,False
0.05,B0018,0.9257199764251709,False
0.1,B0018,0.9278230667114258,False
0.2,B0018,0.8190728425979614,True
0.01,B0018,0.9692423939704895,False
0.02,B0018,0.9712712168693542,False
0.05,B0018,0.9551863670349121,False
0.1,B0018,0.9657422304153442,False
0.2,B0018,0.9729435443878174,False
0.01,B0018,0.9595422744750977,False
0.02,B0018,0.9521363377571106,False
0.05,B0018,0.9546682834625244,False
0.1,B0018,0.9735080003738403,False
0.2,B0018,0.8520416021347046,False
0.01,B0018,0.9637439250946045,False
0.02,B0018,0.9554028511047363,False
0.05,B0018,0.9108646512031555,False
0.1,B0018,0.8729645013809204,False
0.2,B0018,0.7102274894714355,True
0.01,B0018,0.9374992847442627,False
0.02,B0018,0.9494270086288452,False
0.05,B0018,0.9432013630867004,False
0.1,B0018,0.9545131325721741,False
0.2,B0018,0.9414589405059814,False
0.01,B0018,0.9922515153884888,False
0.02,B0018,0.9880073070526123,False
0.05,B0018,0.9598265886306763,False
0.1,B0018,0.9641753435134888,False
0.2,B0018,0.8477470874786377,False
0.01,B0018,0.982524037361145,False
0.02,B0018,0.976635217666626,False
0.05,B0018,0.9726664423942566,False
0.1,B0018,0.9732662439346313,False
0.2,B0018,0.9608004093170166,False
0.01,B0018,0.9690613746643066,False
0.02,B0018,0.9669903516769409,False
0.05,B0018,0.9762933254241943,False
0.1,B0018,0.9689045548439026,False
0.2,B0018,0.9552416801452637,False
0.01,B0018,0.9702432155609131,False
0.02,B0018,0.9775955080986023,False
0.05,B0018,0.9337737560272217,False
0.1,B0018,0.9088838696479797,False
0.2,B0018,0.8167535066604614,True
0.01,B0018,0.960953950881958,False
0.02,B0018,0.9624517560005188,False
0.05,B0018,0.957309365272522,False
0.1,B0018,0.9371020793914795,False
0.2,B0018,0.9175843000411987,False
0.01,B0018,0.9635846614837646,False
0.02,B0018,0.9685186147689819,False
0.05,B0018,0.9194040298461914,False
0.1,B0018,0.9269882440567017,False
0.2,B0018,0.8100377321243286,True
0.01,B0018,0.9753229022026062,False
0.02,B0018,0.9721616506576538,False
0.05,B0018,0.9626719951629639,False
0.1,B0018,0.9815565943717957,False
0.2,B0018,0.9707423448562622,False
0.01,B0018,0.9702939987182617,False
0.02,B0018,0.9701743721961975,False
0.05,B0018,0.9664694666862488,False
0.1,B0018,0.9679335355758667,False
0.2,B0018,0.9674125909805298,False
0.01,B0018,0.9623607397079468,False
0.02,B0018,0.9667780995368958,False
0.05,B0018,0.936633288860321,False
0.1,B0018,0.8569380044937134,False
0.2,B0018,0.8978375792503357,False
0.01,B0018,0.9431344270706177,False
0.02,B0018,0.9377367496490479,False
0.05,B0018,0.9379661083221436,False
0.1,B0018,0.8677905201911926,False
0.2,B0018,0.9290287494659424,False
0.01,B0018,0.9259013533592224,False
0.02,B0018,0.9277479648590088,False
0.05,B0018,0.9284682273864746,False
0.1,B0018,0.896142840385437,False
0.2,B0018,0.7812069058418274,True
0.01,B0018,0.9400588274002075,False
0.02,B0018,0.9468536376953125,False
0.05,B0018,0.9215726852416992,False
0.1,B0018,0.9195983409881592,False
0.2,B0018,0.8741546273231506,False
0.01,B0018,0.9507149457931519,False
0.02,B0018,0.952173113822937,False
0.05,B0018,0.9334361553192139,False
0.1,B0018,0.9342629909515381,False
0.2,B0018,0.8999859690666199,False
0.01,B0018,0.9475784301757812,False
0.02,B0018,0.9466179013252258,False
0.05,B0018,0.9544336795806885,False
0.1,B0018,0.9277056455612183,False
0.2,B0018,0.9628507494926453,False
0.01,B0018,0.9321869611740112,False
0.02,B0018,0.9258455038070679,False
0.05,B0018,0.9353231191635132,False
0.1,B0018,0.9605283141136169,False
0.2,B0018,0.9527968168258667,False
0.01,B0018,0.9514068365097046,False
0.02,B0018,0.9195840358734131,False
0.05,B0018,0.9351792335510254,False
0.1,B0018,0.9518657326698303,False
0.2,B0018,0.8364695310592651,True
0.01,B0018,0.9475463628768921,False
0.02,B0018,0.9126471281051636,False
0.05,B0018,0.9490319490432739,False
0.1,B0018,0.9323253035545349,False
0.2,B0018,0.8958345651626587,False
0.01,B0018,0.9178476333618164,False
0.02,B0018,0.9263054132461548,False
0.05,B0018,0.9346555471420288,False
0.1,B0018,0.9290951490402222,False
0.2,B0018,0.9254907369613647,False
0.01,B0018,0.9185420870780945,False
0.02,B0018,0.9126342535018921,False
0.05,B0018,0.956148624420166,False
0.1,B0018,0.9400829076766968,False
0.2,B0018,0.903316855430603,False
0.01,B0018,0.9184391498565674,False
0.02,B0018,0.8893288373947144,False
0.05,B0018,0.8731969594955444,False
0.1,B0018,0.9111744165420532,False
0.2,B0018,0.9077302813529968,False
0.01,B0018,0.9609869718551636,False
0.02,B0018,0.9375156164169312,False
0.05,B0018,0.9186294078826904,False
0.1,B0018,0.9416302442550659,False
0.2,B0018,0.8446547389030457,True
0.01,B0018,0.9542142152786255,False
0.02,B0018,0.9628182649612427,False
0.05,B0018,0.941624104976654,False
0.1,B0018,0.9331453442573547,False
0.2,B0018,0.88929283618927,False
0.01,B0018,0.9496139287948608,False
0.02,B0018,0.9439745545387268,False
0.05,B0018,0.9477376341819763,False
0.1,B0018,0.969891369342804,False
0.2,B0018,0.9687012434005737,False
0.01,B0018,0.948639988899231,False
0.02,B0018,0.9477433562278748,False
0.05,B0018,0.9333959817886353,False
0.1,B0018,0.935391902923584,False
0.2,B0018,0.8794246912002563,False
0.01,B0018,0.9280351996421814,False
0.02,B0018,0.9354393482208252,False
0.05,B0018,0.9192939400672913,False
0.1,B0018,0.9113157391548157,False
0.2,B0018,0.9352176785469055,False
0.01,B0018,0.9180305004119873,False
0.02,B0018,0.9212584495544434,False
0.05,B0018,0.8851717710494995,False
0.1,B0018,0.9229864478111267,False
0.2,B0018,0.8711018562316895,False
0.01,B0018,0.9300565719604492,False
0.02,B0018,0.9295980334281921,False
0.05,B0018,0.9150888919830322,False
0.1,B0018,0.9312647581100464,False
0.2,B0018,0.9497429132461548,False
0.01,B0018,0.9410272836685181,False
0.02,B0018,0.9325733780860901,False
0.05,B0018,0.9208580255508423,False
0.1,B0018,0.9216494560241699,False
0.2,B0018,0.9129931926727295,False
0.01,B0018,0.9362442493438721,False
0.02,B0018,0.9288156032562256,False
0.05,B0018,0.9412803649902344,False
0.1,B0018,0.8961194753646851,False
0.2,B0018,0.9660510420799255,False
0.01,B0018,0.9427316188812256,False
0.02,B0018,0.9125205874443054,False
0.05,B0018,0.9341247081756592,False
0.1,B0018,0.9481140375137329,False
0.2,B0018,0.8821786642074585,False
0.01,B0018,0.8940042853355408,False
0.02,B0018,0.8994898796081543,False
0.05,B0018,0.9072882533073425,False
0.1,B0018,0.9340121746063232,False
0.2,B0018,0.8625034689903259,False
0.01,B0018,0.9250825047492981,False
0.02,B0018,0.9318811893463135,False
0.05,B0018,0.9357558488845825,False
0.1,B0018,0.892863929271698,False
0.2,B0018,0.8584867119789124,False
0.01,B0018,0.928226888179779,False
0.02,B0018,0.9222756624221802,False
0.05,B0018,0.938816487789154,False
0.1,B0018,0.9404065608978271,False
0.2,B0018,0.9778425693511963,False
0.01,B0018,0.9422487020492554,False
0.02,B0018,0.9358012676239014,False
0.05,B0018,0.9311355352401733,False
0.1,B0018,0.9473053812980652,False
0.2,B0018,0.9059864282608032,False
0.01,B0018,0.9441059827804565,False
0.02,B0018,0.92534339427948,False
0.05,B0018,0.9296501874923706,False
0.1,B0018,0.9414979219436646,False
0.2,B0018,0.9311069846153259,False
0.01,B0018,0.933527946472168,False
0.02,B0018,0.9289368391036987,False
0.05,B0018,0.9460911154747009,False
0.1,B0018,0.955755889415741,False
0.2,B0018,0.9840104579925537,False
0.01,B0018,0.9468348026275635,False
0.02,B0018,0.9556145668029785,False
0.05,B0018,0.9437625408172607,False
0.1,B0018,0.9288784861564636,False
0.2,B0018,0.8579196929931641,False
0.01,B0018,0.9181357026100159,False
0.02,B0018,0.9090374708175659,False
0.05,B0018,0.919801652431488,False
0.1,B0018,0.8986437916755676,False
0.2,B0018,0.86900395154953,False
0.01,B0018,0.9035018682479858,False
0.02,B0018,0.8852649927139282,False
0.05,B0018,0.8942958116531372,False
0.1,B0018,0.8820021748542786,False
0.2,B0018,0.8433801531791687,True
0.01,B0018,0.8624061346054077,False
0.02,B0018,0.8544888496398926,False
0.05,B0018,0.8669692873954773,False
0.1,B0018,0.8201452493667603,True
0.2,B0018,0.8919601440429688,False
0.01,B0018,0.9302154779434204,False
0.02,B0018,0.9254961609840393,False
0.05,B0018,0.9254621267318726,False
0.1,B0018,0.9385237693786621,False
0.2,B0018,0.9236105680465698,False
0.01,B0018,0.9323524236679077,False
0.02,B0018,0.9227988123893738,False
0.05,B0018,0.919908344745636,False
0.1,B0018,0.8991805911064148,False
0.2,B0018,0.761620283126831,True
0.01,B0018,0.936675488948822,False
0.02,B0018,0.925534725189209,False
0.05,B0018,0.921408474445343,False
0.1,B0018,0.8908509016036987,False
0.2,B0018,0.8908260464668274,False
0.01,B0018,0.9200544357299805,False
0.02,B0018,0.9366328120231628,False
0.05,B0018,0.9426860213279724,False
0.1,B0018,0.8752340078353882,False
0.2,B0018,0.715995192527771,True
0.01,B0018,0.9319615960121155,False
0.02,B0018,0.941261351108551,False
0.05,B0018,0.9281665086746216,False
0.1,B0018,0.9280591011047363,False
0.2,B0018,0.8282762169837952,True
0.01,B0018,0.9577401280403137,False
0.02,B0018,0.9224000573158264,False
0.05,B0018,0.9562414288520813,False
0.1,B0018,0.9598449468612671,False
0.2,B0018,0.9312683939933777,False
0.01,B0018,0.9174683094024658,False
0.02,B0018,0.9164552688598633,False
0.05,B0018,0.925694465637207,False
0.1,B0018,0.9088867902755737,False
0.2,B0018,0.9119204878807068,False
0.01,B0018,0.9222971200942993,False
0.02,B0018,0.9245119690895081,False
0.05,B0018,0.9301765561103821,False
0.1,B0018,0.9266166090965271,False
0.2,B0018,0.9009770750999451,False
0.01,B0018,0.9259876012802124,False
0.02,B0018,0.9220995903015137,False
0.05,B0018,0.9028852581977844,False
0.1,B0018,0.8759692907333374,False
0.2,B0018,0.8014759421348572,True
0.01,B0018,0.9372933506965637,False
0.02,B0018,0.9222124814987183,False
0.05,B0018,0.9382590055465698,False
0.1,B0018,0.9433403015136719,False
0.2,B0018,0.8682878017425537,False
0.01,B0018,0.9253350496292114,False
0.02,B0018,0.9505510330200195,False
0.05,B0018,0.9166874289512634,False
0.1,B0018,0.9407260417938232,False
0.2,B0018,0.9040600657463074,False
0.01,B0018,0.9225596785545349,False
0.02,B0018,0.9270902872085571,False
0.05,B0018,0.929604172706604,False
0.1,B0018,0.9356141090393066,False
0.2,B0018,0.9679067730903625,False
0.01,B0018,0.9300121068954468,False
0.02,B0018,0.932859480381012,False
0.05,B0018,0.948097825050354,False
0.1,B0018,0.9376060366630554,False
0.2,B0018,0.8908387422561646,False
0.01,B0018,0.9268940687179565,False
0.02,B0018,0.9583101868629456,False
0.05,B0018,0.9510618448257446,False
0.1,B0018,0.9257416725158691,False
0.2,B0018,0.9094966650009155,False
0.01,B0018,0.9222512245178223,False
0.02,B0018,0.9218589067459106,False
0.05,B0018,0.9297657608985901,False
0.1,B0018,0.8924078345298767,False
0.2,B0018,0.9014353156089783,False
0.01,B0018,0.8684886693954468,False
0.02,B0018,0.8815551996231079,False
0.05,B0018,0.8826572299003601,False
0.1,B0018,0.9133790135383606,False
0.2,B0018,0.8419066071510315,True
0.01,B0018,0.9087401032447815,False
0.02,B0018,0.9168106317520142,False
0.05,B0018,0.891121506690979,False
0.1,B0018,0.8240789771080017,True
0.2,B0018,0.9140027761459351,False
0.01,B0018,0.9461914896965027,False
0.02,B0018,0.9357436895370483,False
0.05,B0018,0.942244827747345,False
0.1,B0018,0.9707590341567993,False
0.2,B0018,0.9593711495399475,False
0.01,B0018,0.9242061376571655,False
0.02,B0018,0.9184832572937012,False
0.05,B0018,0.9069972038269043,False
0.1,B0018,0.8987749218940735,False
0.2,B0018,0.872115969657898,False
0.01,B0018,0.9153391718864441,False
0.02,B0018,0.9376555681228638,False
0.05,B0018,0.8959888219833374,False
0.1,B0018,0.9476169347763062,False
0.2,B0018,0.7901992201805115,True
0.01,B0018,0.8844029903411865,False
0.02,B0018,0.9041059017181396,False
0.05,B0018,0.90302574634552,False
0.1,B0018,0.9046050310134888,False
0.2,B0018,0.8241636753082275,True
0.01,B0018,0.9065464735031128,False
0.02,B0018,0.9008249044418335,False
0.05,B0018,0.8991148471832275,False
0.1,B0018,0.9030168056488037,False
0.2,B0018,0.8538947105407715,False
0.01,B0018,0.9334406852722168,False
0.02,B0018,0.915462851524353,False
0.05,B0018,0.9189240336418152,False
0.1,B0018,0.9214531183242798,False
0.2,B0018,0.8269423246383667,True
0.01,B0018,0.9601562023162842,False
0.02,B0018,0.9596226215362549,False
0.05,B0018,0.9710841178894043,False
0.1,B0018,0.9618924260139465,False
0.2,B0018,0.959528923034668,False
0.01,B0018,0.9508824348449707,False
0.02,B0018,0.9649367332458496,False
0.05,B0018,0.9528473615646362,False
0.1,B0018,0.8850034475326538,False
0.2,B0018,0.5158151388168335,True
0.01,B0018,0.9383720755577087,False
0.02,B0018,0.9123669862747192,False
0.05,B0018,0.9430484771728516,False
0.1,B0018,0.9404434561729431,False
0.2,B0018,0.7864239811897278,True
0.01,B0018,0.9262076616287231,False
0.02,B0018,0.9012030363082886,False
0.05,B0018,0.9254693984985352,False
0.1,B0018,0.9408793449401855,False
0.2,B0018,0.924648642539978,False
0.01,B0018,0.8791965246200562,False
0.02,B0018,0.9165897369384766,False
0.05,B0018,0.8804696202278137,False
0.1,B0018,0.8834205269813538,False
0.2,B0018,0.8958930969238281,False
0.01,B0018,0.8717672824859619,False
0.02,B0018,0.8679718971252441,False
0.05,B0018,0.8643717765808105,False
0.1,B0018,0.8638573884963989,False
0.2,B0018,0.863061785697937,False
0.01,B0018,0.8514365553855896,False
0.02,B0018,0.8594478368759155,False
0.05,B0018,0.8141248822212219,True
0.1,B0018,0.7582581639289856,True
0.2,B0018,0.5962520837783813,True
0.01,B0018,0.8654276132583618,False
0.02,B0018,0.8571691513061523,False
0.05,B0018,0.8686342239379883,False
0.1,B0018,0.8906384706497192,False
0.2,B0018,0.9069981575012207,False
0.01,B0018,0.8955333828926086,False
0.02,B0018,0.8963181376457214,False
0.05,B0018,0.8870154619216919,False
0.1,B0018,0.9008908867835999,False
0.2,B0018,0.9468584060668945,False
0.01,B0018,0.9303950667381287,False
0.02,B0018,0.9406691789627075,False
0.05,B0018,0.9385961294174194,False
0.1,B0018,0.9021999835968018,False
0.2,B0018,0.9359426498413086,False
0.01,B0018,0.8949524164199829,False
0.02,B0018,0.8890241384506226,False
0.05,B0018,0.9014458656311035,False
0.1,B0018,0.8728904128074646,False
0.2,B0018,0.8348953723907471,True
0.01,B0018,0.8777578473091125,False
0.02,B0018,0.892301082611084,False
0.05,B0018,0.8867173790931702,False
0.1,B0018,0.8507136106491089,False
0.2,B0018,0.8085739612579346,True
0.01,B0018,0.885094940662384,False
0.02,B0018,0.8704894185066223,False
0.05,B0018,0.8337377309799194,True
0.1,B0018,0.8590976595878601,False
0.2,B0018,0.8364570140838623,True
0.01,B0018,0.9229539632797241,False
0.02,B0018,0.9041107296943665,False
0.05,B0018,0.9226680397987366,False
0.1,B0018,0.9349793195724487,False
0.2,B0018,0.7681131958961487,True
0.01,B0018,0.9469538331031799,False
0.02,B0018,0.9428759217262268,False
0.05,B0018,0.9398124814033508,False
0.1,B0018,0.9393022060394287,False
0.2,B0018,0.9256083965301514,False
0.01,B0018,0.9500476121902466,False
0.02,B0018,0.9568239450454712,False
0.05,B0018,0.9555329084396362,False
0.1,B0018,0.8781556487083435,False
0.2,B0018,0.9133822321891785,False
0.01,B0018,0.9253647923469543,False
0.02,B0018,0.9390707015991211,False
0.05,B0018,0.9175928831100464,False
0.1,B0018,0.9282053112983704,False
0.2,B0018,0.8846004605293274,False
0.01,B0018,0.9152652025222778,False
0.02,B0018,0.90817791223526,False
0.05,B0018,0.8986421823501587,False
0.1,B0018,0.9209820628166199,False
0.2,B0018,0.9164365530014038,False
0.01,B0018,0.891181230545044,False
0.02,B0018,0.8876465559005737,False
0.05,B0018,0.8876689672470093,False
0.1,B0018,0.8963532447814941,False
0.2,B0018,0.849200963973999,False
0.01,B0026,0.9822254180908203,False
0.02,B0026,0.9909606575965881,False
0.05,B0026,0.986904501914978,False
0.1,B0026,0.9838497638702393,False
0.2,B0026,0.9600251317024231,False
0.01,B0026,0.9969548583030701,False
0.02,B0026,0.9967312216758728,False
0.05,B0026,0.9966098070144653,False
0.1,B0026,0.9956902861595154,False
0.2,B0026,0.9799797534942627,False
0.01,B0026,0.996802568435669,False
0.02,B0026,0.9964691400527954,False
0.05,B0026,0.9956587553024292,False
0.1,B0026,0.9874069690704346,False
0.2,B0026,0.9828275442123413,False
0.01,B0026,0.9968901872634888,False
0.02,B0026,0.9972551465034485,False
0.05,B0026,0.9972982406616211,False
0.1,B0026,0.9962220191955566,False
0.2,B0026,0.9742558002471924,False
0.01,B0026,0.9962469339370728,False
0.02,B0026,0.9951633214950562,False
0.05,B0026,0.9881594181060791,False
0.1,B0026,0.9919061660766602,False
0.2,B0026,0.9827316999435425,False
0.01,B0026,0.9855642318725586,False
0.02,B0026,0.9887080192565918,False
0.05,B0026,0.9876636266708374,False
0.1,B0026,0.9876948595046997,False
0.2,B0026,0.9301000237464905,False
0.01,B0026,0.9902570843696594,False
0.02,B0026,0.990454375743866,False
0.05,B0026,0.9921367764472961,False
0.1,B0026,0.9894511699676514,False
0.2,B0026,0.9798924922943115,False
0.01,B0026,0.9927145838737488,False
0.02,B0026,0.9929707050323486,False
0.05,B0026,0.9863191843032837,False
0.1,B0026,0.9887686967849731,False
0.2,B0026,0.9401010274887085,False
0.01,B0026,0.9931333661079407,False
0.02,B0026,0.9928393959999084,False
0.05,B0026,0.9929607510566711,False
0.1,B0026,0.9836294651031494,False
0.2,B0026,0.9502854347229004,False
0.01,B0026,0.9928594827651978,False
0.02,B0026,0.9925601482391357,False
0.05,B0026,0.9929355978965759,False
0.1,B0026,0.9884767532348633,False
0.2,B0026,0.987099289894104,False
0.01,B0026,0.9923484325408936,False
0.02,B0026,0.9925690293312073,False
0.05,B0026,0.9868407249450684,False
0.1,B0026,0.9801262617111206,False
0.2,B0026,0.9238367676734924,False
0.01,B0026,0.990095853805542,False
0.02,B0026,0.989859402179718,False
0.05,B0026,0.9871492981910706,False
0.1,B0026,0.9729188680648804,False
0.2,B0026,0.9499390125274658,False
0.01,B0026,0.9817439913749695,False
0.02,B0026,0.9801320433616638,False
0.05,B0026,0.9814571142196655,False
0.1,B0026,0.9806774258613586,False
0.2,B0026,0.7943753600120544,True
0.01,B0026,0.9743927717208862,False
0.02,B0026,0.9735610485076904,False
0.05,B0026,0.9823727607727051,False
0.1,B0026,0.9429845809936523,False
0.2,B0026,0.8559732437133789,False
0.01,B0026,0.9777170419692993,False
0.02,B0026,0.9763497114181519,False
0.05,B0026,0.9729592204093933,False
0.1,B0026,0.9370445013046265,False
0.2,B0026,0.7600100040435791,True
0.01,B0026,0.9870292544364929,False
0.02,B0026,0.9831396341323853,False
0.05,B0026,0.9787130355834961,False
0.1,B0026,0.9806768894195557,False
0.2,B0026,0.9710997343063354,False
0.01,B0026,0.9899069666862488,False
0.02,B0026,0.9911911487579346,False
0.05,B0026,0.9898562431335449,False
0.1,B0026,0.9888173341751099,False
0.2,B0026,0.9742085933685303,False
0.01,B0026,0.9905069470405579,False
0.02,B0026,0.9884940981864929,False
0.05,B0026,0.9875510334968567,False
0.1,B0026,0.9929068684577942,False
0.2,B0026,0.9785723090171814,False
0.01,B0026,0.9923489689826965,False
0.02,B0026,0.992729902267456,False
0.05,B0026,0.9924116134643555,False
0.1,B0026,0.9931879043579102,False
0.2,B0026,0.9814906716346741,False
0.01,B0026,0.993104100227356,False
0.02,B0026,0.9934841394424438,False
0.05,B0026,0.9931063652038574,False
0.1,B0026,0.9928295016288757,False
0.2,B0026,0.8934977054595947,False
0.01,B0026,0.989439845085144,False
0.02,B0026,0.9876958131790161,False
0.05,B0026,0.9922431707382202,False
0.1,B0026,0.9845073223114014,False
0.2,B0026,0.9362926483154297,False
0.01,B0026,0.9858758449554443,False
0.02,B0026,0.9855049848556519,False
0.05,B0026,0.9831417798995972,False
0.1,B0026,0.9780152440071106,False
0.2,B0026,0.9855176210403442,False
0.01,B0026,0.9890691637992859,False
0.02,B0026,0.9895712733268738,False
0.05,B0026,0.9915647506713867,False
0.1,B0026,0.9832059741020203,False
0.2,B0026,0.9786178469657898,False
0.01,B0026,0.9953040480613708,False
0.02,B0026,0.9953323602676392,False
0.05,B0026,0.9943455457687378,False
0.1,B0026,0.9953610897064209,False
0.2,B0026,0.9832028150558472,False
0.01,B0026,0.9963316321372986,False
0.02,B0026,0.995673418045044,False
0.05,B0026,0.9954495429992676,False
0.1,B0026,0.9949780702590942,False
0.2,B0026,0.8971714377403259,False
0.01,B0026,0.9967116117477417,False
0.02,B0026,0.9967063665390015,False
0.05,B0026,0.9956600666046143,False
0.1,B0026,0.9973713755607605,False
0.2,B0026,0.9900052547454834,False
0.01,B0026,0.9969977140426636,False
0.02,B0026,0.9972376823425293,False
0.05,B0026,0.997169017791748,False
0.1,B0026,0.992264986038208,False
0.2,B0026,0.9587507843971252,False
0.01,B0026,0.9878689050674438,False
0.02,B0026,0.9913694262504578,False
0.05,B0026,0.9879658222198486,False
0.1,B0026,0.9759736657142639,False
0.2,B0026,0.96498042345047,False
0.01,B0034,0.9821812510490417,False
0.02,B0034,0.9857044219970703,False
0.05,B0034,0.9796130657196045,False
0.1,B0034,0.9804959893226624,False
0.2,B0034,0.9380505084991455,False
0.01,B0034,0.9990757703781128,False
0.02,B0034,0.9960540533065796,False
0.05,B0034,0.9973533153533936,False
0.1,B0034,0.9933492541313171,False
0.2,B0034,0.9533206224441528,False
0.01,B0034,0.9982932806015015,False
0.02,B0034,0.9942941069602966,False
0.05,B0034,0.9796585440635681,False
0.1,B0034,0.9572561979293823,False
0.2,B0034,0.9600035548210144,False
0.01,B0034,0.9979454278945923,False
0.02,B0034,0.9951467514038086,False
0.05,B0034,0.9766526818275452,False
0.1,B0034,0.973189115524292,False
0.2,B0034,0.9062813520431519,False
0.01,B0034,0.997486412525177,False
0.02,B0034,0.9885150194168091,False
0.05,B0034,0.9759178161621094,False
0.1,B0034,0.9927396178245544,False
0.2,B0034,0.9453960657119751,False
0.01,B0034,0.993480384349823,False
0.02,B0034,0.9922488927841187,False
0.05,B0034,0.962041437625885,False
0.1,B0034,0.9386959075927734,False
0.2,B0034,0.8166261315345764,True
0.01,B0034,0.9913280010223389,False
0.02,B0034,0.9865543246269226,False
0.05,B0034,0.9883662462234497,False
0.1,B0034,0.9736202359199524,False
0.2,B0034,0.9084195494651794,False
0.01,B0034,0.9940712451934814,False
0.02,B0034,0.9929529428482056,False
0.05,B0034,0.9954205751419067,False
0.1,B0034,0.9827513694763184,False
0.2,B0034,0.9343504309654236,False
0.01,B0034,0.9935283064842224,False
0.02,B0034,0.9946535229682922,False
0.05,B0034,0.9912919998168945,False
0.1,B0034,0.9636427164077759,False
0.2,B0034,0.9130823016166687,False
0.01,B0034,0.9898989200592041,False
0.02,B0034,0.9888588190078735,False
0.05,B0034,0.9772405624389648,False
0.1,B0034,0.9684243202209473,False
0.2,B0034,0.9520437717437744,False
0.01,B0034,0.9797754287719727,False
0.02,B0034,0.9873130321502686,False
0.05,B0034,0.9912098050117493,False
0.1,B0034,0.968043327331543,False
0.2,B0034,0.9172848463058472,False
0.01,B0034,0.9884557127952576,False
0.02,B0034,0.9916284680366516,False
0.05,B0034,0.9803390502929688,False
0.1,B0034,0.9901759624481201,False
0.2,B0034,0.9565893411636353,False
0.01,B0034,0.9910873174667358,False
0.02,B0034,0.9816813468933105,False
0.05,B0034,0.9768627882003784,False
0.1,B0034,0.9827754497528076,False
0.2,B0034,0.9369624853134155,False
0.01,B0034,0.9812701940536499,False
0.02,B0034,0.9855837225914001,False
0.05,B0034,0.9928194284439087,False
0.1,B0034,0.9783560633659363,False
0.2,B0034,0.9601294994354248,False
0.01,B0034,0.990922749042511,False
0.02,B0034,0.9863117933273315,False
0.05,B0034,0.9749315977096558,False
0.1,B0034,0.9844313859939575,False
0.2,B0034,0.9653065204620361,False
0.01,B0034,0.9849522113800049,False
0.02,B0034,0.9922480583190918,False
0.05,B0034,0.9928905963897705,False
0.1,B0034,0.9847749471664429,False
0.2,B0034,0.9086951613426208,False
0.01,B0034,0.9915614128112793,False
0.02,B0034,0.9920300245285034,False
0.05,B0034,0.9942857027053833,False
0.1,B0034,0.9629217982292175,False
0.2,B0034,0.9372105598449707,False
0.01,B0034,0.9952548146247864,False
0.02,B0034,0.993923544883728,False
0.05,B0034,0.9896509647369385,False
0.1,B0034,0.9930354952812195,False
0.2,B0034,0.9307317137718201,False
0.01,B0034,0.9894673228263855,False
0.02,B0034,0.9816340208053589,False
0.05,B0034,0.9704478979110718,False
0.1,B0034,0.9394916296005249,False
0.2,B0034,0.87611323595047,False
0.01,B0034,0.9898322820663452,False
0.02,B0034,0.9902670383453369,False
0.05,B0034,0.9751654863357544,False
0.1,B0034,0.9913761019706726,False
0.2,B0034,0.9137762784957886,False
0.01,B0034,0.986225426197052,False
0.02,B0034,0.9768848419189453,False
0.05,B0034,0.9790099263191223,False
0.1,B0034,0.9921754598617554,False
0.2,B0034,0.9926605820655823,False
0.01,B0034,0.9981236457824707,False
0.02,B0034,0.9977841377258301,False
0.05,B0034,0.9954491257667542,False
0.1,B0034,0.9892212152481079,False
0.2,B0034,0.9539528489112854,False
0.01,B0034,0.9953534007072449,False
0.02,B0034,0.995529294013977,False
0.05,B0034,0.9870902895927429,False
0.1,B0034,0.9825891256332397,False
0.2,B0034,0.9181106090545654,False
0.01,B0034,0.9942502975463867,False
0.02,B0034,0.9954378604888916,False
0.05,B0034,0.9943884015083313,False
0.1,B0034,0.9568166732788086,False
0.2,B0034,0.9758867025375366,False
0.01,B0034,0.9901108741760254,False
0.02,B0034,0.9789395928382874,False
0.05,B0034,0.9812883138656616,False
0.1,B0034,0.9424350261688232,False
0.2,B0034,0.8752940893173218,False
0.01,B0034,0.9940258860588074,False
0.02,B0034,0.9832671284675598,False
0.05,B0034,0.9833672642707825,False
0.1,B0034,0.9892399311065674,False
0.2,B0034,0.9388961791992188,False
0.01,B0034,0.9914880990982056,False
0.02,B0034,0.97758948802948,False
0.05,B0034,0.9924886226654053,False
0.1,B0034,0.9453685879707336,False
0.2,B0034,0.9709224700927734,False
0.01,B0034,0.9945030808448792,False
0.02,B0034,0.9949357509613037,False
0.05,B0034,0.9852739572525024,False
0.1,B0034,0.9752503633499146,False
0.2,B0034,0.9263417720794678,False
0.01,B0034,0.9921486973762512,False
0.02,B0034,0.9824293255805969,False
0.05,B0034,0.9949095249176025,False
0.1,B0034,0.9793127775192261,False
0.2,B0034,0.9352433085441589,False
0.01,B0034,0.9881386160850525,False
0.02,B0034,0.992545485496521,False
0.05,B0034,0.9819456338882446,False
0.1,B0034,0.9775665402412415,False
0.2,B0034,0.9453380107879639,False
0.01,B0034,0.9905297756195068,False
0.02,B0034,0.9891393184661865,False
0.05,B0034,0.9745972156524658,False
0.1,B0034,0.9738097190856934,False
0.2,B0034,0.886242151260376,False
0.01,B0034,0.9845399856567383,False
0.02,B0034,0.9869669675827026,False
0.05,B0034,0.9910304546356201,False
0.1,B0034,0.9612894058227539,False
0.2,B0034,0.8712249994277954,False
0.01,B0034,0.9903740286827087,False
0.02,B0034,0.9930044412612915,False
0.05,B0034,0.9894621968269348,False
0.1,B0034,0.9922850131988525,False
0.2,B0034,0.9667606949806213,False
0.01,B0034,0.9921642541885376,False
0.02,B0034,0.9768519997596741,False
0.05,B0034,0.9830907583236694,False
0.1,B0034,0.9861290454864502,False
0.2,B0034,0.9741103053092957,False
0.01,B0034,0.9836656451225281,False
0.02,B0034,0.9884628653526306,False
0.05,B0034,0.9813340902328491,False
0.1,B0034,0.9628835916519165,False
0.2,B0034,0.9218323230743408,False
0.01,B0034,0.9908757209777832,False
0.02,B0034,0.9918792843818665,False
0.05,B0034,0.982559859752655,False
0.1,B0034,0.9351675510406494,False
0.2,B0034,0.9846218824386597,False
0.01,B0034,0.9851786494255066,False
0.02,B0034,0.9806349873542786,False
0.05,B0034,0.9780808091163635,False
0.1,B0034,0.9716424942016602,False
0.2,B0034,0.777360737323761,True
0.01,B0034,0.9936699867248535,False
0.02,B0034,0.9935800433158875,False
0.05,B0034,0.9911683201789856,False
0.1,B0034,0.9799942970275879,False
0.2,B0034,0.9699233770370483,False
0.01,B0034,0.99513179063797,False
0.02,B0034,0.9947236180305481,False
0.05,B0034,0.9939596056938171,False
0.1,B0034,0.9793997406959534,False
0.2,B0034,0.9668888449668884,False
0.01,B0034,0.9937644004821777,False
0.02,B0034,0.993863046169281,False
0.05,B0034,0.9920028448104858,False
0.1,B0034,0.9793978333473206,False
0.2,B0034,0.9171543121337891,False
0.01,B0034,0.9905600547790527,False
0.02,B0034,0.990270733833313,False
0.05,B0034,0.9731811881065369,False
0.1,B0034,0.9892038702964783,False
0.2,B0034,0.8998621702194214,False
0.01,B0034,0.9838004112243652,False
0.02,B0034,0.9891357421875,False
0.05,B0034,0.9859626293182373,False
0.1,B0034,0.9711902141571045,False
0.2,B0034,0.9064658880233765,False
0.01,B0034,0.9955945014953613,False
0.02,B0034,0.9938638210296631,False
0.05,B0034,0.9895811080932617,False
0.1,B0034,0.9872291684150696,False
0.2,B0034,0.9514688849449158,False
0.01,B0034,0.9958903789520264,False
0.02,B0034,0.9948257803916931,False
0.05,B0034,0.9944602251052856,False
0.1,B0034,0.993959903717041,False
0.2,B0034,0.9604960680007935,False
0.01,B0034,0.9940847158432007,False
0.02,B0034,0.9935203790664673,False
0.05,B0034,0.9941767454147339,False
0.1,B0034,0.9780482649803162,False
0.2,B0034,0.9695009589195251,False
0.01,B0034,0.9886780977249146,False
0.02,B0034,0.9912502765655518,False
0.05,B0034,0.9923078417778015,False
0.1,B0034,0.9921728372573853,False
0.2,B0034,0.9357652068138123,False
0.01,B0034,0.9976588487625122,False
0.02,B0034,0.9962126612663269,False
0.05,B0034,0.9967183470726013,False
0.1,B0034,0.9876654744148254,False
0.2,B0034,0.979750394821167,False
0.01,B0034,0.9968418478965759,False
0.02,B0034,0.9971500635147095,False
0.05,B0034,0.9945753812789917,False
0.1,B0034,0.9892278909683228,False
0.2,B0034,0.9644809365272522,False
0.01,B0034,0.9966568350791931,False
0.02,B0034,0.9974899291992188,False
0.05,B0034,0.9960362315177917,False
0.1,B0034,0.9944967031478882,False
0.2,B0034,0.9677555561065674,False
0.01,B0034,0.9964268803596497,False
0.02,B0034,0.9960296154022217,False
0.05,B0034,0.9948399066925049,False
0.1,B0034,0.9889642000198364,False
0.2,B0034,0.9522570371627808,False
0.01,B0034,0.9948933720588684,False
0.02,B0034,0.994621992111206,False
0.05,B0034,0.9935756921768188,False
0.1,B0034,0.9919822216033936,False
0.2,B0034,0.9740997552871704,False
0.01,B0034,0.9964249730110168,False
0.02,B0034,0.9950596690177917,False
0.05,B0034,0.9940028190612793,False
0.1,B0034,0.9886325001716614,False
0.2,B0034,0.9780076146125793,False
0.01,B0034,0.9962348937988281,False
0.02,B0034,0.9957306385040283,False
0.05,B0034,0.991276204586029,False
0.1,B0034,0.9903238415718079,False
0.2,B0034,0.9527536630630493,False
0.01,B0034,0.9950629472732544,False
0.02,B0034,0.9902628660202026,False
0.05,B0034,0.9836784601211548,False
0.1,B0034,0.9837974905967712,False
0.2,B0034,0.9475005269050598,False
0.01,B0034,0.9944899082183838,False
0.02,B0034,0.9945014715194702,False
0.05,B0034,0.9909619092941284,False
0.1,B0034,0.9864293336868286,False
0.2,B0034,0.9483170509338379,False
0.01,B0034,0.9958580136299133,False
0.02,B0034,0.9955227375030518,False
0.05,B0034,0.994835376739502,False
0.1,B0034,0.9835058450698853,False
0.2,B0034,0.9480859041213989,False
0.01,B0034,0.9947213530540466,False
0.02,B0034,0.9958755970001221,False
0.05,B0034,0.9928452968597412,False
0.1,B0034,0.986461877822876,False
0.2,B0034,0.9579327702522278,False
0.01,B0034,0.9966198205947876,False
0.02,B0034,0.9966554641723633,False
0.05,B0034,0.9967941045761108,False
0.1,B0034,0.9708414077758789,False
0.2,B0034,0.8958885669708252,False
0.01,B0034,0.9931883811950684,False
0.02,B0034,0.9822720289230347,False
0.05,B0034,0.9790257215499878,False
0.1,B0034,0.9686213135719299,False
0.2,B0034,0.8856756687164307,False
0.01,B0034,0.9916189312934875,False
0.02,B0034,0.9889225959777832,False
0.05,B0034,0.9754310250282288,False
0.1,B0034,0.9655126333236694,False
0.2,B0034,0.9087634086608887,False
0.01,B0034,0.992694616317749,False
0.02,B0034,0.990959107875824,False
0.05,B0034,0.9930062294006348,False
0.1,B0034,0.9883272647857666,False
0.2,B0034,0.9305580258369446,False
0.01,B0034,0.9954119324684143,False
0.02,B0034,0.9945957064628601,False
0.05,B0034,0.989730954170227,False
0.1,B0034,0.9875317811965942,False
0.2,B0034,0.9843666553497314,False
0.01,B0034,0.9947768449783325,False
0.02,B0034,0.9931897521018982,False
0.05,B0034,0.9928951263427734,False
0.1,B0034,0.9922524094581604,False
0.2,B0034,0.9296374320983887,False
0.01,B0034,0.993371307849884,False
0.02,B0034,0.9936195611953735,False
0.05,B0034,0.9937547445297241,False
0.1,B0034,0.9860324859619141,False
0.2,B0034,0.9285057783126831,False
0.01,B0034,0.9938728213310242,False
0.02,B0034,0.9874474406242371,False
0.05,B0034,0.9934545755386353,False
0.1,B0034,0.9837546348571777,False
0.2,B0034,0.9703258872032166,False
0.01,B0034,0.990917444229126,False
0.02,B0034,0.9851704835891724,False
0.05,B0034,0.9876987934112549,False
0.1,B0034,0.9421278238296509,False
0.2,B0034,0.9511311650276184,False
0.01,B0034,0.9982578754425049,False
0.02,B0034,0.9971524477005005,False
0.05,B0034,0.995635986328125,False
0.1,B0034,0.9932380318641663,False
0.2,B0034,0.9245863556861877,False
0.01,B0034,0.9960309267044067,False
0.02,B0034,0.9965676069259644,False
0.05,B0034,0.9949631690979004,False
0.1,B0034,0.9881305694580078,False
0.2,B0034,0.9556713104248047,False
0.01,B0034,0.9935788512229919,False
0.02,B0034,0.9955124855041504,False
0.05,B0034,0.9890879392623901,False
0.1,B0034,0.9929760694503784,False
0.2,B0034,0.9168824553489685,False
0.01,B0034,0.9961611032485962,False
0.02,B0034,0.996807873249054,False
0.05,B0034,0.9963372945785522,False
0.1,B0034,0.9818775653839111,False
0.2,B0034,0.9720842838287354,False
0.01,B0034,0.9959616661071777,False
0.02,B0034,0.9894365072250366,False
0.05,B0034,0.9951814413070679,False
0.1,B0034,0.95038902759552,False
0.2,B0034,0.9500647783279419,False
0.01,B0034,0.9940364360809326,False
0.02,B0034,0.9921846389770508,False
0.05,B0034,0.9939907789230347,False
0.1,B0034,0.993395984172821,False
0.2,B0034,0.958661675453186,False
0.01,B0034,0.9960595369338989,False
0.02,B0034,0.9967426061630249,False
0.05,B0034,0.9909776449203491,False
0.1,B0034,0.9899810552597046,False
0.2,B0034,0.9140262007713318,False
0.01,B0034,0.9944304823875427,False
0.02,B0034,0.9942348599433899,False
0.05,B0034,0.9938963651657104,False
0.1,B0034,0.9846726655960083,False
0.2,B0034,0.9666547775268555,False
0.01,B0034,0.995256781578064,False
0.02,B0034,0.9909670352935791,False
0.05,B0034,0.9933420419692993,False
0.1,B0034,0.991133451461792,False
0.2,B0034,0.9646286368370056,False
0.01,B0034,0.9919213056564331,False
0.02,B0034,0.9914692640304565,False
0.05,B0034,0.9904614686965942,False
0.1,B0034,0.9880962371826172,False
0.2,B0034,0.9654022455215454,False
0.01,B0034,0.9914426803588867,False
0.02,B0034,0.9897326827049255,False
0.05,B0034,0.986579418182373,False
0.1,B0034,0.9808659553527832,False
0.2,B0034,0.969801127910614,False
0.01,B0034,0.9854669570922852,False
0.02,B0034,0.9933865070343018,False
0.05,B0034,0.9789783358573914,False
0.1,B0034,0.9647011756896973,False
0.2,B0034,0.9649352431297302,False
0.01,B0034,0.9922208786010742,False
0.02,B0034,0.9906788468360901,False
0.05,B0034,0.9710496068000793,False
0.1,B0034,0.9696793556213379,False
0.2,B0034,0.9782515168190002,False
0.01,B0034,0.9910416603088379,False
0.02,B0034,0.9915226101875305,False
0.05,B0034,0.9891358613967896,False
0.1,B0034,0.9610629081726074,False
0.2,B0034,0.9286642074584961,False
0.01,B0034,0.993820071220398,False
0.02,B0034,0.9894555807113647,False
0.05,B0034,0.9941120743751526,False
0.1,B0034,0.9646191596984863,False
0.2,B0034,0.9438989758491516,False
0.01,B0034,0.9903905391693115,False
0.02,B0034,0.9907904267311096,False
0.05,B0034,0.9933196902275085,False
0.1,B0034,0.9527255296707153,False
0.2,B0034,0.9140340089797974,False
0.01,B0034,0.9910000562667847,False
0.02,B0034,0.9905514121055603,False
0.05,B0034,0.9723972082138062,False
0.1,B0034,0.9881315231323242,False
0.2,B0034,0.8838139772415161,False
0.01,B0034,0.9876437187194824,False
0.02,B0034,0.9900878667831421,False
0.05,B0034,0.9873713254928589,False
0.1,B0034,0.9919589757919312,False
0.2,B0034,0.9644800424575806,False
0.01,B0034,0.9877655506134033,False
0.02,B0034,0.9939365386962891,False
0.05,B0034,0.972217321395874,False
0.1,B0034,0.9705421924591064,False
0.2,B0034,0.9117089509963989,False
0.01,B0034,0.9908543825149536,False
0.02,B0034,0.9908122420310974,False
0.05,B0034,0.9916094541549683,False
0.1,B0034,0.9875813126564026,False
0.2,B0034,0.9590080380439758,False
0.01,B0034,0.9907885789871216,False
0.02,B0034,0.9928073883056641,False
0.05,B0034,0.9936562776565552,False
0.1,B0034,0.9756072759628296,False
0.2,B0034,0.9249650239944458,False
0.01,B0034,0.9889746904373169,False
0.02,B0034,0.9905378222465515,False
0.05,B0034,0.9901959300041199,False
0.1,B0034,0.9872876405715942,False
0.2,B0034,0.9629479050636292,False
0.01,B0034,0.9867493510246277,False
0.02,B0034,0.9922890663146973,False
0.05,B0034,0.9691236019134521,False
0.1,B0034,0.9727675914764404,False
0.2,B0034,0.8631599545478821,False
0.01,B0034,0.9900920987129211,False
0.02,B0034,0.9921901822090149,False
0.05,B0034,0.9850329160690308,False
0.1,B0034,0.9754674434661865,False
0.2,B0034,0.9693149328231812,False
0.01,B0034,0.9940760731697083,False
0.02,B0034,0.9945926666259766,False
0.05,B0034,0.9895709753036499,False
0.1,B0034,0.9831954836845398,False
0.2,B0034,0.9372848272323608,False
0.01,B0034,0.9955685138702393,False
0.02,B0034,0.9952704906463623,False
0.05,B0034,0.9908589124679565,False
0.1,B0034,0.9857761859893799,False
0.2,B0034,0.9941043853759766,False
0.01,B0034,0.9900649189949036,False
0.02,B0034,0.9913449287414551,False
0.05,B0034,0.9945921897888184,False
0.1,B0034,0.9775184392929077,False
0.2,B0034,0.9602006077766418,False
0.01,B0034,0.9907063245773315,False
0.02,B0034,0.9927566051483154,False
0.05,B0034,0.9812947511672974,False
0.1,B0034,0.985926628112793,False
0.2,B0034,0.9134690165519714,False
0.01,B0034,0.9886473417282104,False
0.02,B0034,0.9743343591690063,False
0.05,B0034,0.9484467506408691,False
0.1,B0034,0.984987735748291,False
0.2,B0034,0.8573057651519775,False
0.01,B0034,0.9932670593261719,False
0.02,B0034,0.9882863759994507,False
0.05,B0034,0.9880534410476685,False
0.1,B0034,0.9816198945045471,False
0.2,B0034,0.8312333226203918,True
0.01,B0034,0.995128870010376,False
0.02,B0034,0.995070219039917,False
0.05,B0034,0.9960813522338867,False
0.1,B0034,0.9435490369796753,False
0.2,B0034,0.9287346005439758,False
0.01,B0034,0.9965159893035889,False
0.02,B0034,0.9958932995796204,False
0.05,B0034,0.9971953630447388,False
0.1,B0034,0.9830869436264038,False
0.2,B0034,0.9335984587669373,False
0.01,B0034,0.9921953678131104,False
0.02,B0034,0.9909934997558594,False
0.05,B0034,0.9905585646629333,False
0.1,B0034,0.9872110486030579,False
0.2,B0034,0.9630986452102661,False
0.01,B0034,0.9867438077926636,False
0.02,B0034,0.9832844734191895,False
0.05,B0034,0.9745463728904724,False
0.1,B0034,0.9429562091827393,False
0.2,B0034,0.8887460231781006,False
0.01,B0034,0.9825448989868164,False
0.02,B0034,0.9746582508087158,False
0.05,B0034,0.9904063940048218,False
0.1,B0034,0.9338717460632324,False
0.2,B0034,0.8380202054977417,True
0.01,B0034,0.994037926197052,False
0.02,B0034,0.9909296035766602,False
0.05,B0034,0.9900446534156799,False
0.1,B0034,0.989222526550293,False
0.2,B0034,0.9580192565917969,False
0.01,B0034,0.9954755306243896,False
0.02,B0034,0.9951249361038208,False
0.05,B0034,0.9934541583061218,False
0.1,B0034,0.9901996850967407,False
0.2,B0034,0.968278169631958,False
0.01,B0034,0.9944171905517578,False
0.02,B0034,0.9936470985412598,False
0.05,B0034,0.9942287802696228,False
0.1,B0034,0.9832374453544617,False
0.2,B0034,0.9664834141731262,False
0.01,B0034,0.9887799024581909,False
0.02,B0034,0.9893226623535156,False
0.05,B0034,0.9938013553619385,False
0.1,B0034,0.9889026284217834,False
0.2,B0034,0.9569040536880493,False
0.01,B0034,0.9889859557151794,False
0.02,B0034,0.9935526847839355,False
0.05,B0034,0.9742708206176758,False
0.1,B0034,0.9648219347000122,False
0.2,B0034,0.9031320810317993,False
0.01,B0034,0.9898860454559326,False
0.02,B0034,0.9924911856651306,False
0.05,B0034,0.9902625679969788,False
0.1,B0034,0.9715867638587952,False
0.2,B0034,0.9022747278213501,False
0.01,B0034,0.9952060580253601,False
0.02,B0034,0.9946660399436951,False
0.05,B0034,0.9933236837387085,False
0.1,B0034,0.986281156539917,False
0.2,B0034,0.9626679420471191,False
0.01,B0034,0.9955511093139648,False
0.02,B0034,0.997006893157959,False
0.05,B0034,0.9895657300949097,False
0.1,B0034,0.9946846961975098,False
0.2,B0034,0.9532084465026855,False
0.01,B0034,0.9953978061676025,False
0.02,B0034,0.9951673150062561,False
0.05,B0034,0.9934208989143372,False
0.1,B0034,0.9903527498245239,False
0.2,B0034,0.959172248840332,False
0.01,B0034,0.9937979578971863,False
0.02,B0034,0.9930856823921204,False
0.05,B0034,0.9858015179634094,False
0.1,B0034,0.9807212948799133,False
0.2,B0034,0.9501777291297913,False
0.01,B0034,0.9875463247299194,False
0.02,B0034,0.9893484711647034,False
0.05,B0034,0.9942170977592468,False
0.1,B0034,0.982498049736023,False
0.2,B0034,0.9204428791999817,False
0.01,B0034,0.9900270104408264,False
0.02,B0034,0.9917812347412109,False
0.05,B0034,0.9875462055206299,False
0.1,B0034,0.9731875658035278,False
0.2,B0034,0.9382301568984985,False
0.01,B0034,0.964767336845398,False
0.02,B0034,0.9330357909202576,False
0.05,B0034,0.9768573045730591,False
0.1,B0034,0.918816328048706,False
0.2,B0034,0.7579904198646545,True
0.01,B0034,0.9940106868743896,False
0.02,B0034,0.9913778305053711,False
0.05,B0034,0.9909347891807556,False
0.1,B0034,0.9843776822090149,False
0.2,B0034,0.9539145231246948,False
0.01,B0034,0.9917279481887817,False
0.02,B0034,0.994959831237793,False
0.05,B0034,0.9790648221969604,False
0.1,B0034,0.9915579557418823,False
0.2,B0034,0.8864525556564331,False
0.01,B0034,0.9934604167938232,False
0.02,B0034,0.9903859496116638,False
0.05,B0034,0.9860716462135315,False
0.1,B0034,0.9830261468887329,False
0.2,B0034,0.9663072824478149,False
0.01,B0034,0.9934024810791016,False
0.02,B0034,0.9939244985580444,False
0.05,B0034,0.9827101826667786,False
0.1,B0034,0.981972873210907,False
0.2,B0034,0.9646508693695068,False
0.01,B0034,0.9931032657623291,False
0.02,B0034,0.9897276759147644,False
0.05,B0034,0.991888165473938,False
0.1,B0034,0.9678738117218018,False
0.2,B0034,0.9619958400726318,False
0.01,B0034,0.9929949641227722,False
0.02,B0034,0.9908818602561951,False
0.05,B0034,0.9949864149093628,False
0.1,B0034,0.982172966003418,False
0.2,B0034,0.9588110446929932,False
0.01,B0034,0.9929040670394897,False
0.02,B0034,0.9937025308609009,False
0.05,B0034,0.993514895439148,False
0.1,B0034,0.9870794415473938,False
0.2,B0034,0.965691089630127,False
0.01,B0034,0.9949218034744263,False
0.02,B0034,0.995240330696106,False
0.05,B0034,0.9838907718658447,False
0.1,B0034,0.985806941986084,False
0.2,B0034,0.9380005598068237,False
0.01,B0034,0.9933388233184814,False
0.02,B0034,0.9884873032569885,False
0.05,B0034,0.9928630590438843,False
0.1,B0034,0.9803301692008972,False
0.2,B0034,0.9180238842964172,False
0.01,B0034,0.9913440942764282,False
0.02,B0034,0.991265594959259,False
0.05,B0034,0.9845845699310303,False
0.1,B0034,0.9801174402236938,False
0.2,B0034,0.8975377678871155,False
0.01,B0034,0.9865484237670898,False
0.02,B0034,0.9898970127105713,False
0.05,B0034,0.9774737358093262,False
0.1,B0034,0.9840455055236816,False
0.2,B0034,0.8774009943008423,False
0.01,B0034,0.994852602481842,False
0.02,B0034,0.9933327436447144,False
0.05,B0034,0.9955295324325562,False
0.1,B0034,0.980801522731781,False
0.2,B0034,0.9952270984649658,False
0.01,B0034,0.9945110082626343,False
0.02,B0034,0.9952559471130371,False
0.05,B0034,0.9900757670402527,False
0.1,B0034,0.9818576574325562,False
0.2,B0034,0.9559617042541504,False
0.01,B0034,0.9927045702934265,False
0.02,B0034,0.9929127097129822,False
0.05,B0034,0.9928489923477173,False
0.1,B0034,0.9935457110404968,False
0.2,B0034,0.9653648138046265,False
0.01,B0034,0.9932263493537903,False
0.02,B0034,0.9923310875892639,False
0.05,B0034,0.9950453042984009,False
0.1,B0034,0.9725140333175659,False
0.2,B0034,0.9012051820755005,False
0.01,B0034,0.9950295686721802,False
0.02,B0034,0.9953910112380981,False
0.05,B0034,0.993855893611908,False
0.1,B0034,0.9795246124267578,False
0.2,B0034,0.9566766023635864,False
0.01,B0034,0.995615541934967,False
0.02,B0034,0.9947667121887207,False
0.05,B0034,0.9952738285064697,False
0.1,B0034,0.9913495779037476,False
0.2,B0034,0.9236263036727905,False
0.01,B0034,0.9960027933120728,False
0.02,B0034,0.9952475428581238,False
0.05,B0034,0.9906637668609619,False
0.1,B0034,0.9892979264259338,False
0.2,B0034,0.952246367931366,False
0.01,B0034,0.9913199543952942,False
0.02,B0034,0.9962684512138367,False
0.05,B0034,0.9967808127403259,False
0.1,B0034,0.9830724596977234,False
0.2,B0034,0.9567108154296875,False
0.01,B0034,0.992649495601654,False
0.02,B0034,0.9940958619117737,False
0.05,B0034,0.9849421977996826,False
0.1,B0034,0.9829115867614746,False
0.2,B0034,0.9730548858642578,False
0.01,B0034,0.9957497715950012,False
0.02,B0034,0.9954638481140137,False
0.05,B0034,0.9940801858901978,False
0.1,B0034,0.9885920882225037,False
0.2,B0034,0.9704265594482422,False
0.01,B0034,0.9931212067604065,False
0.02,B0034,0.9926770925521851,False
0.05,B0034,0.9928867816925049,False
0.1,B0034,0.9908989667892456,False
0.2,B0034,0.9465609192848206,False
0.01,B0034,0.9939385652542114,False
0.02,B0034,0.9943168759346008,False
0.05,B0034,0.9942815899848938,False
0.1,B0034,0.9839262962341309,False
0.2,B0034,0.9694584012031555,False
0.01,B0034,0.9945024251937866,False
0.02,B0034,0.9950411915779114,False
0.05,B0034,0.995456874370575,False
0.1,B0034,0.9858994483947754,False
0.2,B0034,0.9584532976150513,False
0.01,B0034,0.9927316308021545,False
0.02,B0034,0.9920542240142822,False
0.05,B0034,0.9726577997207642,False
0.1,B0034,0.9891295433044434,False
0.2,B0034,0.9168161749839783,False
0.01,B0034,0.9923160076141357,False
0.02,B0034,0.9843019247055054,False
0.05,B0034,0.9939550161361694,False
0.1,B0034,0.9744694232940674,False
0.2,B0034,0.9950253963470459,False
0.01,B0034,0.9953905940055847,False
0.02,B0034,0.9905002117156982,False
0.05,B0034,0.9972949624061584,False
0.1,B0034,0.983377993106842,False
0.2,B0034,0.9835357666015625,False
0.01,B0034,0.9950248003005981,False
0.02,B0034,0.9954058527946472,False
0.05,B0034,0.9890519976615906,False
0.1,B0034,0.9923758506774902,False
0.2,B0034,0.9405174255371094,False
0.01,B0034,0.9938432574272156,False
0.02,B0034,0.9945729970932007,False
0.05,B0034,0.9917892813682556,False
0.1,B0034,0.9882897734642029,False
0.2,B0034,0.9659547805786133,False
0.01,B0034,0.9885115623474121,False
0.02,B0034,0.9852728247642517,False
0.05,B0034,0.9830383658409119,False
0.1,B0034,0.9903320074081421,False
0.2,B0034,0.9082972407341003,False
0.01,B0034,0.9918372631072998,False
0.02,B0034,0.986588180065155,False
0.05,B0034,0.9939764142036438,False
0.1,B0034,0.9813867807388306,False
0.2,B0034,0.9650167226791382,False
0.01,B0034,0.995429277420044,False
0.02,B0034,0.9925425052642822,False
0.05,B0034,0.994774580001831,False
0.1,B0034,0.9811466336250305,False
0.2,B0034,0.9441696405410767,False
0.01,B0034,0.995016872882843,False
0.02,B0034,0.9949847459793091,False
0.05,B0034,0.9926478266716003,False
0.1,B0034,0.9868772625923157,False
0.2,B0034,0.9616975784301758,False
0.01,B0034,0.9942928552627563,False
0.02,B0034,0.9951658844947815,False
0.05,B0034,0.9929778575897217,False
0.1,B0034,0.9808682799339294,False
0.2,B0034,0.9632084965705872,False
0.01,B0034,0.9952431917190552,False
0.02,B0034,0.9940625429153442,False
0.05,B0034,0.992944598197937,False
0.1,B0034,0.9889402985572815,False
0.2,B0034,0.9570457935333252,False
0.01,B0034,0.9958111047744751,False
0.02,B0034,0.9916291832923889,False
0.05,B0034,0.9931027889251709,False
0.1,B0034,0.9930895566940308,False
0.2,B0034,0.9970822930335999,False
0.01,B0034,0.9928115010261536,False
0.02,B0034,0.9953941702842712,False
0.05,B0034,0.9776055812835693,False
0.1,B0034,0.9799821972846985,False
0.2,B0034,0.9027055501937866,False
0.01,B0034,0.9947254061698914,False
0.02,B0034,0.9944202899932861,False
0.05,B0034,0.9925063848495483,False
0.1,B0034,0.981338381767273,False
0.2,B0034,0.9288864731788635,False
0.01,B0034,0.9933445453643799,False
0.02,B0034,0.9946591854095459,False
0.05,B0034,0.9959573745727539,False
0.1,B0034,0.9883719682693481,False
0.2,B0034,0.9657008647918701,False
0.01,B0034,0.9940907955169678,False
0.02,B0034,0.992830216884613,False
0.05,B0034,0.9912074208259583,False
0.1,B0034,0.9825587868690491,False
0.2,B0034,0.9478595852851868,False
0.01,B0034,0.9922457933425903,False
0.02,B0034,0.9946362972259521,False
0.05,B0034,0.9937922954559326,False
0.1,B0034,0.9866512417793274,False
0.2,B0034,0.9653912782669067,False
0.01,B0034,0.9940871000289917,False
0.02,B0034,0.9961600303649902,False
0.05,B0034,0.995803713798523,False
0.1,B0034,0.995858371257782,False
0.2,B0034,0.9532586336135864,False
0.01,B0034,0.9957275390625,False
0.02,B0034,0.9953384399414062,False
0.05,B0034,0.9927780032157898,False
0.1,B0034,0.9942235350608826,False
0.2,B0034,0.9661121368408203,False
0.01,B0034,0.9958308339118958,False
0.02,B0034,0.9968674182891846,False
0.05,B0034,0.9936915636062622,False
0.1,B0034,0.9874479174613953,False
0.2,B0034,0.9633434414863586,False
0.01,B0034,0.9967541098594666,False
0.02,B0034,0.9960658550262451,False
0.05,B0034,0.9954748153686523,False
0.1,B0034,0.9871665239334106,False
0.2,B0034,0.9563971757888794,False
0.01,B0034,0.9949246644973755,False
0.02,B0034,0.9949042797088623,False
0.05,B0034,0.9945858120918274,False
0.1,B0034,0.9807460308074951,False
0.2,B0034,0.9440593719482422,False
0.01,B0034,0.9961032867431641,False
0.02,B0034,0.9943942427635193,False
0.05,B0034,0.9922125339508057,False
0.1,B0034,0.9947740435600281,False
0.2,B0034,0.9835402965545654,False
0.01,B0034,0.9937237501144409,False
0.02,B0034,0.993995726108551,False
0.05,B0034,0.9973808526992798,False
0.1,B0034,0.9911137819290161,False
0.2,B0034,0.9698578119277954,False
0.01,B0034,0.9956356287002563,False
0.02,B0034,0.9943171739578247,False
0.05,B0034,0.9920089244842529,False
0.1,B0034,0.9868654608726501,False
0.2,B0034,0.9750409722328186,False
0.01,B0034,0.9945107698440552,False
0.02,B0034,0.996277391910553,False
0.05,B0034,0.9933282732963562,False
0.1,B0034,0.969119668006897,False
0.2,B0034,0.9239974021911621,False
0.01,B0034,0.9938919544219971,False
0.02,B0034,0.9943645596504211,False
0.05,B0034,0.9901849627494812,False
0.1,B0034,0.9848950505256653,False
0.2,B0034,0.9352450370788574,False
0.01,B0034,0.9934276342391968,False
0.02,B0034,0.9946110248565674,False
0.05,B0034,0.9890761971473694,False
0.1,B0034,0.9855968952178955,False
0.2,B0034,0.9686521291732788,False
0.01,B0034,0.9949649572372437,False
0.02,B0034,0.9952757954597473,False
0.05,B0034,0.9923797249794006,False
0.1,B0034,0.9846947193145752,False
0.2,B0034,0.9609398245811462,False
0.01,B0034,0.9955645799636841,False
0.02,B0034,0.9940706491470337,False
0.05,B0034,0.9927017092704773,False
0.1,B0034,0.987836480140686,False
0.2,B0034,0.9597060084342957,False
0.01,B0034,0.9940399527549744,False
0.02,B0034,0.9966747164726257,False
0.05,B0034,0.9894709587097168,False
0.1,B0034,0.9837000966072083,False
0.2,B0034,0.9739530086517334,False
0.01,B0034,0.994889497756958,False
0.02,B0034,0.9926487803459167,False
0.05,B0034,0.9940028190612793,False
0.1,B0034,0.9873087406158447,False
0.2,B0034,0.9214960932731628,False
0.01,B0034,0.994954526424408,False
0.02,B0034,0.9936539530754089,False
0.05,B0034,0.991387128829956,False
0.1,B0034,0.9875097274780273,False
0.2,B0034,0.9577650427818298,False
0.01,B0034,0.9927672743797302,False
0.02,B0034,0.9916960597038269,False
0.05,B0034,0.9863625168800354,False
0.1,B0034,0.9853895902633667,False
0.2,B0034,0.9172468185424805,False
0.01,B0034,0.9957838654518127,False
0.02,B0034,0.9960752725601196,False
0.05,B0034,0.992594301700592,False
0.1,B0034,0.9876551628112793,False
0.2,B0034,0.9516830444335938,False
0.01,B0034,0.9938098192214966,False
0.02,B0034,0.9934285283088684,False
0.05,B0034,0.9907503128051758,False
0.1,B0034,0.9925481081008911,False
0.2,B0034,0.9474790096282959,False
0.01,B0034,0.9961269497871399,False
0.02,B0034,0.9957384467124939,False
0.05,B0034,0.9961543083190918,False
0.1,B0034,0.9836897850036621,False
0.2,B0034,0.9158847332000732,False
0.01,B0034,0.9945099353790283,False
0.02,B0034,0.9930261373519897,False
0.05,B0034,0.995841383934021,False
0.1,B0034,0.9773569107055664,False
0.2,B0034,0.975247859954834,False
0.01,B0034,0.9957857131958008,False
0.02,B0034,0.9942978620529175,False
0.05,B0034,0.9938325881958008,False
0.1,B0034,0.9880439043045044,False
0.2,B0034,0.9845308065414429,False
0.01,B0034,0.9940266013145447,False
0.02,B0034,0.9939450025558472,False
0.05,B0034,0.9894503951072693,False
0.1,B0034,0.9860939383506775,False
0.2,B0034,0.949647068977356,False
0.01,B0034,0.9943587779998779,False
0.02,B0034,0.9944551587104797,False
0.05,B0034,0.9939092397689819,False
0.1,B0034,0.9846848249435425,False
0.2,B0034,0.9450596570968628,False
0.01,B0034,0.9956119060516357,False
0.02,B0034,0.9960021376609802,False
0.05,B0034,0.9964138865470886,False
0.1,B0034,0.9874585866928101,False
0.2,B0034,0.9193141460418701,False
0.01,B0034,0.9951539039611816,False
0.02,B0034,0.9954976439476013,False
0.05,B0034,0.9959267377853394,False
0.1,B0034,0.9609593152999878,False
0.2,B0034,0.86540687084198,False
0.01,B0034,0.99290931224823,False
0.02,B0034,0.9950996041297913,False
0.05,B0034,0.9930938482284546,False
0.1,B0034,0.987291693687439,False
0.2,B0034,0.9427127838134766,False
0.01,B0034,0.9959080219268799,False
0.02,B0034,0.9959946870803833,False
0.05,B0034,0.9955047965049744,False
0.1,B0034,0.988501787185669,False
0.2,B0034,0.9085167050361633,False
0.01,B0034,0.9941093325614929,False
0.02,B0034,0.9950012564659119,False
0.05,B0034,0.9894863367080688,False
0.1,B0034,0.9989449977874756,False
0.2,B0034,0.9927663803100586,False
0.01,B0034,0.9932529330253601,False
0.02,B0034,0.9940183758735657,False
0.05,B0034,0.9864677786827087,False
0.1,B0034,0.9826344847679138,False
0.2,B0034,0.966513991355896,False
0.01,B0034,0.9952667951583862,False
0.02,B0034,0.9912431240081787,False
0.05,B0034,0.9951062202453613,False
0.1,B0034,0.9854885339736938,False
0.2,B0034,0.8995529413223267,False
0.01,B0034,0.9929789304733276,False
0.02,B0034,0.9946160316467285,False
0.05,B0034,0.993423581123352,False
0.1,B0034,0.9889881014823914,False
0.2,B0034,0.9775624871253967,False
0.01,B0034,0.9924938082695007,False
0.02,B0034,0.9955030083656311,False
0.05,B0034,0.992560863494873,False
0.1,B0034,0.9877733588218689,False
0.2,B0034,0.930749773979187,False
0.01,B0034,0.9923096895217896,False
0.02,B0034,0.9937299489974976,False
0.05,B0034,0.989054799079895,False
0.1,B0034,0.9828004240989685,False
0.2,B0034,0.9279584884643555,False
0.01,B0034,0.9940750598907471,False
0.02,B0034,0.994324803352356,False
0.05,B0034,0.9942356944084167,False
0.1,B0034,0.9821560382843018,False
0.2,B0034,0.9495542049407959,False
0.01,B0034,0.9910959005355835,False
0.02,B0034,0.9934592843055725,False
0.05,B0034,0.9908431172370911,False
0.1,B0034,0.988918662071228,False
0.2,B0034,0.9218611717224121,False
0.01,B0034,0.9931005239486694,False
0.02,B0034,0.9935497641563416,False
0.05,B0034,0.9926326274871826,False
0.1,B0034,0.979928731918335,False
0.2,B0034,0.9310367703437805,False
0.01,B0034,0.991144061088562,False
0.02,B0034,0.9914041757583618,False
0.05,B0034,0.9950605034828186,False
0.1,B0034,0.9931614995002747,False
0.2,B0034,0.9868042469024658,False
0.01,B0034,0.9938209652900696,False
0.02,B0034,0.995335042476654,False
0.05,B0034,0.993507444858551,False
0.1,B0034,0.9899103045463562,False
0.2,B0034,0.9611963629722595,False
0.01,B0034,0.9931560754776001,False
0.02,B0034,0.9928306341171265,False
0.05,B0034,0.9955960512161255,False
0.1,B0034,0.9895396828651428,False
0.2,B0034,0.9528075456619263,False
0.01,B0034,0.9957382678985596,False
0.02,B0034,0.9947249293327332,False
0.05,B0034,0.9906599521636963,False
0.1,B0034,0.9878820180892944,False
0.2,B0034,0.9735221862792969,False
0.01,B0034,0.9942837953567505,False
0.02,B0034,0.9964513182640076,False
0.05,B0034,0.9945193529129028,False
0.1,B0034,0.9853273034095764,False
0.2,B0034,0.9013807773590088,False
0.01,B0036,0.9796746969223022,False
0.02,B0036,0.979579508304596,False
0.05,B0036,0.9837815761566162,False
0.1,B0036,0.9868740439414978,False
0.2,B0036,0.9471269845962524,False
0.01,B0036,0.9982794523239136,False
0.02,B0036,0.9984580874443054,False
0.05,B0036,0.9973509311676025,False
0.1,B0036,0.9977127909660339,False
0.2,B0036,0.9910019636154175,False
0.01,B0036,0.9984521865844727,False
0.02,B0036,0.9978917241096497,False
0.05,B0036,0.997281551361084,False
0.1,B0036,0.9965511560440063,False
0.2,B0036,0.9783231616020203,False
0.01,B0036,0.9993393421173096,False
0.02,B0036,0.994869589805603,False
0.05,B0036,0.9870445728302002,False
0.1,B0036,0.9862478971481323,False
0.2,B0036,0.9605538845062256,False
0.01,B0036,0.9988723397254944,False
0.02,B0036,0.9991580843925476,False
0.05,B0036,0.9983623027801514,False
0.1,B0036,0.9971483945846558,False
0.2,B0036,0.9824802279472351,False
0.01,B0036,0.9986135959625244,False
0.02,B0036,0.9989854097366333,False
0.05,B0036,0.989714503288269,False
0.1,B0036,0.9750403761863708,False
0.2,B0036,0.8498701453208923,False
0.01,B0036,0.9934760928153992,False
0.02,B0036,0.9985207319259644,False
0.05,B0036,0.9807000160217285,False
0.1,B0036,0.9806490540504456,False
0.2,B0036,0.9343826770782471,False
0.01,B0036,0.9991359710693359,False
0.02,B0036,0.9993352890014648,False
0.05,B0036,0.9984538555145264,False
0.1,B0036,0.9912043809890747,False
0.2,B0036,0.9833576679229736,False
0.01,B0036,0.999086856842041,False
0.02,B0036,0.9986290335655212,False
0.05,B0036,0.9977385997772217,False
0.1,B0036,0.9879906177520752,False
0.2,B0036,0.9959135055541992,False
0.01,B0036,0.9986317157745361,False
0.02,B0036,0.9981417655944824,False
0.05,B0036,0.9964883923530579,False
0.1,B0036,0.9939931631088257,False
0.2,B0036,0.9732864499092102,False
0.01,B0036,0.9990987777709961,False
0.02,B0036,0.9992269277572632,False
0.05,B0036,0.9906085133552551,False
0.1,B0036,0.9944329857826233,False
0.2,B0036,0.9812265038490295,False
0.01,B0036,0.9987882971763611,False
0.02,B0036,0.9982858896255493,False
0.05,B0036,0.9979760646820068,False
0.1,B0036,0.9917528033256531,False
0.2,B0036,0.9819319248199463,False
0.01,B0036,0.9949851036071777,False
0.02,B0036,0.9977056384086609,False
0.05,B0036,0.9906958341598511,False
0.1,B0036,0.9616272449493408,False
0.2,B0036,0.7733549475669861,True
0.01,B0036,0.9945849180221558,False
0.02,B0036,0.9941007494926453,False
0.05,B0036,0.983498752117157,False
0.1,B0036,0.9887853860855103,False
0.2,B0036,0.9052543044090271,False
0.01,B0036,0.9969146251678467,False
0.02,B0036,0.9888221621513367,False
0.05,B0036,0.9969478845596313,False
0.1,B0036,0.9700909852981567,False
0.2,B0036,0.9580628871917725,False
0.01,B0036,0.9946464896202087,False
0.02,B0036,0.9904214143753052,False
0.05,B0036,0.9826860427856445,False
0.1,B0036,0.962287187576294,False
0.2,B0036,0.9748362302780151,False
0.01,B0036,0.9887427091598511,False
0.02,B0036,0.9822280406951904,False
0.05,B0036,0.9800458550453186,False
0.1,B0036,0.9666614532470703,False
0.2,B0036,0.8817883729934692,False
0.01,B0036,0.9878264665603638,False
0.02,B0036,0.9859001040458679,False
0.05,B0036,0.98782879114151,False
0.1,B0036,0.9722866415977478,False
0.2,B0036,0.9586778879165649,False
0.01,B0036,0.9928935766220093,False
0.02,B0036,0.9913139343261719,False
0.05,B0036,0.9976588487625122,False
0.1,B0036,0.982619047164917,False
0.2,B0036,0.8774492144584656,False
0.01,B0036,0.9992969036102295,False
0.02,B0036,0.9979493021965027,False
0.05,B0036,0.9943369626998901,False
0.1,B0036,0.9858181476593018,False
0.2,B0036,0.9643753170967102,False
0.01,B0036,0.9989404082298279,False
0.02,B0036,0.9923151731491089,False
0.05,B0036,0.9880017638206482,False
0.1,B0036,0.9720830321311951,False
0.2,B0036,0.9040040969848633,False
0.01,B0036,0.6226725578308105,True
0.02,B0036,0.640559196472168,True
0.05,B0036,0.6670818328857422,True
0.1,B0036,0.697984516620636,True
0.2,B0036,0.6783245801925659,True
0.01,B0036,0.7350049018859863,True
0.02,B0036,0.7189722061157227,True
0.05,B0036,0.7926127910614014,True
0.1,B0036,0.7292813062667847,True
0.2,B0036,0.5936238765716553,True
0.01,B0036,0.8404770493507385,True
0.02,B0036,0.8289814591407776,True
0.05,B0036,0.790655255317688,True
0.1,B0036,0.8249149322509766,True
0.2,B0036,0.6553373336791992,True
0.01,B0036,0.8852309584617615,False
0.02,B0036,0.8759442567825317,False
0.05,B0036,0.8484610319137573,False
0.1,B0036,0.8443902730941772,True
0.2,B0036,0.8727943301200867,False
0.01,B0036,0.8290632367134094,True
0.02,B0036,0.8536986112594604,False
0.05,B0036,0.8179855346679688,True
0.1,B0036,0.7968712449073792,True
0.2,B0036,0.6012418866157532,True
0.01,B0036,0.8750329613685608,False
0.02,B0036,0.85591059923172,False
0.05,B0036,0.8523392677307129,False
0.1,B0036,0.8654407262802124,False
0.2,B0036,0.8905929327011108,False
0.01,B0036,0.8103793859481812,True
0.02,B0036,0.8072701692581177,True
0.05,B0036,0.8166834115982056,True
0.1,B0036,0.7924073934555054,True
0.2,B0036,0.8024910688400269,True
0.01,B0036,0.8169002532958984,True
0.02,B0036,0.8398855924606323,True
0.05,B0036,0.7628092765808105,True
0.1,B0036,0.7418105006217957,True
0.2,B0036,0.7280340194702148,True
0.01,B0036,0.8766528367996216,False
0.02,B0036,0.8834508061408997,False
0.05,B0036,0.9041193127632141,False
0.1,B0036,0.8930928111076355,False
0.2,B0036,0.9207615256309509,False
0.01,B0036,0.8783231973648071,False
0.02,B0036,0.893856942653656,False
0.05,B0036,0.8884756565093994,False
0.1,B0036,0.7541608810424805,True
0.2,B0036,0.6754626035690308,True
0.01,B0036,0.8731712102890015,False
0.02,B0036,0.9052257537841797,False
0.05,B0036,0.9057646989822388,False
0.1,B0036,0.9231809377670288,False
0.2,B0036,0.9177451729774475,False
0.01,B0036,0.8205147981643677,True
0.02,B0036,0.8463342189788818,False
0.05,B0036,0.8491662740707397,False
0.1,B0036,0.8442485332489014,True
0.2,B0036,0.8944908976554871,False
0.01,B0036,0.8183744549751282,True
0.02,B0036,0.8246612548828125,True
0.05,B0036,0.8158630728721619,True
0.1,B0036,0.8299432992935181,True
0.2,B0036,0.7765418291091919,True
0.01,B0036,0.8966017365455627,False
0.02,B0036,0.8899688720703125,False
0.05,B0036,0.8921188712120056,False
0.1,B0036,0.9035000205039978,False
0.2,B0036,0.9000986814498901,False
0.01,B0036,0.8650325536727905,False
0.02,B0036,0.8950785994529724,False
0.05,B0036,0.8437154293060303,True
0.1,B0036,0.8603237867355347,False
0.2,B0036,0.43892908096313477,True
0.01,B0036,0.8911827802658081,False
0.02,B0036,0.8741649389266968,False
0.05,B0036,0.849606990814209,False
0.1,B0036,0.8778848648071289,False
0.2,B0036,0.7246293425559998,True
0.01,B0036,0.6492940187454224,True
0.02,B0036,0.6191227436065674,True
0.05,B0036,0.6364469528198242,True
0.1,B0036,0.5894151926040649,True
0.2,B0036,0.153859943151474,True
0.01,B0036,0.499472051858902,True
0.02,B0036,0.49729591608047485,True
0.05,B0036,0.4894995093345642,True
0.1,B0036,0.4593280851840973,True
0.2,B0036,0.15279041230678558,True
0.01,B0036,0.6658947467803955,True
0.02,B0036,0.6834292411804199,True
0.05,B0036,0.6529695987701416,True
0.1,B0036,0.601433515548706,True
0.2,B0036,0.5568881034851074,True
0.01,B0036,0.8436710834503174,True
0.02,B0036,0.8399410247802734,True
0.05,B0036,0.8382618427276611,True
0.1,B0036,0.8625621795654297,False
0.2,B0036,0.8084278702735901,True
0.01,B0036,0.8768174648284912,False
0.02,B0036,0.88736891746521,False
0.05,B0036,0.8923543095588684,False
0.1,B0036,0.8891279101371765,False
0.2,B0036,0.8764371871948242,False
0.01,B0036,0.6722548007965088,True
0.02,B0036,0.645850658416748,True
0.05,B0036,0.5706496238708496,True
0.1,B0036,0.5916928052902222,True
0.2,B0036,0.28318387269973755,True
0.01,B0036,0.4665305018424988,True
0.02,B0036,0.432961106300354,True
0.05,B0036,0.5297641754150391,True
0.1,B0036,0.326302707195282,True
0.2,B0036,0.4481147527694702,True
0.01,B0036,0.6719330549240112,True
0.02,B0036,0.6414021253585815,True
0.05,B0036,0.5607259273529053,True
0.1,B0036,0.7064187526702881,True
0.2,B0036,0.31129395961761475,True
0.01,B0036,0.11134137958288193,True
0.02,B0036,0.05388978496193886,True
0.05,B0036,0.049767304211854935,True
0.1,B0036,-0.015351437963545322,True
0.2,B0036,-0.07014384865760803,True
0.01,B0036,0.6165691018104553,True
0.02,B0036,0.6553089618682861,True
0.05,B0036,0.6363837718963623,True
0.1,B0036,0.6355705261230469,True
0.2,B0036,0.7495620250701904,True
0.01,B0036,0.7441133260726929,True
0.02,B0036,0.7693882584571838,True
0.05,B0036,0.7189799547195435,True
0.1,B0036,0.7454010248184204,True
0.2,B0036,0.5837695598602295,True
0.01,B0036,0.8313348293304443,True
0.02,B0036,0.830693244934082,True
0.05,B0036,0.8521946668624878,False
0.1,B0036,0.8249896764755249,True
0.2,B0036,0.7014564871788025,True
0.01,B0036,0.7390757203102112,True
0.02,B0036,0.752420961856842,True
0.05,B0036,0.7700237035751343,True
0.1,B0036,0.7592479586601257,True
0.2,B0036,0.7796192169189453,True
0.01,B0036,0.5486623048782349,True
0.02,B0036,0.47473329305648804,True
0.05,B0036,0.48573243618011475,True
0.1,B0036,0.46441444754600525,True
0.2,B0036,0.16810694336891174,True
0.01,B0036,0.5788434147834778,True
0.02,B0036,0.5498528480529785,True
0.05,B0036,0.6560356020927429,True
0.1,B0036,0.6732093095779419,True
0.2,B0036,0.7668620347976685,True
0.01,B0036,0.7749831676483154,True
0.02,B0036,0.7920422554016113,True
0.05,B0036,0.7132105827331543,True
0.1,B0036,0.8156354427337646,True
0.2,B0036,0.8133647441864014,True
0.01,B0036,0.7338265776634216,True
0.02,B0036,0.7472149133682251,True
0.05,B0036,0.6598836779594421,True
0.1,B0036,0.6088538765907288,True
0.2,B0036,0.2957429885864258,True
0.01,B0036,0.802371621131897,True
0.02,B0036,0.7885364294052124,True
0.05,B0036,0.8211990594863892,True
0.1,B0036,0.7935436367988586,True
0.2,B0036,0.8363714814186096,True
0.01,B0036,0.6906933188438416,True
0.02,B0036,0.6916069984436035,True
0.05,B0036,0.7843177318572998,True
0.1,B0036,0.7336719036102295,True
0.2,B0036,0.8083038330078125,True
0.01,B0036,0.4946975111961365,True
0.02,B0036,0.5170325040817261,True
0.05,B0036,0.490534245967865,True
0.1,B0036,0.5427912473678589,True
0.2,B0036,0.39844608306884766,True
0.01,B0036,0.5826839208602905,True
0.02,B0036,0.5869535207748413,True
0.05,B0036,0.6191047430038452,True
0.1,B0036,0.6370593309402466,True
0.2,B0036,0.6964852809906006,True
0.01,B0036,0.7996901273727417,True
0.02,B0036,0.7790090441703796,True
0.05,B0036,0.7460760474205017,True
0.1,B0036,0.6885789632797241,True
0.2,B0036,0.6704143285751343,True
0.01,B0036,0.8432067632675171,True
0.02,B0036,0.8163913488388062,True
0.05,B0036,0.7791115045547485,True
0.1,B0036,0.8381327986717224,True
0.2,B0036,0.6305162310600281,True
0.01,B0036,0.8506555557250977,False
0.02,B0036,0.859862208366394,False
0.05,B0036,0.8219911456108093,True
0.1,B0036,0.6924393773078918,True
0.2,B0036,0.6926493048667908,True
0.01,B0036,0.6446526050567627,True
0.02,B0036,0.6274099349975586,True
0.05,B0036,0.6694434881210327,True
0.1,B0036,0.41722720861434937,True
0.2,B0036,0.5523961186408997,True
0.01,B0036,0.4489814043045044,True
0.02,B0036,0.4537053406238556,True
0.05,B0036,0.5165867209434509,True
0.1,B0036,0.6106544733047485,True
0.2,B0036,0.5899088382720947,True
0.01,B0036,0.5793184041976929,True
0.02,B0036,0.5283783674240112,True
0.05,B0036,0.5232387781143188,True
0.1,B0036,0.5622701644897461,True
0.2,B0036,0.32321640849113464,True
0.01,B0036,0.8013496994972229,True
0.02,B0036,0.8121391534805298,True
0.05,B0036,0.7846309542655945,True
0.1,B0036,0.7469363212585449,True
0.2,B0036,0.4858608841896057,True
0.01,B0036,0.8469046354293823,False
0.02,B0036,0.8660584688186646,False
0.05,B0036,0.844116747379303,True
0.1,B0036,0.8806096911430359,False
0.2,B0036,0.9257785081863403,False
0.01,B0036,0.7093089818954468,True
0.02,B0036,0.6970986127853394,True
0.05,B0036,0.6026190519332886,True
0.1,B0036,0.551956057548523,True
0.2,B0036,0.6866546869277954,True
0.01,B0036,0.5258207321166992,True
0.02,B0036,0.4653812646865845,True
0.05,B0036,0.550326943397522,True
0.1,B0036,0.5112861394882202,True
0.2,B0036,0.6179991960525513,True
0.01,B0036,0.6907660961151123,True
0.02,B0036,0.6737828254699707,True
0.05,B0036,0.7307737469673157,True
0.1,B0036,0.6332419514656067,True
0.2,B0036,0.1653694063425064,True
0.01,B0036,0.8043011426925659,True
0.02,B0036,0.8039720058441162,True
0.05,B0036,0.7779432535171509,True
0.1,B0036,0.6765709519386292,True
0.2,B0036,0.28155505657196045,True
0.01,B0036,0.8486747145652771,False
0.02,B0036,0.8309540748596191,True
0.05,B0036,0.8480442762374878,False
0.1,B0036,0.7860766053199768,True
0.2,B0036,0.683255136013031,True
0.01,B0036,0.8716083765029907,False
0.02,B0036,0.8873317837715149,False
0.05,B0036,0.8524897694587708,False
0.1,B0036,0.8223057985305786,True
0.2,B0036,0.8740511536598206,False
0.01,B0036,0.6957029104232788,True
0.02,B0036,0.7123512625694275,True
0.05,B0036,0.7393831014633179,True
0.1,B0036,0.7570244073867798,True
0.2,B0036,0.7612666487693787,True
0.01,B0036,0.5077464580535889,True
0.02,B0036,0.44029271602630615,True
0.05,B0036,0.3916388154029846,True
0.1,B0036,0.2877395749092102,True
0.2,B0036,0.4654601812362671,True
0.01,B0036,0.7331942319869995,True
0.02,B0036,0.764362096786499,True
0.05,B0036,0.7941421270370483,True
0.1,B0036,0.7363402843475342,True
0.2,B0036,0.8580594658851624,False
0.01,B0036,0.8622992038726807,False
0.02,B0036,0.8601609468460083,False
0.05,B0036,0.8717769384384155,False
0.1,B0036,0.9019037485122681,False
0.2,B0036,0.9054495692253113,False
0.01,B0036,0.912522554397583,False
0.02,B0036,0.8937637209892273,False
0.05,B0036,0.8998367786407471,False
0.1,B0036,0.911322832107544,False
0.2,B0036,0.8997642993927002,False
0.01,B0036,0.8899520635604858,False
0.02,B0036,0.889207661151886,False
0.05,B0036,0.8892301321029663,False
0.1,B0036,0.7212702035903931,True
0.2,B0036,0.5752468109130859,True
0.01,B0036,0.8810354471206665,False
0.02,B0036,0.8744388818740845,False
0.05,B0036,0.8448359966278076,True
0.1,B0036,0.774529218673706,True
0.2,B0036,0.6032028794288635,True
0.01,B0036,0.9140850305557251,False
0.02,B0036,0.8966219425201416,False
0.05,B0036,0.858648419380188,False
0.1,B0036,0.8599871397018433,False
0.2,B0036,0.6131644248962402,True
0.01,B0036,0.8727124929428101,False
0.02,B0036,0.8862379789352417,False
0.05,B0036,0.8437604904174805,True
0.1,B0036,0.7539844512939453,True
0.2,B0036,0.5458272695541382,True
0.01,B0036,0.9169552326202393,False
0.02,B0036,0.921190619468689,False
0.05,B0036,0.8799600601196289,False
0.1,B0036,0.8959566950798035,False
0.2,B0036,0.9465067386627197,False
0.01,B0036,0.8943512439727783,False
0.02,B0036,0.8927885293960571,False
0.05,B0036,0.9045233130455017,False
0.1,B0036,0.7502784729003906,True
0.2,B0036,0.6321280598640442,True
0.01,B0036,0.9126026630401611,False
0.02,B0036,0.8959107398986816,False
0.05,B0036,0.8606505393981934,False
0.1,B0036,0.884136974811554,False
0.2,B0036,0.7221966981887817,True
0.01,B0036,0.8967892527580261,False
0.02,B0036,0.9069769382476807,False
0.05,B0036,0.897240400314331,False
0.1,B0036,0.8692196607589722,False
0.2,B0036,0.7863207459449768,True
0.01,B0036,0.9148526191711426,False
0.02,B0036,0.8881744146347046,False
0.05,B0036,0.8353323936462402,True
0.1,B0036,0.8182264566421509,True
0.2,B0036,0.7827553749084473,True
0.01,B0036,0.9025932550430298,False
0.02,B0036,0.9264857172966003,False
0.05,B0036,0.9155528545379639,False
0.1,B0036,0.9029432535171509,False
0.2,B0036,0.8916138410568237,False
0.01,B0036,0.8979400396347046,False
0.02,B0036,0.8942543268203735,False
0.05,B0036,0.8688900470733643,False
0.1,B0036,0.7779197692871094,True
0.2,B0036,0.6882910132408142,True
0.01,B0036,0.9137390851974487,False
0.02,B0036,0.9120563268661499,False
0.05,B0036,0.9218852519989014,False
0.1,B0036,0.896777868270874,False
0.2,B0036,0.8748141527175903,False
0.01,B0036,0.820565402507782,True
0.02,B0036,0.8338309526443481,True
0.05,B0036,0.8655608892440796,False
0.1,B0036,0.7898843884468079,True
0.2,B0036,0.5300874710083008,True
0.01,B0036,0.8036009073257446,True
0.02,B0036,0.7952693700790405,True
0.05,B0036,0.7799614071846008,True
0.1,B0036,0.8160167336463928,True
0.2,B0036,0.852523922920227,False
0.01,B0036,0.6734318137168884,True
0.02,B0036,0.693431556224823,True
0.05,B0036,0.616168200969696,True
0.1,B0036,0.6807758808135986,True
0.2,B0036,0.41837722063064575,True
0.01,B0036,0.8584588766098022,False
0.02,B0036,0.8686186075210571,False
0.05,B0036,0.8515077829360962,False
0.1,B0036,0.714302122592926,True
0.2,B0036,0.5177884101867676,True
0.01,B0036,0.9296952486038208,False
0.02,B0036,0.928294837474823,False
0.05,B0036,0.9197372198104858,False
0.1,B0036,0.9344973564147949,False
0.2,B0036,0.9248028993606567,False
0.01,B0036,0.9239458441734314,False
0.02,B0036,0.9227113723754883,False
0.05,B0036,0.9017671346664429,False
0.1,B0036,0.8361091613769531,True
0.2,B0036,0.5523426532745361,True
0.01,B0036,0.8407478928565979,True
0.02,B0036,0.8309822082519531,True
0.05,B0036,0.8708227872848511,False
0.1,B0036,0.709170937538147,True
0.2,B0036,0.6069976687431335,True
0.01,B0036,0.824428915977478,True
0.02,B0036,0.8196877837181091,True
0.05,B0036,0.8250861167907715,True
0.1,B0036,0.788874089717865,True
0.2,B0036,0.8110711574554443,True
0.01,B0036,0.7826354503631592,True
0.02,B0036,0.7781572341918945,True
0.05,B0036,0.7353065013885498,True
0.1,B0036,0.7336927652359009,True
0.2,B0036,0.5649138689041138,True
0.01,B0036,0.9039506316184998,False
0.02,B0036,0.9243663549423218,False
0.05,B0036,0.9023439288139343,False
0.1,B0036,0.8987290859222412,False
0.2,B0036,0.9354016780853271,False
0.01,B0036,0.9301500916481018,False
0.02,B0036,0.9264485239982605,False
0.05,B0036,0.9269455671310425,False
0.1,B0036,0.9098438024520874,False
0.2,B0036,0.8960920572280884,False
0.01,B0036,0.9208061695098877,False
0.02,B0036,0.8992739319801331,False
0.05,B0036,0.9237121343612671,False
0.1,B0036,0.9187806844711304,False
0.2,B0036,0.9351003766059875,False
0.01,B0036,0.7668102383613586,True
0.02,B0036,0.7743204832077026,True
0.05,B0036,0.7194411754608154,True
0.1,B0036,0.7265171408653259,True
0.2,B0036,0.39333653450012207,True
0.01,B0036,0.6767561435699463,True
0.02,B0036,0.6840586066246033,True
0.05,B0036,0.6891266703605652,True
0.1,B0036,0.7139443159103394,True
0.2,B0036,0.7330218553543091,True
0.01,B0036,0.7787392735481262,True
0.02,B0036,0.7774157524108887,True
0.05,B0036,0.7024816274642944,True
0.1,B0036,0.6961718797683716,True
0.2,B0036,0.7163084149360657,True
0.01,B0036,0.909092903137207,False
0.02,B0036,0.8996399641036987,False
0.05,B0036,0.8596905469894409,False
0.1,B0036,0.8144453763961792,True
0.2,B0036,0.6637588739395142,True
0.01,B0036,0.9018059968948364,False
0.02,B0036,0.8910505771636963,False
0.05,B0036,0.9059544205665588,False
0.1,B0036,0.8590925931930542,False
0.2,B0036,0.8400517702102661,True
0.01,B0036,0.9133172035217285,False
0.02,B0036,0.8882168531417847,False
0.05,B0036,0.8878738284111023,False
0.1,B0036,0.8539432883262634,False
0.2,B0036,0.7317778468132019,True
0.01,B0036,0.706143319606781,True
0.02,B0036,0.6938050389289856,True
0.05,B0036,0.712958812713623,True
0.1,B0036,0.7101376056671143,True
0.2,B0036,0.6335577368736267,True
0.01,B0036,0.5834218859672546,True
0.02,B0036,0.598227322101593,True
0.05,B0036,0.600554347038269,True
0.1,B0036,0.5539390444755554,True
0.2,B0036,0.525841474533081,True
0.01,B0036,0.7615288496017456,True
0.02,B0036,0.7487345933914185,True
0.05,B0036,0.7278748154640198,True
0.1,B0036,0.792817234992981,True
0.2,B0036,0.8060194849967957,True
0.01,B0036,0.89449143409729,False
0.02,B0036,0.8778554201126099,False
0.05,B0036,0.8897201418876648,False
0.1,B0036,0.9275203943252563,False
0.2,B0036,0.8877128958702087,False
0.01,B0036,0.919765055179596,False
0.02,B0036,0.9245666265487671,False
0.05,B0036,0.9305896759033203,False
0.1,B0036,0.9279302358627319,False
0.2,B0036,0.9445658922195435,False
0.01,B0036,0.8773468732833862,False
0.02,B0036,0.898745059967041,False
0.05,B0036,0.8972649574279785,False
0.1,B0036,0.8824619054794312,False
0.2,B0036,0.9147863388061523,False
0.01,B0036,0.0319584421813488,True
0.02,B0036,0.03285302594304085,True
0.05,B0036,-0.05641009286046028,True
0.1,B0036,0.01824086718261242,True
0.2,B0036,-0.011835554614663124,True
0.01,B0036,0.7161377668380737,True
0.02,B0036,0.7206012606620789,True
0.05,B0036,0.6253666281700134,True
0.1,B0036,0.7159976959228516,True
0.2,B0036,0.4669928550720215,True
0.01,B0036,0.8296283483505249,True
0.02,B0036,0.8254055380821228,True
0.05,B0036,0.8687229156494141,False
0.1,B0036,0.8383533954620361,True
0.2,B0036,0.8362178802490234,True
0.01,B0036,0.8543175458908081,False
0.02,B0036,0.8563944101333618,False
0.05,B0036,0.8669289350509644,False
0.1,B0036,0.8648509979248047,False
0.2,B0036,0.8759942650794983,False
0.01,B0036,0.841204822063446,True
0.02,B0036,0.8487067222595215,False
0.05,B0036,0.8488083481788635,False
0.1,B0036,0.8514372110366821,False
0.2,B0036,0.8125594854354858,True
0.01,B0036,0.8540155291557312,False
0.02,B0036,0.878322422504425,False
0.05,B0036,0.8741753101348877,False
0.1,B0036,0.7508533596992493,True
0.2,B0036,0.7556235790252686,True
0.01,B0036,0.8537576198577881,False
0.02,B0036,0.8847335577011108,False
0.05,B0036,0.8799961805343628,False
0.1,B0036,0.8921478986740112,False
0.2,B0036,0.8941335678100586,False
0.01,B0036,0.8936038017272949,False
0.02,B0036,0.8912920951843262,False
0.05,B0036,0.8847991824150085,False
0.1,B0036,0.9073673486709595,False
0.2,B0036,0.9082226753234863,False
0.01,B0036,0.8797159194946289,False
0.02,B0036,0.8987486958503723,False
0.05,B0036,0.8884071707725525,False
0.1,B0036,0.8955596685409546,False
0.2,B0036,0.873809814453125,False
0.01,B0036,0.8741296529769897,False
0.02,B0036,0.8892775774002075,False
0.05,B0036,0.9084438681602478,False
0.1,B0036,0.890604555606842,False
0.2,B0036,0.8799307346343994,False
0.01,B0036,0.8925902843475342,False
0.02,B0036,0.8866191506385803,False
0.05,B0036,0.8935355544090271,False
0.1,B0036,0.9027593731880188,False
0.2,B0036,0.8755666613578796,False
0.01,B0036,0.8764479756355286,False
0.02,B0036,0.8826146721839905,False
0.05,B0036,0.863950252532959,False
0.1,B0036,0.8820908665657043,False
0.2,B0036,0.8827641606330872,False
0.01,B0036,0.8800841569900513,False
0.02,B0036,0.8396027684211731,True
0.05,B0036,0.834223210811615,True
0.1,B0036,0.7074779272079468,True
0.2,B0036,0.41190698742866516,True
0.01,B0036,0.8651692271232605,False
0.02,B0036,0.8553308844566345,False
0.05,B0036,0.8213211297988892,True
0.1,B0036,0.8767780065536499,False
0.2,B0036,0.7309573888778687,True
0.01,B0036,0.859735369682312,False
0.02,B0036,0.8888893723487854,False
0.05,B0036,0.8194365501403809,True
0.1,B0036,0.832798182964325,True
0.2,B0036,0.6722797751426697,True
0.01,B0036,0.8608933687210083,False
0.02,B0036,0.8605234026908875,False
0.05,B0036,0.8567594289779663,False
0.1,B0036,0.8220040798187256,True
0.2,B0036,0.5990506410598755,True
0.01,B0036,0.7278233766555786,True
0.02,B0036,0.7173454165458679,True
0.05,B0036,0.7434669733047485,True
0.1,B0036,0.766242265701294,True
0.2,B0036,0.7489131689071655,True
0.01,B0036,0.5540429353713989,True
0.02,B0036,0.5594286322593689,True
0.05,B0036,0.5775285363197327,True
0.1,B0036,0.5604931712150574,True
0.2,B0036,0.5556366443634033,True
0.01,B0036,0.6642098426818848,True
0.02,B0036,0.6612826585769653,True
0.05,B0036,0.6358896493911743,True
0.1,B0036,0.7157359719276428,True
0.2,B0036,0.6911426186561584,True
0.01,B0036,0.7818576693534851,True
0.02,B0036,0.7979483008384705,True
0.05,B0036,0.704187273979187,True
0.1,B0036,0.7238446474075317,True
0.2,B0036,0.716273307800293,True
0.01,B0036,0.8627846240997314,False
0.02,B0036,0.8769415616989136,False
0.05,B0036,0.8620133996009827,False
0.1,B0036,0.8680132627487183,False
0.2,B0036,0.8978209495544434,False
0.01,B0036,0.7794141173362732,True
0.02,B0036,0.7920238971710205,True
0.05,B0036,0.8009127378463745,True
0.1,B0036,0.8180398941040039,True
0.2,B0036,0.8183737397193909,True
0.01,B0036,0.5407688617706299,True
0.02,B0036,0.5293391942977905,True
0.05,B0036,0.5228440761566162,True
0.1,B0036,0.4818732738494873,True
0.2,B0036,0.24444812536239624,True
0.01,B0036,0.7824501991271973,True
0.02,B0036,0.7896784543991089,True
0.05,B0036,0.8033862709999084,True
0.1,B0036,0.8274881839752197,True
0.2,B0036,0.811080813407898,True
0.01,B0036,0.8209899663925171,True
0.02,B0036,0.8494183421134949,False
0.05,B0036,0.7758338451385498,True
0.1,B0036,0.685943603515625,True
0.2,B0036,0.7265902757644653,True
0.01,B0036,0.8520325422286987,False
0.02,B0036,0.8443472385406494,True
0.05,B0036,0.8450807332992554,True
0.1,B0036,0.7872177362442017,True
0.2,B0036,0.6327773332595825,True
0.01,B0036,0.8910597562789917,False
0.02,B0036,0.8826102018356323,False
0.05,B0036,0.9193028807640076,False
0.1,B0036,0.9005619287490845,False
0.2,B0036,0.9216950535774231,False
0.01,B0036,0.68135666847229,True
0.02,B0036,0.6928378939628601,True
0.05,B0036,0.5932674407958984,True
0.1,B0036,0.5699301362037659,True
0.2,B0036,0.27002811431884766,True
0.01,B0036,0.6038644909858704,True
0.02,B0036,0.5875309705734253,True
0.05,B0036,0.5340207815170288,True
0.1,B0036,0.4702882766723633,True
0.2,B0036,0.3833962678909302,True
0.01,B0036,0.7831845283508301,True
0.02,B0036,0.8217062950134277,True
0.05,B0036,0.7874789237976074,True
0.1,B0036,0.7996867299079895,True
0.2,B0036,0.8496590256690979,False
0.01,B0036,0.8358765840530396,True
0.02,B0036,0.848260760307312,False
0.05,B0036,0.8233474493026733,True
0.1,B0036,0.7471802830696106,True
0.2,B0036,0.7289091348648071,True
0.01,B0036,0.8635968565940857,False
0.02,B0036,0.8366814255714417,True
0.05,B0036,0.8622602224349976,False
0.1,B0036,0.6981594562530518,True
0.2,B0036,0.6805235147476196,True
0.01,B0036,0.807486891746521,True
0.02,B0036,0.8552160263061523,False
0.05,B0036,0.8031049966812134,True
0.1,B0036,0.8419990539550781,True
0.2,B0036,0.8721170425415039,False
0.01,B0036,0.7260276079177856,True
0.02,B0036,0.6774886250495911,True
0.05,B0036,0.7203633785247803,True
0.1,B0036,0.7561987638473511,True
0.2,B0036,0.741572380065918,True
0.01,B0036,0.43831974267959595,True
0.02,B0036,0.44177669286727905,True
0.05,B0036,0.4963189363479614,True
0.1,B0036,0.4789685010910034,True
0.2,B0036,0.6571606993675232,True
0.01,B0036,0.717907190322876,True
0.02,B0036,0.7392175793647766,True
0.05,B0036,0.7550411820411682,True
0.1,B0036,0.7448245286941528,True
0.2,B0036,0.7677959203720093,True
0.01,B0036,0.8271033763885498,True
0.02,B0036,0.8398699760437012,True
0.05,B0036,0.8482922911643982,False
0.1,B0036,0.8536823987960815,False
0.2,B0036,0.8496463298797607,False
0.01,B0036,0.8513386249542236,False
0.02,B0036,0.8753507137298584,False
0.05,B0036,0.7904406785964966,True
0.1,B0036,0.7969014644622803,True
0.2,B0036,0.5328769683837891,True
0.01,B0036,0.8659052848815918,False
0.02,B0036,0.8749191761016846,False
0.05,B0036,0.849481463432312,False
0.1,B0036,0.8192345499992371,True
0.2,B0036,0.6405929327011108,True
0.01,B0036,0.8897627592086792,False
0.02,B0036,0.9035326242446899,False
0.05,B0036,0.8701018691062927,False
0.1,B0036,0.9085699319839478,False
0.2,B0036,0.8944921493530273,False
0.01,B0036,0.849920928478241,False
0.02,B0036,0.860751748085022,False
0.05,B0036,0.8830881118774414,False
0.1,B0036,0.8340886235237122,True
0.2,B0036,0.8038289546966553,True
0.01,B0036,0.8866870403289795,False
0.02,B0036,0.9005113244056702,False
0.05,B0036,0.890914797782898,False
0.1,B0036,0.876348614692688,False
0.2,B0036,0.9214716553688049,False
0.01,B0036,0.6419515013694763,True
0.02,B0036,0.6120107173919678,True
0.05,B0036,0.6279280185699463,True
0.1,B0036,0.5158089995384216,True
0.2,B0036,0.43217673897743225,True
0.01,B0036,0.5771343111991882,True
0.02,B0036,0.5807033181190491,True
0.05,B0036,0.5881530046463013,True
0.1,B0036,0.6139770746231079,True
0.2,B0036,0.633906364440918,True
0.01,B0036,0.7370525002479553,True
0.02,B0036,0.7305747270584106,True
0.05,B0036,0.7481001615524292,True
0.1,B0036,0.7252931594848633,True
0.2,B0036,0.7638367414474487,True
0.01,B0036,0.781863272190094,True
0.02,B0036,0.7897217869758606,True
0.05,B0036,0.7011057138442993,True
0.1,B0036,0.7454923391342163,True
0.2,B0036,0.588039755821228,True
0.01,B0036,0.8475441932678223,False
0.02,B0036,0.8461828231811523,False
0.05,B0036,0.7695285081863403,True
0.1,B0036,0.7690458297729492,True
0.2,B0036,0.46975523233413696,True
0.01,B0036,0.7629376649856567,True
0.02,B0036,0.7777565121650696,True
0.05,B0036,0.7044910192489624,True
0.1,B0036,0.6513203978538513,True
0.2,B0036,0.5693182945251465,True
0.01,B0036,0.5946754217147827,True
0.02,B0036,0.573867678642273,True
0.05,B0036,0.4943954646587372,True
0.1,B0036,0.5510068535804749,True
0.2,B0036,0.38517940044403076,True
0.01,B0036,0.7780598998069763,True
0.02,B0036,0.7836625576019287,True
0.05,B0036,0.7706584334373474,True
0.1,B0036,0.8022280931472778,True
0.2,B0036,0.7444040775299072,True
0.01,B0036,0.8805642127990723,False
0.02,B0036,0.8791398406028748,False
0.05,B0036,0.8678296804428101,False
0.1,B0036,0.8736438751220703,False
0.2,B0036,0.8402193188667297,True
0.01,B0036,0.8752964735031128,False
0.02,B0036,0.8995697498321533,False
0.05,B0036,0.9084679484367371,False
0.1,B0036,0.8783535957336426,False
0.2,B0036,0.8985557556152344,False
0.01,B0036,0.895362377166748,False
0.02,B0036,0.9017252922058105,False
0.05,B0036,0.8920488357543945,False
0.1,B0036,0.8594269752502441,False
0.2,B0036,0.8756495118141174,False
0.01,B0036,0.8216546773910522,True
0.02,B0036,0.8510464429855347,False
0.05,B0036,0.8385440111160278,True
0.1,B0036,0.8220521807670593,True
0.2,B0036,0.8381118774414062,True
0.01,B0036,0.7647466659545898,True
0.02,B0036,0.7719816565513611,True
0.05,B0036,0.7491887211799622,True
0.1,B0036,0.8118603825569153,True
0.2,B0036,0.7666016817092896,True
0.01,B0036,0.7709089517593384,True
0.02,B0036,0.767206609249115,True
0.05,B0036,0.7865117788314819,True
0.1,B0036,0.8541089296340942,False
0.2,B0036,0.8682568073272705,False
0.01,B0036,0.8887895345687866,False
0.02,B0036,0.8907098770141602,False
0.05,B0036,0.8926181197166443,False
0.1,B0036,0.860069751739502,False
0.2,B0036,0.8734776973724365,False
0.01,B0036,0.8833315372467041,False
0.02,B0036,0.8813874125480652,False
0.05,B0036,0.8921430110931396,False
0.1,B0036,0.8469915390014648,False
0.2,B0036,0.7366549968719482,True
0.01,B0036,0.9049782156944275,False
0.02,B0036,0.8662465810775757,False
0.05,B0036,0.8763360977172852,False
0.1,B0036,0.8209989070892334,True
0.2,B0036,0.5697675347328186,True
0.01,B0036,0.7647647857666016,True
0.02,B0036,0.7430845499038696,True
0.05,B0036,0.7615399360656738,True
0.1,B0036,0.7445549964904785,True
0.2,B0036,0.6770771741867065,True
0.01,B0036,0.7432743310928345,True
0.02,B0036,0.7521036267280579,True
0.05,B0036,0.714011549949646,True
0.1,B0036,0.7491481304168701,True
0.2,B0036,0.8175805807113647,True
0.01,B0036,0.8109197616577148,True
0.02,B0036,0.7979020476341248,True
0.05,B0036,0.8050762414932251,True
0.1,B0036,0.796709418296814,True
0.2,B0036,0.7534642219543457,True
0.01,B0036,0.8553013801574707,False
0.02,B0036,0.8735040426254272,False
0.05,B0036,0.8493685722351074,False
0.1,B0036,0.829749345779419,True
0.2,B0036,0.48942092061042786,True
0.01,B0036,0.6611572504043579,True
0.02,B0036,0.6838240027427673,True
0.05,B0036,0.6352365016937256,True
0.1,B0036,0.5976275205612183,True
0.2,B0036,0.48585331439971924,True
0.01,B0036,0.886795163154602,False
0.02,B0036,0.8521918058395386,False
0.05,B0036,0.8521533608436584,False
0.1,B0036,0.7032625675201416,True
0.2,B0036,0.6460369825363159,True
0.01,B0036,0.8748600482940674,False
0.02,B0036,0.9028404951095581,False
0.05,B0036,0.8539043068885803,False
0.1,B0036,0.8528466820716858,False
0.2,B0036,0.589113175868988,True
0.01,B0036,0.9113670587539673,False
0.02,B0036,0.9070857763290405,False
0.05,B0036,0.9072229862213135,False
0.1,B0036,0.9114832878112793,False
0.2,B0036,0.8991247415542603,False
0.01,B0036,0.9179379940032959,False
0.02,B0036,0.9104052782058716,False
0.05,B0036,0.8773395419120789,False
0.1,B0036,0.9147751927375793,False
0.2,B0036,0.9248068928718567,False
0.01,B0036,0.9063781499862671,False
0.02,B0036,0.9060541391372681,False
0.05,B0036,0.9137638211250305,False
0.1,B0036,0.9051799774169922,False
0.2,B0036,0.9068008065223694,False
0.01,B0036,0.9160031080245972,False
0.02,B0036,0.9029682874679565,False
0.05,B0036,0.9118738174438477,False
0.1,B0036,0.8617181777954102,False
0.2,B0036,0.7775541543960571,True
0.01,B0036,0.9011462926864624,False
0.02,B0036,0.919046938419342,False
0.05,B0036,0.8888895511627197,False
0.1,B0036,0.8534066677093506,False
0.2,B0036,0.7086796164512634,True
0.01,B0036,0.9257205128669739,False
0.02,B0036,0.9335362911224365,False
0.05,B0036,0.931753396987915,False
0.1,B0036,0.9294321537017822,False
0.2,B0036,0.9605286121368408,False
0.01,B0036,0.9303876161575317,False
0.02,B0036,0.9367649555206299,False
0.05,B0036,0.9281654357910156,False
0.1,B0036,0.9477521181106567,False
0.2,B0036,0.9706095457077026,False
0.01,B0036,0.9229294061660767,False
0.02,B0036,0.9201886653900146,False
0.05,B0036,0.9238786697387695,False
0.1,B0036,0.9110046625137329,False
0.2,B0036,0.9132679104804993,False
0.01,B0036,0.9295737147331238,False
0.02,B0036,0.9148299694061279,False
0.05,B0036,0.9188467264175415,False
0.1,B0036,0.9263098239898682,False
0.2,B0036,0.9299603700637817,False
0.01,B0036,0.9262808561325073,False
0.02,B0036,0.9029906392097473,False
0.05,B0036,0.908474326133728,False
0.1,B0036,0.9098891019821167,False
0.2,B0036,0.9092860221862793,False
0.01,B0036,0.9086916446685791,False
0.02,B0036,0.9073476791381836,False
0.05,B0036,0.9030712842941284,False
0.1,B0036,0.842042088508606,True
0.2,B0036,0.7691153287887573,True
0.01,B0036,0.9305273294448853,False
0.02,B0036,0.9404128789901733,False
0.05,B0036,0.9434380531311035,False
0.1,B0036,0.9511706829071045,False
0.2,B0036,0.9514026641845703,False
0.01,B0036,0.8992351293563843,False
0.02,B0036,0.9054355621337891,False
0.05,B0036,0.8940317034721375,False
0.1,B0036,0.8508604764938354,False
0.2,B0036,0.525665819644928,True
0.01,B0036,0.6149876117706299,True
0.02,B0036,0.5815958976745605,True
0.05,B0036,0.6251552104949951,True
0.1,B0036,0.6392604112625122,True
0.2,B0036,0.6952766180038452,True
0.01,B0036,0.5881075263023376,True
0.02,B0036,0.5688549280166626,True
0.05,B0036,0.6080502271652222,True
0.1,B0036,0.5383816361427307,True
0.2,B0036,0.2905276119709015,True
0.01,B0036,0.7958970665931702,True
0.02,B0036,0.7737637758255005,True
0.05,B0036,0.8050115704536438,True
0.1,B0036,0.8083135485649109,True
0.2,B0036,0.8106050491333008,True
0.01,B0036,0.8798186779022217,False
0.02,B0036,0.8768658638000488,False
0.05,B0036,0.8771989345550537,False
0.1,B0036,0.8729504942893982,False
0.2,B0036,0.8759757280349731,False
0.01,B0036,0.8992040157318115,False
0.02,B0036,0.8994696140289307,False
0.05,B0036,0.8651084899902344,False
0.1,B0036,0.8772715330123901,False
0.2,B0036,0.8483964204788208,False
0.01,B0045,0.9987762570381165,False
0.02,B0045,0.9994508624076843,False
0.05,B0045,0.996522068977356,False
0.1,B0045,0.9704076051712036,False
0.2,B0045,0.9797874689102173,False
0.01,B0045,0.9976218342781067,False
0.02,B0045,0.9960317611694336,False
0.05,B0045,0.9965726137161255,False
0.1,B0045,0.9747925400733948,False
0.2,B0045,0.8926351070404053,False
0.01,B0045,0.9990172386169434,False
0.02,B0045,0.9971956014633179,False
0.05,B0045,0.9949151277542114,False
0.1,B0045,0.9916952848434448,False
0.2,B0045,0.9800665378570557,False
0.01,B0045,0.9977965950965881,False
0.02,B0045,0.9970066547393799,False
0.05,B0045,0.9942424893379211,False
0.1,B0045,0.9911743998527527,False
0.2,B0045,0.9807419776916504,False
0.01,B0045,0.9964990615844727,False
0.02,B0045,0.995034396648407,False
0.05,B0045,0.983549177646637,False
0.1,B0045,0.9772350192070007,False
0.2,B0045,0.8080853223800659,True
0.01,B0045,0.9980181455612183,False
0.02,B0045,0.9939810633659363,False
0.05,B0045,0.9908623099327087,False
0.1,B0045,0.9788143634796143,False
0.2,B0045,0.9409202337265015,False
0.01,B0045,0.9978097677230835,False
0.02,B0045,0.9970393180847168,False
0.05,B0045,0.9892243146896362,False
0.1,B0045,0.9865359663963318,False
0.2,B0045,0.9736812114715576,False
0.01,B0045,0.9961569905281067,False
0.02,B0045,0.9958470463752747,False
0.05,B0045,0.9962594509124756,False
0.1,B0045,0.9799942374229431,False
0.2,B0045,0.9767191410064697,False
0.01,B0045,0.9930415153503418,False
0.02,B0045,0.9907503128051758,False
0.05,B0045,0.9774881601333618,False
0.1,B0045,0.9707717895507812,False
0.2,B0045,0.8076722025871277,True
0.01,B0045,0.9932460188865662,False
0.02,B0045,0.9972877502441406,False
0.05,B0045,0.9906629323959351,False
0.1,B0045,0.9817647933959961,False
0.2,B0045,0.7945154905319214,True
0.01,B0045,0.9905665516853333,False
0.02,B0045,0.9948018193244934,False
0.05,B0045,0.9782421588897705,False
0.1,B0045,0.9733939170837402,False
0.2,B0045,0.8810902237892151,False
0.01,B0045,0.994931161403656,False
0.02,B0045,0.9944190979003906,False
0.05,B0045,0.9944182634353638,False
0.1,B0045,0.9649840593338013,False
0.2,B0045,0.9389692544937134,False
0.01,B0045,0.9978559017181396,False
0.02,B0045,0.9944043159484863,False
0.05,B0045,0.9899954795837402,False
0.1,B0045,0.985913872718811,False
0.2,B0045,0.9557967185974121,False
0.01,B0045,0.9985373020172119,False
0.02,B0045,0.9919028282165527,False
0.05,B0045,0.9925174713134766,False
0.1,B0045,0.9893134832382202,False
0.2,B0045,0.921819269657135,False
0.01,B0045,0.9944058656692505,False
0.02,B0045,0.9966326951980591,False
0.05,B0045,0.9878318309783936,False
0.1,B0045,0.9678482413291931,False
0.2,B0045,0.9557697772979736,False
0.01,B0045,0.9911161661148071,False
0.02,B0045,0.9923485517501831,False
0.05,B0045,0.9910577535629272,False
0.1,B0045,0.9865124225616455,False
0.2,B0045,0.8744316101074219,False
0.01,B0045,0.9958140850067139,False
0.02,B0045,0.9957705736160278,False
0.05,B0045,0.9898971319198608,False
0.1,B0045,0.9922471642494202,False
0.2,B0045,0.9871228337287903,False
0.01,B0045,0.9936092495918274,False
0.02,B0045,0.9972190260887146,False
0.05,B0045,0.9782142639160156,False
0.1,B0045,0.9617834687232971,False
0.2,B0045,0.9648425579071045,False
0.01,B0045,0.9959188103675842,False
0.02,B0045,0.9902119636535645,False
0.05,B0045,0.9918609857559204,False
0.1,B0045,0.9881810545921326,False
0.2,B0045,0.9654531478881836,False
0.01,B0045,0.8002999424934387,True
0.02,B0045,0.7894192934036255,True
0.05,B0045,0.7699347734451294,True
0.1,B0045,0.8427992463111877,True
0.2,B0045,0.8535555601119995,False
0.01,B0045,0.9904868602752686,False
0.02,B0045,0.9950723648071289,False
0.05,B0045,0.9829853773117065,False
0.1,B0045,0.9648322463035583,False
0.2,B0045,0.9256778359413147,False
0.01,B0045,0.9871070981025696,False
0.02,B0045,0.9954361319541931,False
0.05,B0045,0.9855672717094421,False
0.1,B0045,0.9709084033966064,False
0.2,B0045,0.8198457956314087,True
0.01,B0045,0.9928704500198364,False
0.02,B0045,0.9961297512054443,False
0.05,B0045,0.9866499304771423,False
0.1,B0045,0.982016921043396,False
0.2,B0045,0.9525319337844849,False
0.01,B0045,0.9971314072608948,False
0.02,B0045,0.9967709183692932,False
0.05,B0045,0.9965507984161377,False
0.1,B0045,0.9951070547103882,False
0.2,B0045,0.9595133066177368,False
0.01,B0045,0.9924139976501465,False
0.02,B0045,0.9966820478439331,False
0.05,B0045,0.9898455739021301,False
0.1,B0045,0.9707933664321899,False
0.2,B0045,0.9584994316101074,False
0.01,B0045,0.9971506595611572,False
0.02,B0045,0.9961386919021606,False
0.05,B0045,0.9987632036209106,False
0.1,B0045,0.9937497973442078,False
0.2,B0045,0.9967638254165649,False
0.01,B0045,0.9927829504013062,False
0.02,B0045,0.9910200238227844,False
0.05,B0045,0.9936203956604004,False
0.1,B0045,0.9668735265731812,False
0.2,B0045,0.897552490234375,False
0.01,B0045,0.9956439733505249,False
0.02,B0045,0.9955995082855225,False
0.05,B0045,0.9910706281661987,False
0.1,B0045,0.9825245141983032,False
0.2,B0045,0.9729515314102173,False
0.01,B0045,0.9947605729103088,False
0.02,B0045,0.9855433106422424,False
0.05,B0045,0.9878196716308594,False
0.1,B0045,0.9915707111358643,False
0.2,B0045,0.8386576771736145,True
0.01,B0045,0.995988130569458,False
0.02,B0045,0.9919843077659607,False
0.05,B0045,0.9836215376853943,False
0.1,B0045,0.9809467792510986,False
0.2,B0045,0.9812041521072388,False
0.01,B0045,0.9966667890548706,False
0.02,B0045,0.9914098381996155,False
0.05,B0045,0.9787790775299072,False
0.1,B0045,0.9660547375679016,False
0.2,B0045,0.8842188715934753,False
0.01,B0045,0.9939688444137573,False
0.02,B0045,0.9865807294845581,False
0.05,B0045,0.9791711568832397,False
0.1,B0045,0.9607246518135071,False
0.2,B0045,0.9651951789855957,False
0.01,B0045,0.9953926205635071,False
0.02,B0045,0.9943262338638306,False
0.05,B0045,0.9947503209114075,False
0.1,B0045,0.9770112037658691,False
0.2,B0045,0.9509429931640625,False
0.01,B0045,0.9910881519317627,False
0.02,B0045,0.9949012398719788,False
0.05,B0045,0.9926564693450928,False
0.1,B0045,0.9827004671096802,False
0.2,B0045,0.9828058481216431,False
0.01,B0045,0.9971234798431396,False
0.02,B0045,0.9963383674621582,False
0.05,B0045,0.9899485111236572,False
0.1,B0045,0.9681939482688904,False
0.2,B0045,0.9052389860153198,False
0.01,B0045,0.9906628727912903,False
0.02,B0045,0.9906542897224426,False
0.05,B0045,0.9901738166809082,False
0.1,B0045,0.9887286424636841,False
0.2,B0045,0.8801900148391724,False
0.01,B0045,0.9961971044540405,False
0.02,B0045,0.9963245987892151,False
0.05,B0045,0.9884328842163086,False
0.1,B0045,0.9887633919715881,False
0.2,B0045,0.9822731614112854,False
0.01,B0045,0.9942394495010376,False
0.02,B0045,0.9897758364677429,False
0.05,B0045,0.9897948503494263,False
0.1,B0045,0.9785287976264954,False
0.2,B0045,0.9762140512466431,False
0.01,B0045,0.992169976234436,False
0.02,B0045,0.9944058656692505,False
0.05,B0045,0.9885056614875793,False
0.1,B0045,0.9932601451873779,False
0.2,B0045,0.9774364829063416,False
0.01,B0045,0.9974450469017029,False
0.02,B0045,0.9937359690666199,False
0.05,B0045,0.9971330165863037,False
0.1,B0045,0.996301531791687,False
0.2,B0045,0.9938881397247314,False
0.01,B0045,0.9946537613868713,False
0.02,B0045,0.9968112707138062,False
0.05,B0045,0.9937461614608765,False
0.1,B0045,0.9845544099807739,False
0.2,B0045,0.9800043106079102,False
0.01,B0045,0.9963374733924866,False
0.02,B0045,0.9929128885269165,False
0.05,B0045,0.9929594397544861,False
0.1,B0045,0.9602484107017517,False
0.2,B0045,0.8686918020248413,False
0.01,B0045,0.9868569374084473,False
0.02,B0045,0.9960837960243225,False
0.05,B0045,0.981253981590271,False
0.1,B0045,0.9719073176383972,False
0.2,B0045,0.9522212743759155,False
0.01,B0045,0.9901227951049805,False
0.02,B0045,0.9905146360397339,False
0.05,B0045,0.9806323051452637,False
0.1,B0045,0.9823995232582092,False
0.2,B0045,0.8370758295059204,True
0.01,B0045,0.9953303337097168,False
0.02,B0045,0.9956550598144531,False
0.05,B0045,0.9982943534851074,False
0.1,B0045,0.9978755712509155,False
0.2,B0045,0.9833109378814697,False
0.01,B0045,0.9973031282424927,False
0.02,B0045,0.9970473647117615,False
0.05,B0045,0.9973431825637817,False
0.1,B0045,0.9959285855293274,False
0.2,B0045,0.9961307048797607,False
0.01,B0045,0.9943272471427917,False
0.02,B0045,0.9851269125938416,False
0.05,B0045,0.987371563911438,False
0.1,B0045,0.9855953454971313,False
0.2,B0045,0.9886643886566162,False
0.01,B0045,0.9920263290405273,False
0.02,B0045,0.9940856099128723,False
0.05,B0045,0.9880931377410889,False
0.1,B0045,0.9716646075248718,False
0.2,B0045,0.9684038162231445,False
0.01,B0045,0.991346001625061,False
0.02,B0045,0.9896745085716248,False
0.05,B0045,0.9933227300643921,False
0.1,B0045,0.9789377450942993,False
0.2,B0045,0.9679415822029114,False
0.01,B0045,0.9937568306922913,False
0.02,B0045,0.995559573173523,False
0.05,B0045,0.9920541048049927,False
0.1,B0045,0.9852381944656372,False
0.2,B0045,0.986784040927887,False
0.01,B0045,0.9961627721786499,False
0.02,B0045,0.9880778789520264,False
0.05,B0045,0.9931383728981018,False
0.1,B0045,0.9902292490005493,False
0.2,B0045,0.9569652080535889,False
0.01,B0045,0.9905906915664673,False
0.02,B0045,0.986701250076294,False
0.05,B0045,0.9754176139831543,False
0.1,B0045,0.9750258922576904,False
0.2,B0045,0.9677197337150574,False
0.01,B0045,0.9930511116981506,False
0.02,B0045,0.9956625699996948,False
0.05,B0045,0.9890438318252563,False
0.1,B0045,0.9834997653961182,False
0.2,B0045,0.9708309769630432,False
0.01,B0045,0.9918977618217468,False
0.02,B0045,0.9889352917671204,False
0.05,B0045,0.9893465042114258,False
0.1,B0045,0.9769787788391113,False
0.2,B0045,0.8861509561538696,False
0.01,B0045,0.9919370412826538,False
0.02,B0045,0.9871270060539246,False
0.05,B0045,0.9785804748535156,False
0.1,B0045,0.9851463437080383,False
0.2,B0045,0.9877961277961731,False
0.01,B0045,0.9939781427383423,False
0.02,B0045,0.9863874912261963,False
0.05,B0045,0.9935241937637329,False
0.1,B0045,0.950202226638794,False
0.2,B0045,0.9598564505577087,False
0.01,B0045,0.9944673776626587,False
0.02,B0045,0.9932940602302551,False
0.05,B0045,0.967731237411499,False
0.1,B0045,0.9737375378608704,False
0.2,B0045,0.8757435083389282,False
0.01,B0045,0.9904986619949341,False
0.02,B0045,0.9899085760116577,False
0.05,B0045,0.9848765730857849,False
0.1,B0045,0.9882113337516785,False
0.2,B0045,0.9611519575119019,False
0.01,B0045,0.9897356033325195,False
0.02,B0045,0.993671178817749,False
0.05,B0045,0.9911180734634399,False
0.1,B0045,0.9909286499023438,False
0.2,B0045,0.966619610786438,False
0.01,B0045,0.9925163984298706,False
0.02,B0045,0.9944652318954468,False
0.05,B0045,0.9929699301719666,False
0.1,B0045,0.9972620010375977,False
0.2,B0045,0.9961397051811218,False
0.01,B0045,0.9892893433570862,False
0.02,B0045,0.9880125522613525,False
0.05,B0045,0.9811219573020935,False
0.1,B0045,0.9921733140945435,False
0.2,B0045,0.9688832759857178,False
0.01,B0045,0.9909877777099609,False
0.02,B0045,0.9893020987510681,False
0.05,B0045,0.9813113212585449,False
0.1,B0045,0.9873875379562378,False
0.2,B0045,0.9552898406982422,False
0.01,B0045,0.9947290420532227,False
0.02,B0045,0.9914921522140503,False
0.05,B0045,0.9925078749656677,False
0.1,B0045,0.9920412302017212,False
0.2,B0045,0.9760340452194214,False
0.01,B0045,0.9949088096618652,False
0.02,B0045,0.9827284216880798,False
0.05,B0045,0.9813010692596436,False
0.1,B0045,0.9598881006240845,False
0.2,B0045,0.8878901600837708,False
0.01,B0045,0.9885988831520081,False
0.02,B0045,0.9930713176727295,False
0.05,B0045,0.9812973141670227,False
0.1,B0045,0.9806172847747803,False
0.2,B0045,0.9288617968559265,False
0.01,B0045,0.7981929779052734,True
0.02,B0045,0.8023623824119568,True
0.05,B0045,0.8128610253334045,True
0.1,B0045,0.8179769515991211,True
0.2,B0045,0.8168811798095703,True
0.01,B0045,0.9874439835548401,False
0.02,B0045,0.9865093231201172,False
0.05,B0045,0.9771485328674316,False
0.1,B0045,0.9531729817390442,False
0.2,B0045,0.948373556137085,False
0.01,B0045,0.9886770248413086,False
0.02,B0045,0.9907704591751099,False
0.05,B0045,0.9784418344497681,False
0.1,B0045,0.9619961977005005,False
0.2,B0045,0.951945424079895,False
0.01,B0045,0.9885499477386475,False
0.02,B0045,0.9902734160423279,False
0.05,B0045,0.9887643456459045,False
0.1,B0045,0.945583701133728,False
0.2,B0045,0.9511594772338867,False
0.01,B0045,0.9899811744689941,False
0.02,B0045,0.991005539894104,False
0.05,B0045,0.980880618095398,False
0.1,B0045,0.9588875770568848,False
0.2,B0045,0.9123814105987549,False
0.01,B0045,0.9859254360198975,False
0.02,B0045,0.9833439588546753,False
0.05,B0045,0.9825255274772644,False
0.1,B0045,0.9719569683074951,False
0.2,B0045,0.9689945578575134,False
0.01,B0045,0.9902154207229614,False
0.02,B0045,0.9891677498817444,False
0.05,B0045,0.9831398725509644,False
0.1,B0045,0.987226665019989,False
0.2,B0045,0.9615737795829773,False
0.01,B0048,0.997372031211853,False
0.02,B0048,0.9931379556655884,False
0.05,B0048,0.9897089600563049,False
0.1,B0048,0.9893648624420166,False
0.2,B0048,0.9430997967720032,False
0.01,B0048,0.9996342658996582,False
0.02,B0048,0.9992974400520325,False
0.05,B0048,0.9985638856887817,False
0.1,B0048,0.9953575730323792,False
0.2,B0048,0.9867081642150879,False
0.01,B0048,0.9994938373565674,False
0.02,B0048,0.9995057582855225,False
0.05,B0048,0.99730384349823,False
0.1,B0048,0.9970221519470215,False
0.2,B0048,0.9920942187309265,False
0.01,B0048,0.9980455636978149,False
0.02,B0048,0.9988356828689575,False
0.05,B0048,0.9934906959533691,False
0.1,B0048,0.9908565282821655,False
0.2,B0048,0.9573439359664917,False
0.01,B0048,0.9993289709091187,False
0.02,B0048,0.9988009929656982,False
0.05,B0048,0.9979685544967651,False
0.1,B0048,0.9968180656433105,False
0.2,B0048,0.9867593050003052,False
0.01,B0048,0.99997478723526,False
0.02,B0048,0.9990831017494202,False
0.05,B0048,0.998749852180481,False
0.1,B0048,0.9873229265213013,False
0.2,B0048,0.9930726289749146,False
0.01,B0048,0.9995940923690796,False
0.02,B0048,0.9968277812004089,False
0.05,B0048,0.9989068508148193,False
0.1,B0048,0.9998921155929565,False
0.2,B0048,0.9708133935928345,False
0.01,B0048,0.9997954368591309,False
0.02,B0048,0.9988285899162292,False
0.05,B0048,0.9971808195114136,False
0.1,B0048,0.993952751159668,False
0.2,B0048,0.9909249544143677,False
0.01,B0048,0.999923050403595,False
0.02,B0048,0.9936150908470154,False
0.05,B0048,0.9891192317008972,False
0.1,B0048,0.9861713647842407,False
0.2,B0048,0.9158139824867249,False
0.01,B0048,0.9992567300796509,False
0.02,B0048,0.9995659589767456,False
0.05,B0048,0.9959734082221985,False
0.1,B0048,0.9994156360626221,False
0.2,B0048,0.9683425426483154,False
0.01,B0048,0.9956661462783813,False
0.02,B0048,0.9982509016990662,False
0.05,B0048,0.9934226870536804,False
0.1,B0048,0.9917320609092712,False
0.2,B0048,0.929284393787384,False
0.01,B0048,0.9992968440055847,False
0.02,B0048,0.9987716674804688,False
0.05,B0048,0.9967042207717896,False
0.1,B0048,0.9923338890075684,False
0.2,B0048,0.9845813512802124,False
0.01,B0048,0.9994680881500244,False
0.02,B0048,0.9997426867485046,False
0.05,B0048,0.9977796673774719,False
0.1,B0048,0.9962304830551147,False
0.2,B0048,0.9922871589660645,False
0.01,B0048,0.9988861083984375,False
0.02,B0048,0.9986947178840637,False
0.05,B0048,0.99824059009552,False
0.1,B0048,0.993561327457428,False
0.2,B0048,0.9914084672927856,False
0.01,B0048,0.9948083162307739,False
0.02,B0048,0.9950060844421387,False
0.05,B0048,0.9964343309402466,False
0.1,B0048,0.9823023676872253,False
0.2,B0048,0.9527536034584045,False
0.01,B0048,0.999206006526947,False
0.02,B0048,0.9988051652908325,False
0.05,B0048,0.9967974424362183,False
0.1,B0048,0.9957120418548584,False
0.2,B0048,0.9928240180015564,False
0.01,B0048,0.9984761476516724,False
0.02,B0048,0.9946744441986084,False
0.05,B0048,0.9924081563949585,False
0.1,B0048,0.9900920987129211,False
0.2,B0048,0.9678914546966553,False
0.01,B0048,0.9986714124679565,False
0.02,B0048,0.997427225112915,False
0.05,B0048,0.9963510036468506,False
0.1,B0048,0.9961513876914978,False
0.2,B0048,0.982158362865448,False
0.01,B0048,0.9952946901321411,False
0.02,B0048,0.9968385100364685,False
0.05,B0048,0.997003436088562,False
0.1,B0048,0.9637839794158936,False
0.2,B0048,0.970742404460907,False
0.01,B0048,0.9913535118103027,False
0.02,B0048,0.9915972948074341,False
0.05,B0048,0.991827666759491,False
0.1,B0048,0.9917274117469788,False
0.2,B0048,0.98349529504776,False
0.01,B0048,0.996475100517273,False
0.02,B0048,0.9951786398887634,False
0.05,B0048,0.9980868101119995,False
0.1,B0048,0.9918489456176758,False
0.2,B0048,0.9846050143241882,False
0.01,B0048,0.998161256313324,False
0.02,B0048,0.9993032813072205,False
0.05,B0048,0.9965073466300964,False
0.1,B0048,0.9960232377052307,False
0.2,B0048,0.9756040573120117,False
0.01,B0048,0.998866081237793,False
0.02,B0048,0.9967149496078491,False
0.05,B0048,0.9971976280212402,False
0.1,B0048,0.992521345615387,False
0.2,B0048,0.9875529408454895,False
0.01,B0048,0.9987170696258545,False
0.02,B0048,0.9952790141105652,False
0.05,B0048,0.9874939918518066,False
0.1,B0048,0.9729521870613098,False
0.2,B0048,0.9403035640716553,False
0.01,B0048,0.9960052371025085,False
0.02,B0048,0.9955592155456543,False
0.05,B0048,0.989137589931488,False
0.1,B0048,0.9810784459114075,False
0.2,B0048,0.9382425546646118,False
0.01,B0048,0.9978830218315125,False
0.02,B0048,0.9939844608306885,False
0.05,B0048,0.9967079758644104,False
0.1,B0048,0.9797171354293823,False
0.2,B0048,0.920043408870697,False
0.01,B0048,0.9964960217475891,False
0.02,B0048,0.9929876327514648,False
0.05,B0048,0.9905268549919128,False
0.1,B0048,0.9897363185882568,False
0.2,B0048,0.9264785051345825,False
0.01,B0048,0.996545672416687,False
0.02,B0048,0.9951897263526917,False
0.05,B0048,0.9952312707901001,False
0.1,B0048,0.9909146428108215,False
0.2,B0048,0.9922082424163818,False
0.01,B0048,0.9970561861991882,False
0.02,B0048,0.999078094959259,False
0.05,B0048,0.9915564656257629,False
0.1,B0048,0.9969114661216736,False
0.2,B0048,0.9989882111549377,False
0.01,B0048,0.997503936290741,False
0.02,B0048,0.9977768659591675,False
0.05,B0048,0.9969828128814697,False
0.1,B0048,0.9996449947357178,False
0.2,B0048,0.943795382976532,False
0.01,B0048,0.9969276189804077,False
0.02,B0048,0.9960930347442627,False
0.05,B0048,0.9986820816993713,False
0.1,B0048,0.9914343953132629,False
0.2,B0048,0.9852170348167419,False
0.01,B0048,0.9969849586486816,False
0.02,B0048,0.998386025428772,False
0.05,B0048,0.9906434416770935,False
0.1,B0048,0.9913626909255981,False
0.2,B0048,0.987352728843689,False
0.01,B0048,0.9957630634307861,False
0.02,B0048,0.9967350959777832,False
0.05,B0048,0.9948816299438477,False
0.1,B0048,0.9900792837142944,False
0.2,B0048,0.9832619428634644,False
0.01,B0048,0.9975785613059998,False
0.02,B0048,0.9964621067047119,False
0.05,B0048,0.9892673492431641,False
0.1,B0048,0.9854047298431396,False
0.2,B0048,0.885549783706665,False
0.01,B0048,0.9950338006019592,False
0.02,B0048,0.9968329071998596,False
0.05,B0048,0.9952121376991272,False
0.1,B0048,0.9733583927154541,False
0.2,B0048,0.9590747952461243,False
0.01,B0048,0.9945122003555298,False
0.02,B0048,0.9976166486740112,False
0.05,B0048,0.9942084550857544,False
0.1,B0048,0.984279990196228,False
0.2,B0048,0.9582133889198303,False
0.01,B0048,0.9978525042533875,False
0.02,B0048,0.9969822764396667,False
0.05,B0048,0.9984686970710754,False
0.1,B0048,0.9952042102813721,False
0.2,B0048,0.9813269376754761,False
0.01,B0048,0.99847412109375,False
0.02,B0048,0.9963527321815491,False
0.05,B0048,0.9952400922775269,False
0.1,B0048,0.9916688203811646,False
0.2,B0048,0.9879995584487915,False
0.01,B0048,0.9967669248580933,False
0.02,B0048,0.9936357736587524,False
0.05,B0048,0.9930042028427124,False
0.1,B0048,0.9809364676475525,False
0.2,B0048,0.9601638317108154,False
0.01,B0048,0.9975836277008057,False
0.02,B0048,0.9984461665153503,False
0.05,B0048,0.9988613128662109,False
0.1,B0048,0.9809691905975342,False
0.2,B0048,0.9764739274978638,False
0.01,B0048,0.9970232248306274,False
0.02,B0048,0.9962130784988403,False
0.05,B0048,0.9949368834495544,False
0.1,B0048,0.9916455745697021,False
0.2,B0048,0.9842034578323364,False
0.01,B0048,0.9961180686950684,False
0.02,B0048,0.9956404566764832,False
0.05,B0048,0.9898867607116699,False
0.1,B0048,0.9817098379135132,False
0.2,B0048,0.960529088973999,False
0.01,B0048,0.9973985552787781,False
0.02,B0048,0.9985448122024536,False
0.05,B0048,0.9988561272621155,False
0.1,B0048,0.9909777641296387,False
0.2,B0048,0.9832131862640381,False
0.01,B0048,0.9966294169425964,False
0.02,B0048,0.9955270290374756,False
0.05,B0048,0.9942141771316528,False
0.1,B0048,0.9911686778068542,False
0.2,B0048,0.9774187803268433,False
0.01,B0048,0.9919761419296265,False
0.02,B0048,0.9923547506332397,False
0.05,B0048,0.9935756325721741,False
0.1,B0048,0.9813770055770874,False
0.2,B0048,0.9301539063453674,False
0.01,B0048,0.9959109425544739,False
0.02,B0048,0.9901140928268433,False
0.05,B0048,0.9912279844284058,False
0.1,B0048,0.9968208074569702,False
0.2,B0048,0.9404143691062927,False
0.01,B0048,0.9924366474151611,False
0.02,B0048,0.9948618412017822,False
0.05,B0048,0.9915021657943726,False
0.1,B0048,0.9803451299667358,False
0.2,B0048,0.9340344071388245,False
0.01,B0048,0.9922665953636169,False
0.02,B0048,0.9901731014251709,False
0.05,B0048,0.9928703308105469,False
0.1,B0048,0.9776533842086792,False
0.2,B0048,0.9096174240112305,False
0.01,B0048,0.9970235824584961,False
0.02,B0048,0.9972001910209656,False
0.05,B0048,0.9972596168518066,False
0.1,B0048,0.9918592572212219,False
0.2,B0048,0.9927528500556946,False
0.01,B0048,0.9952675104141235,False
0.02,B0048,0.9946078062057495,False
0.05,B0048,0.9949501752853394,False
0.1,B0048,0.9906612038612366,False
0.2,B0048,0.989272952079773,False
0.01,B0048,0.9958104491233826,False
0.02,B0048,0.9939027428627014,False
0.05,B0048,0.9973675012588501,False
0.1,B0048,0.9775997996330261,False
0.2,B0048,0.9646862745285034,False
0.01,B0048,0.9949653148651123,False
0.02,B0048,0.9945066571235657,False
0.05,B0048,0.9860979318618774,False
0.1,B0048,0.9859859347343445,False
0.2,B0048,0.9710792303085327,False
0.01,B0048,0.9963580369949341,False
0.02,B0048,0.993302583694458,False
0.05,B0048,0.9902691841125488,False
0.1,B0048,0.9886534214019775,False
0.2,B0048,0.935581624507904,False
0.01,B0048,0.9986932277679443,False
0.02,B0048,0.9976149797439575,False
0.05,B0048,0.9972167015075684,False
0.1,B0048,0.9988501071929932,False
0.2,B0048,0.9975036978721619,False
0.01,B0048,0.9967159032821655,False
0.02,B0048,0.9951218962669373,False
0.05,B0048,0.9988591074943542,False
0.1,B0048,0.9920949935913086,False
0.2,B0048,0.98536217212677,False
0.01,B0048,0.9968749284744263,False
0.02,B0048,0.9917924404144287,False
0.05,B0048,0.9931375980377197,False
0.1,B0048,0.9932581186294556,False
0.2,B0048,0.9608761668205261,False
0.01,B0048,0.9982906579971313,False
0.02,B0048,0.9979432821273804,False
0.05,B0048,0.9958564639091492,False
0.1,B0048,0.9962704181671143,False
0.2,B0048,0.9895728826522827,False
0.01,B0048,0.9975459575653076,False
0.02,B0048,0.9973528385162354,False
0.05,B0048,0.996881365776062,False
0.1,B0048,0.9906127452850342,False
0.2,B0048,0.8793166875839233,False
0.01,B0048,0.9980280995368958,False
0.02,B0048,0.9977658987045288,False
0.05,B0048,0.996684730052948,False
0.1,B0048,0.9934706091880798,False
0.2,B0048,0.9868086576461792,False
0.01,B0048,0.9975830912590027,False
0.02,B0048,0.9976345300674438,False
0.05,B0048,0.995628833770752,False
0.1,B0048,0.9946382641792297,False
0.2,B0048,0.9745084047317505,False
0.01,B0048,0.9978777766227722,False
0.02,B0048,0.9969969391822815,False
0.05,B0048,0.9900087118148804,False
0.1,B0048,0.9833265542984009,False
0.2,B0048,0.8896597027778625,False
0.01,B0048,0.9973389506340027,False
0.02,B0048,0.9978474378585815,False
0.05,B0048,0.9955888986587524,False
0.1,B0048,0.997803807258606,False
0.2,B0048,0.9769344329833984,False
0.01,B0048,0.9976761937141418,False
0.02,B0048,0.9966380000114441,False
0.05,B0048,0.9955191016197205,False
0.1,B0048,0.9932078123092651,False
0.2,B0048,0.98554527759552,False
0.01,B0048,0.9972324371337891,False
0.02,B0048,0.9966164231300354,False
0.05,B0048,0.9951918125152588,False
0.1,B0048,0.9983806014060974,False
0.2,B0048,0.9942286014556885,False
0.01,B0048,0.9954211115837097,False
0.02,B0048,0.9986971616744995,False
0.05,B0048,0.9909763932228088,False
0.1,B0048,0.9855169057846069,False
0.2,B0048,0.8990030884742737,False
0.01,B0048,0.9920642971992493,False
0.02,B0048,0.9919722080230713,False
0.05,B0048,0.9913597106933594,False
0.1,B0048,0.9883095026016235,False
0.2,B0048,0.9911359548568726,False
0.01,B0048,0.9981184601783752,False
0.02,B0048,0.99912428855896,False
0.05,B0048,0.992152750492096,False
0.1,B0048,0.981082022190094,False
0.2,B0048,0.9141018390655518,False
0.01,B0048,0.9969527721405029,False
0.02,B0048,0.9978671073913574,False
0.05,B0048,0.9968376159667969,False
0.1,B0048,0.9871792793273926,False
0.2,B0048,0.9219859838485718,False
0.01,B0048,0.9981560707092285,False
0.02,B0048,0.9986481070518494,False
0.05,B0048,0.997696578502655,False
0.1,B0048,0.9907300472259521,False
0.2,B0048,0.9947333335876465,False
0.01,B0048,0.999111533164978,False
0.02,B0048,0.9976416826248169,False
0.05,B0048,0.9993710517883301,False
0.1,B0048,0.9942519664764404,False
0.2,B0048,0.9634658098220825,False
0.01,B0048,0.9980142116546631,False
0.02,B0048,0.9972562789916992,False
0.05,B0048,0.994810938835144,False
0.1,B0048,0.9932171106338501,False
0.2,B0048,0.979931652545929,False
0.01,B0048,0.9981201887130737,False
0.02,B0048,0.9981293678283691,False
0.05,B0048,0.9970148801803589,False
0.1,B0048,0.9975323677062988,False
0.2,B0048,0.9984521269798279,False
0.01,B0050,0.904255747795105,False
0.02,B0050,0.8933921456336975,False
0.05,B0050,0.9192273616790771,False
0.1,B0050,0.869635283946991,False
0.2,B0050,0.7627848386764526,True
0.01,B0050,0.979403555393219,False
0.02,B0050,0.9787318706512451,False
0.05,B0050,0.9733904004096985,False
0.1,B0050,0.9804972410202026,False
0.2,B0050,0.9731718301773071,False
0.01,B0050,0.9787431955337524,False
0.02,B0050,0.9686098098754883,False
0.05,B0050,0.9581421613693237,False
0.1,B0050,0.9046295881271362,False
0.2,B0050,0.8544895648956299,False
0.01,B0050,0.9726772308349609,False
0.02,B0050,0.9716057777404785,False
0.05,B0050,0.9732017517089844,False
0.1,B0050,0.9759154915809631,False
0.2,B0050,0.9621493816375732,False
0.01,B0050,0.5812946557998657,True
0.02,B0050,0.5823698043823242,True
0.05,B0050,0.5961270332336426,True
0.1,B0050,0.6157063245773315,True
0.2,B0050,0.5854527354240417,True
0.01,B0050,0.9328895211219788,False
0.02,B0050,0.9224908947944641,False
0.05,B0050,0.9136945605278015,False
0.1,B0050,0.9071440696716309,False
0.2,B0050,0.903835117816925,False
0.01,B0050,0.9779986143112183,False
0.02,B0050,0.9764423370361328,False
0.05,B0050,0.981952428817749,False
0.1,B0050,0.9851050972938538,False
0.2,B0050,0.974940836429596,False
0.01,B0050,0.9776347875595093,False
0.02,B0050,0.9752412438392639,False
0.05,B0050,0.9782313704490662,False
0.1,B0050,0.9798321723937988,False
0.2,B0050,0.9670827388763428,False
0.01,B0050,0.9775125980377197,False
0.02,B0050,0.9701464772224426,False
0.05,B0050,0.980212926864624,False
0.1,B0050,0.9838062524795532,False
0.2,B0050,0.9777825474739075,False
0.01,B0050,0.9356138706207275,False
0.02,B0050,0.915037989616394,False
0.05,B0050,0.9273133277893066,False
0.1,B0050,0.8936929106712341,False
0.2,B0050,0.9161098003387451,False
0.01,B0050,0.8630586266517639,False
0.02,B0050,0.8615156412124634,False
0.05,B0050,0.8562771081924438,False
0.1,B0050,0.8505421876907349,False
0.2,B0050,0.8601260185241699,False
0.01,B0050,0.9704362154006958,False
0.02,B0050,0.981061577796936,False
0.05,B0050,0.9671258330345154,False
0.1,B0050,0.9133955240249634,False
0.2,B0050,0.8880670070648193,False
0.01,B0050,0.8950053453445435,False
0.02,B0050,0.8835034370422363,False
0.05,B0050,0.9265561103820801,False
0.1,B0050,0.8977872729301453,False
0.2,B0050,0.9096870422363281,False
0.01,B0050,0.7949773073196411,True
0.02,B0050,0.7897135615348816,True
0.05,B0050,0.7891868352890015,True
0.1,B0050,0.7727543115615845,True
0.2,B0050,0.8004605770111084,True
0.01,B0050,0.8784662485122681,False
0.02,B0050,0.8659408092498779,False
0.05,B0050,0.848828136920929,False
0.1,B0050,0.8484460115432739,False
0.2,B0050,0.7666978240013123,True
0.01,B0050,0.8712455630302429,False
0.02,B0050,0.8717293739318848,False
0.05,B0050,0.8553712964057922,False
0.1,B0050,0.8449859619140625,True
0.2,B0050,0.8763852119445801,False
0.01,B0050,0.8407806158065796,True
0.02,B0050,0.8445395231246948,True
0.05,B0050,0.860923707485199,False
0.1,B0050,0.8651858568191528,False
0.2,B0050,0.8712121248245239,False
0.01,B0050,0.8103083372116089,True
0.02,B0050,0.8099404573440552,True
0.05,B0050,0.8082627654075623,True
0.1,B0050,0.8051726818084717,True
0.2,B0050,0.7516058683395386,True
0.01,B0050,0.9727380871772766,False
0.02,B0050,0.972093939781189,False
0.05,B0050,0.9757534861564636,False
0.1,B0050,0.9772145748138428,False
0.2,B0050,0.9716524481773376,False
0.01,B0050,0.8069838881492615,True
0.02,B0050,0.8170044422149658,True
0.05,B0050,0.8145500421524048,True
0.1,B0050,0.7846617698669434,True
0.2,B0050,0.7647684216499329,True
0.01,B0050,0.8664954900741577,False
0.02,B0050,0.8629794120788574,False
0.05,B0050,0.8577572107315063,False
0.1,B0050,0.8535064458847046,False
0.2,B0050,0.8100615739822388,True
